branch,ctype,mean_abs_shap,relative_contribution,class
within_layer__clr_false__thickness_absolute,Pvalb,0.02430465354003488,0.07741428256168163,Inhibitory
within_layer__clr_false__thickness_absolute,Chandelier,0.023966174081059333,0.076336170321353,Inhibitory
within_layer__clr_false__thickness_absolute,L5/6 NP,0.023141454472947402,0.07370930396132157,Excitatory
within_layer__clr_false__thickness_absolute,Oligo,0.02154381360823543,0.06862055743263007,Non-neuron
within_layer__clr_false__thickness_absolute,L6b,0.020485385418882052,0.06524929115282554,Excitatory
within_layer__clr_false__thickness_absolute,Lamp5_Lhx6,0.017985756436603332,0.05728756546869897,Inhibitory
within_layer__clr_false__thickness_absolute,L5 IT,0.015473022937203092,0.04928409976183936,Excitatory
within_layer__clr_false__thickness_absolute,L5 ET,0.01495450640899874,0.047632540114581116,Excitatory
within_layer__clr_false__thickness_absolute,Pax6,0.014786140113579656,0.04709626602427298,Inhibitory
within_layer__clr_false__thickness_absolute,Sncg,0.01475884006573694,0.04700931092268463,Inhibitory
within_layer__clr_false__thickness_absolute,Lamp5,0.014319546451498777,0.04561008916771668,Inhibitory
within_layer__clr_false__thickness_absolute,Micro-PVM,0.013964268357301418,0.04447847053645885,Non-neuron
within_layer__clr_false__thickness_absolute,L6 IT,0.013825068264760246,0.044035095555661694,Excitatory
within_layer__clr_false__thickness_absolute,Vip,0.013488206416081795,0.0429621356677584,Inhibitory
within_layer__clr_false__thickness_absolute,L6 CT,0.012980481364905963,0.04134494863357065,Excitatory
within_layer__clr_false__thickness_absolute,Astro,0.011965332032995811,0.03811153256806922,Non-neuron
within_layer__clr_false__thickness_absolute,OPC,0.010656934654963488,0.03394407368374018,Non-neuron
within_layer__clr_false__thickness_absolute,L2/3 IT,0.008356726715851545,0.02661753652262746,Excitatory
within_layer__clr_false__thickness_absolute,Endo,0.006019604675652396,0.019173421933497994,Non-neuron
within_layer__clr_false__thickness_absolute,L4 IT,0.0059915122095921735,0.01908394285074299,Excitatory
within_layer__clr_false__thickness_absolute,Sst,0.004987017331346897,0.015884462956567535,Inhibitory
within_layer__clr_false__thickness_absolute,L6 IT Car3,0.0047741519346799245,0.015206451976569927,Excitatory
within_layer__clr_false__thickness_absolute,VLMC,0.0012270801389209114,0.003908450225129794,Non-neuron
within_layer__clr_true__thickness_absolute,L5/6 NP,0.0290150701956167,0.10035464391146194,Excitatory
within_layer__clr_true__thickness_absolute,L6b,0.02409291187525013,0.08333033750151746,Excitatory
within_layer__clr_true__thickness_absolute,Pvalb,0.021719381801088938,0.07512099098607886,Inhibitory
within_layer__clr_true__thickness_absolute,Sncg,0.018783340391034874,0.06496608223594272,Inhibitory
within_layer__clr_true__thickness_absolute,Chandelier,0.015445776993365948,0.05342242633413506,Inhibitory
within_layer__clr_true__thickness_absolute,L6 CT,0.014179337436821175,0.0490421822101129,Excitatory
within_layer__clr_true__thickness_absolute,Oligo,0.014093154579203829,0.048744100905151334,Non-neuron
within_layer__clr_true__thickness_absolute,L5 IT,0.014087018304117717,0.04872287732385176,Excitatory
within_layer__clr_true__thickness_absolute,L6 IT,0.013799184895931257,0.04772734572631875,Excitatory
within_layer__clr_true__thickness_absolute,Lamp5,0.013114082263718145,0.04535777604287409,Inhibitory
within_layer__clr_true__thickness_absolute,L4 IT,0.012778156829239556,0.04419590818832054,Excitatory
within_layer__clr_true__thickness_absolute,L5 ET,0.012049607850336994,0.041676070295222106,Excitatory
within_layer__clr_true__thickness_absolute,Lamp5_Lhx6,0.011438745678356422,0.03956327665609614,Inhibitory
within_layer__clr_true__thickness_absolute,Endo,0.010339314179668374,0.03576066457168519,Non-neuron
within_layer__clr_true__thickness_absolute,Micro-PVM,0.010098845406077766,0.03492895339598184,Non-neuron
within_layer__clr_true__thickness_absolute,Pax6,0.009403667654391872,0.032524536820207096,Inhibitory
within_layer__clr_true__thickness_absolute,Vip,0.00910949353338445,0.03150707455102648,Inhibitory
within_layer__clr_true__thickness_absolute,Sst,0.0088278859547476,0.0305330762774969,Inhibitory
within_layer__clr_true__thickness_absolute,L6 IT Car3,0.008603556361433397,0.029757185807335267,Excitatory
within_layer__clr_true__thickness_absolute,Astro,0.006273396001795821,0.021697842453295764,Non-neuron
within_layer__clr_true__thickness_absolute,L2/3 IT,0.005539054562820326,0.019157970134498156,Excitatory
within_layer__clr_true__thickness_absolute,OPC,0.005397062415319925,0.018666860814253287,Non-neuron
within_layer__clr_true__thickness_absolute,VLMC,0.0009372913898646227,0.003241816857136307,Non-neuron
within_layer__clr_false__thickness_relative,L5 IT,0.012519966348323622,0.10036078241769784,Excitatory
within_layer__clr_false__thickness_relative,Oligo,0.009553478248463483,0.07658124032854384,Non-neuron
within_layer__clr_false__thickness_relative,L5/6 NP,0.009446922240925302,0.07572708114070627,Excitatory
within_layer__clr_false__thickness_relative,L5 ET,0.009249761568071736,0.07414662965712596,Excitatory
within_layer__clr_false__thickness_relative,Pvalb,0.007868578349422005,0.06307498420462507,Inhibitory
within_layer__clr_false__thickness_relative,Sncg,0.007571956467520607,0.06069724585281071,Inhibitory
within_layer__clr_false__thickness_relative,Lamp5_Lhx6,0.0070062623614814395,0.056162608816923414,Inhibitory
within_layer__clr_false__thickness_relative,Lamp5,0.0061110729530591545,0.048986718168197656,Inhibitory
within_layer__clr_false__thickness_relative,L6b,0.0060089298986499935,0.04816793347071247,Excitatory
within_layer__clr_false__thickness_relative,L4 IT,0.005576846139691634,0.04470432479057834,Excitatory
within_layer__clr_false__thickness_relative,L2/3 IT,0.0050954473772467325,0.040845404158547184,Excitatory
within_layer__clr_false__thickness_relative,Chandelier,0.004992282776876232,0.04001843068889574,Inhibitory
within_layer__clr_false__thickness_relative,Vip,0.004933089297942026,0.03954393230011549,Inhibitory
within_layer__clr_false__thickness_relative,Astro,0.004222971309265435,0.03385158497507599,Non-neuron
within_layer__clr_false__thickness_relative,OPC,0.00416894442923871,0.0334185023452816,Non-neuron
within_layer__clr_false__thickness_relative,Pax6,0.00394926989325901,0.031657578418268065,Inhibitory
within_layer__clr_false__thickness_relative,L6 IT,0.003434119978971958,0.02752810657929774,Excitatory
within_layer__clr_false__thickness_relative,Micro-PVM,0.0026600055790014965,0.021322760278806707,Non-neuron
within_layer__clr_false__thickness_relative,Sst,0.002449766224490809,0.01963746931821962,Inhibitory
within_layer__clr_false__thickness_relative,L6 CT,0.0021486075833147033,0.017223364038748825,Excitatory
within_layer__clr_false__thickness_relative,L6 IT Car3,0.00201193150017167,0.016127760563436146,Excitatory
within_layer__clr_false__thickness_relative,Endo,0.0019229200099674841,0.015414239252553913,Non-neuron
within_layer__clr_false__thickness_relative,VLMC,0.0018464583649782421,0.014801318234831525,Non-neuron
within_layer__clr_true__thickness_relative,L5/6 NP,0.007196835445896734,0.09307328254637538,Excitatory
within_layer__clr_true__thickness_relative,Sncg,0.006463319738831873,0.08358706945048243,Inhibitory
within_layer__clr_true__thickness_relative,L6b,0.005760868801372817,0.07450260238595215,Excitatory
within_layer__clr_true__thickness_relative,Pvalb,0.005308139942009987,0.06864767331870507,Inhibitory
within_layer__clr_true__thickness_relative,L5 ET,0.0045457473673240385,0.058788009297143944,Excitatory
within_layer__clr_true__thickness_relative,Lamp5_Lhx6,0.00364472423408956,0.04713550156776875,Inhibitory
within_layer__clr_true__thickness_relative,L4 IT,0.0036054008556792813,0.04662695083919198,Excitatory
within_layer__clr_true__thickness_relative,Oligo,0.00347747133050673,0.04497249855500127,Non-neuron
within_layer__clr_true__thickness_relative,Pax6,0.0033728366568423897,0.04361930761165944,Inhibitory
within_layer__clr_true__thickness_relative,Vip,0.0033282348120396866,0.04304249296380218,Inhibitory
within_layer__clr_true__thickness_relative,Sst,0.003194289849539947,0.04131024586240294,Inhibitory
within_layer__clr_true__thickness_relative,L6 IT,0.0031771604907957552,0.041088719935039215,Excitatory
within_layer__clr_true__thickness_relative,Lamp5,0.003109239499146803,0.040210329746171246,Inhibitory
within_layer__clr_true__thickness_relative,Chandelier,0.0027190017078286954,0.03516356822373962,Inhibitory
within_layer__clr_true__thickness_relative,L5 IT,0.00247132939062289,0.03196053881845367,Excitatory
within_layer__clr_true__thickness_relative,OPC,0.002422765080681412,0.0313324794755893,Non-neuron
within_layer__clr_true__thickness_relative,Micro-PVM,0.0023491373647492445,0.030380286909882384,Non-neuron
within_layer__clr_true__thickness_relative,Astro,0.0023367255017888644,0.03021977013317923,Non-neuron
within_layer__clr_true__thickness_relative,Endo,0.0023117481863129973,0.029896750278409483,Non-neuron
within_layer__clr_true__thickness_relative,L6 CT,0.0021558913095575303,0.027881126712175547,Excitatory
within_layer__clr_true__thickness_relative,L6 IT Car3,0.0020136339361367414,0.026041379116133554,Excitatory
within_layer__clr_true__thickness_relative,VLMC,0.0013694126270691544,0.017709968404856374,Non-neuron
within_layer__clr_true__thickness_relative,L2/3 IT,0.000990482830215964,0.012809447847884937,Excitatory
within_region_cross_layer__clr_false__thickness_absolute,L6b,0.03423826132272217,0.10163767596474464,Excitatory
within_region_cross_layer__clr_false__thickness_absolute,Oligo,0.024357442084537936,0.0723060608301202,Non-neuron
within_region_cross_layer__clr_false__thickness_absolute,L6 IT,0.022505105032257472,0.06680732269845495,Excitatory
within_region_cross_layer__clr_false__thickness_absolute,Vip,0.022391519747372524,0.06647014014497528,Inhibitory
within_region_cross_layer__clr_false__thickness_absolute,L6 CT,0.021539070000681504,0.06393960828432524,Excitatory
within_region_cross_layer__clr_false__thickness_absolute,Sst,0.018320936257121796,0.05438644693783876,Inhibitory
within_region_cross_layer__clr_false__thickness_absolute,Lamp5_Lhx6,0.01816510336383842,0.0539238506347469,Inhibitory
within_region_cross_layer__clr_false__thickness_absolute,Chandelier,0.01811884582230238,0.05378653323497446,Inhibitory
within_region_cross_layer__clr_false__thickness_absolute,L4 IT,0.017703868474252617,0.0525546560424898,Excitatory
within_region_cross_layer__clr_false__thickness_absolute,Sncg,0.016347626471043233,0.04852859630912096,Inhibitory
within_region_cross_layer__clr_false__thickness_absolute,Pvalb,0.014181464963381685,0.04209825747480358,Inhibitory
within_region_cross_layer__clr_false__thickness_absolute,Astro,0.012562407073740975,0.037292018057317224,Non-neuron
within_region_cross_layer__clr_false__thickness_absolute,Lamp5,0.012544660980763234,0.03723933805611299,Inhibitory
within_region_cross_layer__clr_false__thickness_absolute,L5/6 NP,0.012268486881395278,0.03641950397175816,Excitatory
within_region_cross_layer__clr_false__thickness_absolute,Micro-PVM,0.011828354576452415,0.03511295326318841,Non-neuron
within_region_cross_layer__clr_false__thickness_absolute,L5 IT,0.010918537393864208,0.032412123827971484,Excitatory
within_region_cross_layer__clr_false__thickness_absolute,L5 ET,0.010001882250062285,0.029690995625841484,Excitatory
within_region_cross_layer__clr_false__thickness_absolute,Pax6,0.00980051051927398,0.0290932154252231,Inhibitory
within_region_cross_layer__clr_false__thickness_absolute,L6 IT Car3,0.008085983097173566,0.024003570804616646,Excitatory
within_region_cross_layer__clr_false__thickness_absolute,OPC,0.008013986686786828,0.023789846522284126,Non-neuron
within_region_cross_layer__clr_false__thickness_absolute,L2/3 IT,0.00718571879454537,0.02133109948340423,Excitatory
within_region_cross_layer__clr_false__thickness_absolute,Endo,0.005103033083718644,0.015148561958552461,Non-neuron
within_region_cross_layer__clr_false__thickness_absolute,VLMC,0.0006830374172411099,0.002027624447134995,Non-neuron
within_region_cross_layer__clr_true__thickness_absolute,L6b,0.026751670050322546,0.09203289269909859,Excitatory
within_region_cross_layer__clr_true__thickness_absolute,L6 CT,0.025624248756369223,0.08815426221442595,Excitatory
within_region_cross_layer__clr_true__thickness_absolute,L4 IT,0.02375965026575309,0.08173954520831116,Excitatory
within_region_cross_layer__clr_true__thickness_absolute,L6 IT,0.0208677541038996,0.07179064973150004,Excitatory
within_region_cross_layer__clr_true__thickness_absolute,Pvalb,0.020390015116916176,0.07014709997013883,Inhibitory
within_region_cross_layer__clr_true__thickness_absolute,L5 ET,0.016058029251522037,0.05524391113841864,Excitatory
within_region_cross_layer__clr_true__thickness_absolute,Lamp5_Lhx6,0.01565795561790939,0.05386755094390558,Inhibitory
within_region_cross_layer__clr_true__thickness_absolute,Vip,0.014692629276745674,0.05054657040666011,Inhibitory
within_region_cross_layer__clr_true__thickness_absolute,L5/6 NP,0.014124023826639976,0.048590415733727105,Excitatory
within_region_cross_layer__clr_true__thickness_absolute,Sst,0.013693290650137312,0.04710857851980955,Inhibitory
within_region_cross_layer__clr_true__thickness_absolute,Oligo,0.013568322806075181,0.0466786557463239,Non-neuron
within_region_cross_layer__clr_true__thickness_absolute,L5 IT,0.01122046157209917,0.03860138578103131,Excitatory
within_region_cross_layer__clr_true__thickness_absolute,Sncg,0.010237112778902291,0.035218403193408326,Inhibitory
within_region_cross_layer__clr_true__thickness_absolute,Micro-PVM,0.00971440291072758,0.03342014158506799,Non-neuron
within_region_cross_layer__clr_true__thickness_absolute,Chandelier,0.008733105835665778,0.030044217456024192,Inhibitory
within_region_cross_layer__clr_true__thickness_absolute,Astro,0.008129809241411852,0.02796871597816286,Non-neuron
within_region_cross_layer__clr_true__thickness_absolute,Lamp5,0.00792492515817234,0.027263859989244594,Inhibitory
within_region_cross_layer__clr_true__thickness_absolute,Pax6,0.006193863633364704,0.02130854582498971,Inhibitory
within_region_cross_layer__clr_true__thickness_absolute,VLMC,0.006190441143221309,0.021296771544448034,Non-neuron
within_region_cross_layer__clr_true__thickness_absolute,L2/3 IT,0.005257417450081697,0.018086920747286333,Excitatory
within_region_cross_layer__clr_true__thickness_absolute,L6 IT Car3,0.004444378738241949,0.01528985034434681,Excitatory
within_region_cross_layer__clr_true__thickness_absolute,OPC,0.00436960788126697,0.015032618618474993,Non-neuron
within_region_cross_layer__clr_true__thickness_absolute,Endo,0.0030719813455102082,0.010568436625195469,Non-neuron
within_region_cross_layer__clr_false__thickness_relative,Chandelier,0.0054567508254875045,0.07824369771441046,Inhibitory
within_region_cross_layer__clr_false__thickness_relative,L6 CT,0.004452065400312951,0.06383763351623284,Excitatory
within_region_cross_layer__clr_false__thickness_relative,L5/6 NP,0.004248065711236545,0.06091250636339056,Excitatory
within_region_cross_layer__clr_false__thickness_relative,Pax6,0.004187754513913053,0.06004771131536821,Inhibitory
within_region_cross_layer__clr_false__thickness_relative,Lamp5_Lhx6,0.004073483524345347,0.0584091932574242,Inhibitory
within_region_cross_layer__clr_false__thickness_relative,Pvalb,0.0036527371360362765,0.052376161097055444,Inhibitory
within_region_cross_layer__clr_false__thickness_relative,L5 IT,0.0035449967067916806,0.05083128396283485,Excitatory
within_region_cross_layer__clr_false__thickness_relative,Sst,0.003525072284446598,0.05054559005285801,Inhibitory
within_region_cross_layer__clr_false__thickness_relative,L4 IT,0.0034344071755376265,0.049245553895520024,Excitatory
within_region_cross_layer__clr_false__thickness_relative,Oligo,0.0034242485609670046,0.049099890735687185,Non-neuron
within_region_cross_layer__clr_false__thickness_relative,L6 IT,0.0032580823618709107,0.046717253472556196,Excitatory
within_region_cross_layer__clr_false__thickness_relative,L5 ET,0.0032135373809207197,0.04607852831620832,Excitatory
within_region_cross_layer__clr_false__thickness_relative,Vip,0.0030634126241585375,0.04392590737689685,Inhibitory
within_region_cross_layer__clr_false__thickness_relative,Micro-PVM,0.002839655813696137,0.04071748522252871,Non-neuron
within_region_cross_layer__clr_false__thickness_relative,Sncg,0.002744591986660773,0.039354376371857396,Inhibitory
within_region_cross_layer__clr_false__thickness_relative,L6b,0.002405319355809265,0.03448958667922074,Excitatory
within_region_cross_layer__clr_false__thickness_relative,Astro,0.0023257096149456916,0.033348072122580626,Non-neuron
within_region_cross_layer__clr_false__thickness_relative,L6 IT Car3,0.002275830947090844,0.03263286786736644,Excitatory
within_region_cross_layer__clr_false__thickness_relative,OPC,0.0022696984512947825,0.03254493474330647,Non-neuron
within_region_cross_layer__clr_false__thickness_relative,Lamp5,0.0021378289251155667,0.03065407337285214,Inhibitory
within_region_cross_layer__clr_false__thickness_relative,Endo,0.0013956166076703983,0.020011579686895067,Non-neuron
within_region_cross_layer__clr_false__thickness_relative,L2/3 IT,0.0009894911541134756,0.014188195361957198,Excitatory
within_region_cross_layer__clr_false__thickness_relative,VLMC,0.0008220946913367721,0.011787917494991959,Non-neuron
within_region_cross_layer__clr_true__thickness_relative,L5 IT,0.004037303318349157,0.07873155588272819,Excitatory
within_region_cross_layer__clr_true__thickness_relative,Pax6,0.003722623881362494,0.07259498408598951,Inhibitory
within_region_cross_layer__clr_true__thickness_relative,Lamp5_Lhx6,0.0032595276771265904,0.0635641330926619,Inhibitory
within_region_cross_layer__clr_true__thickness_relative,Sst,0.00322155886854179,0.06282370237958951,Inhibitory
within_region_cross_layer__clr_true__thickness_relative,Pvalb,0.0030107993529438137,0.05871367564349978,Inhibitory
within_region_cross_layer__clr_true__thickness_relative,L6b,0.002939667335221096,0.05732652833580695,Excitatory
within_region_cross_layer__clr_true__thickness_relative,Chandelier,0.002733457533008801,0.05330522567750627,Inhibitory
within_region_cross_layer__clr_true__thickness_relative,L5 ET,0.0024698291991472744,0.04816420275625191,Excitatory
within_region_cross_layer__clr_true__thickness_relative,L5/6 NP,0.002410694747644307,0.0470110202960834,Excitatory
within_region_cross_layer__clr_true__thickness_relative,L6 CT,0.002331134541836623,0.04545951467570551,Excitatory
within_region_cross_layer__clr_true__thickness_relative,Lamp5,0.0022377286270376857,0.043638003528067265,Inhibitory
within_region_cross_layer__clr_true__thickness_relative,Oligo,0.002217654791338997,0.04324654314164818,Non-neuron
within_region_cross_layer__clr_true__thickness_relative,VLMC,0.0018283311357534236,0.035654332517568256,Non-neuron
within_region_cross_layer__clr_true__thickness_relative,Vip,0.0018110081382147563,0.03531651629688122,Inhibitory
within_region_cross_layer__clr_true__thickness_relative,L6 IT,0.001745971289270825,0.034048231032359794,Excitatory
within_region_cross_layer__clr_true__thickness_relative,L6 IT Car3,0.0017434165850633062,0.03399841167988163,Excitatory
within_region_cross_layer__clr_true__thickness_relative,L2/3 IT,0.001653946817829306,0.032253659447176286,Excitatory
within_region_cross_layer__clr_true__thickness_relative,Astro,0.0015402765229476471,0.03003697210218361,Non-neuron
within_region_cross_layer__clr_true__thickness_relative,Micro-PVM,0.001514484323676515,0.029533997760616448,Non-neuron
within_region_cross_layer__clr_true__thickness_relative,Sncg,0.0014563123702808118,0.028399585000800816,Inhibitory
within_region_cross_layer__clr_true__thickness_relative,L4 IT,0.0012821546293433,0.025003330414054017,Excitatory
within_region_cross_layer__clr_true__thickness_relative,OPC,0.0011636125235523723,0.0226916377591779,Non-neuron
within_region_cross_layer__clr_true__thickness_relative,Endo,0.0009478597050028045,0.018484236493761665,Non-neuron
