phenotype,outcome,feature,pearson_r,spin_p,spin_q_bh,n_valid_spins
meg,delta,Astro,-0.04342003881488769,0.913086913086913,0.954045954045954,1000
meg,delta,Chandelier,0.760385034745343,0.008991008991008992,0.2067932067932068,1000
meg,delta,Endo,0.2676015603038511,0.46053946053946054,0.6878746253746254,1000
meg,delta,L2/3 IT,-0.48079146594985805,0.2597402597402597,0.5974025974025974,1000
meg,delta,L4 IT,-0.3064749647747413,0.5534465534465535,0.7487806311335724,1000
meg,delta,L5 ET,-0.2594836942688352,0.6253746253746254,0.799089799089799,1000
meg,delta,L5 IT,-0.4745150200880776,0.3516483516483517,0.6221470836855453,1000
meg,delta,L5/6 NP,-0.4253490722198132,0.18681318681318682,0.49528249528249524,1000
meg,delta,L6 CT,-0.27209598264088225,0.3196803196803197,0.6127206127206127,1000
meg,delta,L6 IT,-0.5043776059000947,0.16083916083916083,0.49528249528249524,1000
meg,delta,L6 IT Car3,-0.13860321970867037,0.7312687312687313,0.840959040959041,1000
meg,delta,L6b,-0.2301456428114942,0.3806193806193806,0.6253032681604109,1000
meg,delta,Lamp5,0.0297671092299746,0.954045954045954,0.954045954045954,1000
meg,delta,Lamp5_Lhx6,-0.520875864449732,0.1088911088911089,0.4671994671994672,1000
meg,delta,Micro-PVM,0.6325463304868186,0.07592407592407592,0.4671994671994672,1000
meg,delta,OPC,0.5743585993624757,0.0959040959040959,0.4671994671994672,1000
meg,delta,Oligo,-0.4616268622046701,0.1938061938061938,0.49528249528249524,1000
meg,delta,Pax6,-0.009650942052328604,0.954045954045954,0.954045954045954,1000
meg,delta,Pvalb,-0.6802432802971512,0.05094905094905095,0.4671994671994672,1000
meg,delta,Sncg,0.49324304334388586,0.12187812187812187,0.4671994671994672,1000
meg,delta,Sst,-0.38675005266176765,0.4785214785214785,0.6878746253746254,1000
meg,delta,VLMC,0.22230463256773067,0.2997002997002997,0.6127206127206127,1000
meg,delta,Vip,-0.21805988614583083,0.6753246753246753,0.8174982911825017,1000
meg,theta,Astro,0.4931836261222789,0.08891108891108891,0.20679320679320679,1000
meg,theta,Chandelier,0.5839602649844611,0.11888111888111888,0.24856961220597584,1000
meg,theta,Endo,0.36567383200849746,0.18281718281718282,0.32344578498424653,1000
meg,theta,L2/3 IT,-0.6752337662547265,0.04095904095904096,0.17615717615717616,1000
meg,theta,L4 IT,-0.7282289597170349,0.005994005994005994,0.1263736263736264,1000
meg,theta,L5 ET,0.4052948114425341,0.4145854145854146,0.45844631558917276,1000
meg,theta,L5 IT,-0.7204123097738545,0.017982017982017984,0.13786213786213788,1000
meg,theta,L5/6 NP,-0.516626720252216,0.0899100899100899,0.20679320679320679,1000
meg,theta,L6 CT,-0.25238592638640805,0.33466533466533466,0.4301809301809301,1000
meg,theta,L6 IT,-0.44902073500252515,0.22277722277722278,0.3415917415917416,1000
meg,theta,L6 IT Car3,-0.5280452177800367,0.07592407592407592,0.20679320679320679,1000
meg,theta,L6b,-0.38250494369393895,0.16283716283716285,0.3121045621045621,1000
meg,theta,Lamp5,0.621101253669854,0.03796203796203796,0.17615717615717616,1000
meg,theta,Lamp5_Lhx6,-0.33289054331337903,0.4065934065934066,0.45844631558917276,1000
meg,theta,Micro-PVM,0.6095326889504314,0.06993006993006994,0.20679320679320679,1000
meg,theta,OPC,0.6017428588059663,0.04595404595404595,0.17615717615717616,1000
meg,theta,Oligo,0.013584984990226102,0.968031968031968,0.968031968031968,1000
meg,theta,Pax6,0.1531704792134338,0.41858141858141856,0.45844631558917276,1000
meg,theta,Pvalb,-0.44043439685053765,0.33666333666333664,0.4301809301809301,1000
meg,theta,Sncg,0.3634970265224662,0.25874125874125875,0.3719405594405595,1000
meg,theta,Sst,-0.7371834110152642,0.01098901098901099,0.1263736263736264,1000
meg,theta,VLMC,0.1359078395173159,0.5624375624375625,0.5880029061847244,1000
meg,theta,Vip,-0.47718926781696247,0.21478521478521478,0.3415917415917416,1000
meg,alpha,Astro,-0.14657228926787208,0.7612387612387612,0.7958405231132504,1000
meg,alpha,Chandelier,-0.7575946352288361,0.028971028971028972,0.13326673326673327,1000
meg,alpha,Endo,-0.48809125184863567,0.09490509490509491,0.26232101232101235,1000
meg,alpha,L2/3 IT,0.7490797915297884,0.013986013986013986,0.10722610722610723,1000
meg,alpha,L4 IT,0.6302442626357603,0.12387612387612387,0.26232101232101235,1000
meg,alpha,L5 ET,-0.06548073089220945,0.906093906093906,0.906093906093906,1000
meg,alpha,L5 IT,0.7099130329820826,0.1048951048951049,0.26232101232101235,1000
meg,alpha,L5/6 NP,0.5055075594821388,0.12687312687312688,0.26232101232101235,1000
meg,alpha,L6 CT,0.31830003994159495,0.27972027972027974,0.40391187759608815,1000
meg,alpha,L6 IT,0.6084157751401178,0.11288711288711288,0.26232101232101235,1000
meg,alpha,L6 IT Car3,0.37445634814966056,0.3336663336663337,0.40391187759608815,1000
meg,alpha,L6b,0.31692340558808535,0.3006993006993007,0.40391187759608815,1000
meg,alpha,Lamp5,-0.3091529287746524,0.5714285714285714,0.6571428571428571,1000
meg,alpha,Lamp5_Lhx6,0.473024996322573,0.2887112887112887,0.40391187759608815,1000
meg,alpha,Micro-PVM,-0.7588090115479522,0.012987012987012988,0.10722610722610723,1000
meg,alpha,OPC,-0.6831024459808633,0.03496503496503497,0.13403263403263405,1000
meg,alpha,Oligo,0.4752769525895113,0.27472527472527475,0.40391187759608815,1000
meg,alpha,Pax6,-0.05562842679019705,0.6953046953046953,0.7615241900956187,1000
meg,alpha,Pvalb,0.7967970153897357,0.02197802197802198,0.1263736263736264,1000
meg,alpha,Sncg,-0.6455321363341603,0.008991008991008992,0.10722610722610723,1000
meg,alpha,Sst,0.681141855993597,0.13686313686313686,0.26232101232101235,1000
meg,alpha,VLMC,-0.23265377300536547,0.3066933066933067,0.40391187759608815,1000
meg,alpha,Vip,0.5072160716680078,0.33166833166833165,0.40391187759608815,1000
meg,beta,Astro,0.624909442264154,0.025974025974025976,0.516983016983017,1000
meg,beta,Chandelier,-0.10131806916779737,0.8701298701298701,0.9920079920079921,1000
meg,beta,Endo,0.2132684256878773,0.5304695304695305,0.9920079920079921,1000
meg,beta,L2/3 IT,-0.2693683197488,0.5884115884115884,0.9920079920079921,1000
meg,beta,L4 IT,-0.5420173960034367,0.19480519480519481,0.9566796839524112,1000
meg,beta,L5 ET,0.6782368688701691,0.11888111888111888,0.9114219114219114,1000
meg,beta,L5 IT,-0.39926098325743314,0.45754245754245754,0.9566796839524112,1000
meg,beta,L5/6 NP,-0.21440867480676157,0.6053946053946054,0.9920079920079921,1000
meg,beta,L6 CT,-0.08409320604329618,0.7892107892107892,0.9920079920079921,1000
meg,beta,L6 IT,-0.09177895189388496,0.8701298701298701,0.9920079920079921,1000
meg,beta,L6 IT Car3,-0.35987402889080977,0.34265734265734266,0.9566796839524112,1000
meg,beta,L6b,-0.26370542477234055,0.3916083916083916,0.9566796839524112,1000
meg,beta,Lamp5,0.690290510999771,0.04495504495504495,0.516983016983017,1000
meg,beta,Lamp5_Lhx6,0.05192304530793077,0.922077922077922,0.9920079920079921,1000
meg,beta,Micro-PVM,0.07734277608760015,0.8891108891108891,0.9920079920079921,1000
meg,beta,OPC,0.08209725099456304,0.8641358641358642,0.9920079920079921,1000
meg,beta,Oligo,0.46748644333992534,0.3016983016983017,0.9566796839524112,1000
meg,beta,Pax6,0.16185952917446708,0.2777222777222777,0.9566796839524112,1000
meg,beta,Pvalb,0.08637010319162569,0.9010989010989011,0.9920079920079921,1000
meg,beta,Sncg,0.0036638693747272216,0.9920079920079921,0.9920079920079921,1000
meg,beta,Sst,-0.519507976295611,0.2917082917082917,0.9566796839524112,1000
meg,beta,VLMC,-0.005731036545504632,0.981018981018981,0.9920079920079921,1000
meg,beta,Vip,-0.3487809103631472,0.45754245754245754,0.9566796839524112,1000
meg,gamma1,Astro,0.16648235428060676,0.6693306693306693,0.7330764473621617,1000
meg,gamma1,Chandelier,0.6606204529233531,0.053946053946053944,0.23838661338661338,1000
meg,gamma1,Endo,0.4398127189680653,0.08291708291708291,0.23838661338661338,1000
meg,gamma1,L2/3 IT,-0.6231702063117931,0.04595404595404595,0.23838661338661338,1000
meg,gamma1,L4 IT,-0.5593608188920517,0.11788211788211789,0.2489177489177489,1000
meg,gamma1,L5 ET,0.07707343107599303,0.8841158841158842,0.9100899100899101,1000
meg,gamma1,L5 IT,-0.6318567024354431,0.07992007992007992,0.23838661338661338,1000
meg,gamma1,L5/6 NP,-0.4609615502678453,0.12987012987012986,0.2489177489177489,1000
meg,gamma1,L6 CT,-0.29070058754888206,0.27972027972027974,0.4289044289044289,1000
meg,gamma1,L6 IT,-0.53624531332706,0.11988011988011989,0.2489177489177489,1000
meg,gamma1,L6 IT Car3,-0.33390978891803746,0.34165834165834164,0.46224363871422697,1000
meg,gamma1,L6b,-0.30369134500903683,0.24575424575424576,0.4037391180248323,1000
meg,gamma1,Lamp5,0.32737534027384835,0.4835164835164835,0.5560439560439561,1000
meg,gamma1,Lamp5_Lhx6,-0.4487622456877084,0.22277722277722278,0.3941443172212403,1000
meg,gamma1,Micro-PVM,0.6405003539120411,0.06993006993006994,0.23838661338661338,1000
meg,gamma1,OPC,0.550825644403013,0.11688311688311688,0.2489177489177489,1000
meg,gamma1,Oligo,-0.30442333349097744,0.46653346653346656,0.5560439560439561,1000
meg,gamma1,Pax6,0.021512892057775714,0.9100899100899101,0.9100899100899101,1000
meg,gamma1,Pvalb,-0.6737134065327248,0.059940059940059943,0.23838661338661338,1000
meg,gamma1,Sncg,0.5535202211902867,0.04595404595404595,0.23838661338661338,1000
meg,gamma1,Sst,-0.6682105698663928,0.030969030969030968,0.23838661338661338,1000
meg,gamma1,VLMC,0.19726812406346952,0.38461538461538464,0.4914529914529915,1000
meg,gamma1,Vip,-0.44014983786830514,0.3096903096903097,0.4451798201798202,1000
meg,gamma2,Astro,-0.17707790345126537,0.6603396603396603,0.8871683871683872,1000
meg,gamma2,Chandelier,0.6796359449380395,0.04195804195804196,0.3814185814185814,1000
meg,gamma2,Endo,0.18403159236259858,0.6313686313686314,0.8871683871683872,1000
meg,gamma2,L2/3 IT,-0.3313986084788379,0.5164835164835165,0.84850863422292,1000
meg,gamma2,L4 IT,-0.11016018372448307,0.8631368631368631,0.9128144582690036,1000
meg,gamma2,L5 ET,-0.5367889554081618,0.26973026973026976,0.5639814730723822,1000
meg,gamma2,L5 IT,-0.27165000618674334,0.6583416583416584,0.8871683871683872,1000
meg,gamma2,L5/6 NP,-0.3733373240511832,0.24075924075924077,0.5537462537462537,1000
meg,gamma2,L6 CT,-0.36015642446170004,0.13186813186813187,0.44969316397887826,1000
meg,gamma2,L6 IT,-0.46246720418839327,0.23376623376623376,0.5537462537462537,1000
meg,gamma2,L6 IT Car3,0.06773577385864396,0.8731268731268731,0.9128144582690036,1000
meg,gamma2,L6b,-0.2330384252524953,0.4005994005994006,0.7087527856758626,1000
meg,gamma2,Lamp5,-0.1769113840970165,0.7402597402597403,0.8961038961038962,1000
meg,gamma2,Lamp5_Lhx6,-0.5609166107451853,0.060939060939060936,0.3814185814185814,1000
meg,gamma2,Micro-PVM,0.5751837188331259,0.13686313686313686,0.44969316397887826,1000
meg,gamma2,OPC,0.4868316759226266,0.1938061938061938,0.5537462537462537,1000
meg,gamma2,Oligo,-0.5582562864447909,0.08291708291708291,0.3814185814185814,1000
meg,gamma2,Pax6,0.05539242820116782,0.6943056943056943,0.8871683871683872,1000
meg,gamma2,Pvalb,-0.678670448398656,0.07192807192807193,0.3814185814185814,1000
meg,gamma2,Sncg,0.5204968282811804,0.08291708291708291,0.3814185814185814,1000
meg,gamma2,Sst,-0.16522650223375893,0.8111888111888111,0.9128144582690036,1000
meg,gamma2,VLMC,0.1979043657873963,0.36863136863136864,0.7065434565434566,1000
meg,gamma2,Vip,0.03284951633530774,0.9530469530469531,0.9530469530469531,1000
enigma,22q,Astro,0.11303507855476279,0.6573426573426573,0.9431023521932612,1000
enigma,22q,Chandelier,0.1273833590508163,0.7122877122877123,0.9431023521932612,1000
enigma,22q,Endo,0.053082319099792594,0.8351648351648352,0.9431023521932612,1000
enigma,22q,L2/3 IT,-0.11133411058775858,0.7102897102897103,0.9431023521932612,1000
enigma,22q,L4 IT,-0.1515476439537103,0.6483516483516484,0.9431023521932612,1000
enigma,22q,L5 ET,0.4239552323514551,0.14085914085914086,0.9431023521932612,1000
enigma,22q,L5 IT,-0.3108922475499197,0.33766233766233766,0.9431023521932612,1000
enigma,22q,L5/6 NP,0.04675891344245103,0.8741258741258742,0.9431023521932612,1000
enigma,22q,L6 CT,0.1638473283736467,0.42657342657342656,0.9431023521932612,1000
enigma,22q,L6 IT,-0.06099718254191468,0.8771228771228772,0.9431023521932612,1000
enigma,22q,L6 IT Car3,-0.05483230646913973,0.8261738261738262,0.9431023521932612,1000
enigma,22q,L6b,0.01345100049533375,0.948051948051948,0.948051948051948,1000
enigma,22q,Lamp5,0.22847545497156097,0.4325674325674326,0.9431023521932612,1000
enigma,22q,Lamp5_Lhx6,0.037487712836324495,0.9020979020979021,0.9431023521932612,1000
enigma,22q,Micro-PVM,0.058165427378240576,0.8981018981018981,0.9431023521932612,1000
enigma,22q,OPC,0.11654936102562524,0.7342657342657343,0.9431023521932612,1000
enigma,22q,Oligo,0.11241776321955403,0.6793206793206793,0.9431023521932612,1000
enigma,22q,Pax6,-0.3526760622326981,0.03496503496503497,0.40209790209790214,1000
enigma,22q,Pvalb,-0.08848290132982323,0.8211788211788211,0.9431023521932612,1000
enigma,22q,Sncg,0.1238283203607326,0.6763236763236763,0.9431023521932612,1000
enigma,22q,Sst,-0.34313744652802325,0.24375624375624375,0.9431023521932612,1000
enigma,22q,VLMC,-0.11840723327125355,0.5454545454545454,0.9431023521932612,1000
enigma,22q,Vip,-0.4888890844704847,0.030969030969030968,0.40209790209790214,1000
enigma,adhd,Astro,-0.35904831125568076,0.27372627372627373,0.3147852147852148,1000
enigma,adhd,Chandelier,-0.6400376920085454,0.024975024975024976,0.05744255744255745,1000
enigma,adhd,Endo,-0.6492876160730561,0.003996003996003996,0.015318015318015318,1000
enigma,adhd,L2/3 IT,0.840613880826747,0.000999000999000999,0.007659007659007659,1000
enigma,adhd,L4 IT,0.7785742293387765,0.002997002997002997,0.015318015318015318,1000
enigma,adhd,L5 ET,-0.10178559141706996,0.8471528471528471,0.8471528471528471,1000
enigma,adhd,L5 IT,0.7412964938657763,0.006993006993006993,0.022977022977022976,1000
enigma,adhd,L5/6 NP,0.6764538302626347,0.000999000999000999,0.007659007659007659,1000
enigma,adhd,L6 CT,0.38352417325482513,0.0989010989010989,0.15777555777555777,1000
enigma,adhd,L6 IT,0.6285813793539748,0.012987012987012988,0.03733766233766234,1000
enigma,adhd,L6 IT Car3,0.41711273746543476,0.18081918081918083,0.23104673104673104,1000
enigma,adhd,L6b,0.4146485455250544,0.09090909090909091,0.15777555777555777,1000
enigma,adhd,Lamp5,-0.30706263264219735,0.45054945054945056,0.471028971028971,1000
enigma,adhd,Lamp5_Lhx6,0.4899926021424399,0.1028971028971029,0.15777555777555777,1000
enigma,adhd,Micro-PVM,-0.7214764012314145,0.003996003996003996,0.015318015318015318,1000
enigma,adhd,OPC,-0.7364529313047757,0.000999000999000999,0.007659007659007659,1000
enigma,adhd,Oligo,0.40166703348560673,0.2597402597402597,0.31442241968557755,1000
enigma,adhd,Pax6,-0.28837324622343097,0.1018981018981019,0.15777555777555777,1000
enigma,adhd,Pvalb,0.681699573593737,0.01998001998001998,0.05106005106005106,1000
enigma,adhd,Sncg,-0.45455202596586186,0.11988011988011989,0.17232767232767235,1000
enigma,adhd,Sst,0.667315606937079,0.03496503496503497,0.07310870947234584,1000
enigma,adhd,VLMC,-0.27874058479550395,0.17082917082917082,0.23104673104673104,1000
enigma,adhd,Vip,0.39553985504668204,0.3386613386613387,0.37091479948622813,1000
enigma,asd,Astro,0.07499447933532691,0.8741258741258742,0.9472799927345381,1000
enigma,asd,Chandelier,0.19488734091790996,0.7172827172827173,0.9472799927345381,1000
enigma,asd,Endo,0.2804231684363629,0.34565434565434566,0.7519752974298428,1000
enigma,asd,L2/3 IT,-0.38843139571348434,0.35764235764235763,0.7519752974298428,1000
enigma,asd,L4 IT,-0.4324772145650916,0.3116883116883117,0.7519752974298428,1000
enigma,asd,L5 ET,0.670458356608573,0.04895104895104895,0.5629370629370629,1000
enigma,asd,L5 IT,-0.4481351428099734,0.3596403596403596,0.7519752974298428,1000
enigma,asd,L5/6 NP,0.05172765484967294,0.906093906093906,0.9472799927345381,1000
enigma,asd,L6 CT,0.2682141239499521,0.3276723276723277,0.7519752974298428,1000
enigma,asd,L6 IT,-0.09755001111835894,0.8451548451548452,0.9472799927345381,1000
enigma,asd,L6 IT Car3,-0.46130147328618964,0.15684315684315683,0.7214785214785214,1000
enigma,asd,L6b,0.1737631876127094,0.5514485514485514,0.9472799927345381,1000
enigma,asd,Lamp5,0.4327987620193823,0.3126873126873127,0.7519752974298428,1000
enigma,asd,Lamp5_Lhx6,0.20287395226405944,0.6563436563436563,0.9472799927345381,1000
enigma,asd,Micro-PVM,0.15471946176412063,0.7782217782217782,0.9472799927345381,1000
enigma,asd,OPC,0.11559327559860355,0.8291708291708292,0.9472799927345381,1000
enigma,asd,Oligo,0.01549092595484375,0.974025974025974,0.974025974025974,1000
enigma,asd,Pax6,-0.2978555195956745,0.08291708291708291,0.6356976356976357,1000
enigma,asd,Pvalb,-0.189345928452115,0.7192807192807192,0.9472799927345381,1000
enigma,asd,Sncg,0.20791195810822458,0.6093906093906094,0.9472799927345381,1000
enigma,asd,Sst,-0.5947916690516866,0.14985014985014986,0.7214785214785214,1000
enigma,asd,VLMC,-0.1490285459422446,0.48951048951048953,0.9382284382284383,1000
enigma,asd,Vip,-0.7711401217142879,0.002997002997002997,0.06893106893106893,1000
enigma,epilepsy_gge,Astro,-0.4081256387127429,0.1048951048951049,0.8731268731268731,1000
enigma,epilepsy_gge,Chandelier,0.07463067383575961,0.8661338661338661,0.9681681954409226,1000
enigma,epilepsy_gge,Endo,0.025994526992262075,0.9090909090909091,0.9681681954409226,1000
enigma,epilepsy_gge,L2/3 IT,-0.17398896394787233,0.5914085914085914,0.9681681954409226,1000
enigma,epilepsy_gge,L4 IT,0.07361933241613676,0.8121878121878122,0.9681681954409226,1000
enigma,epilepsy_gge,L5 ET,-0.30314558527294727,0.46253746253746253,0.9681681954409226,1000
enigma,epilepsy_gge,L5 IT,0.14285260286868992,0.6673326673326674,0.9681681954409226,1000
enigma,epilepsy_gge,L5/6 NP,0.1346239728958775,0.6383616383616384,0.9681681954409226,1000
enigma,epilepsy_gge,L6 CT,0.0037080757373260617,0.983016983016983,0.983016983016983,1000
enigma,epilepsy_gge,L6 IT,-0.07442484544435835,0.8561438561438561,0.9681681954409226,1000
enigma,epilepsy_gge,L6 IT Car3,0.16653715216547904,0.5414585414585414,0.9681681954409226,1000
enigma,epilepsy_gge,L6b,0.32426161133332887,0.13386613386613386,0.8731268731268731,1000
enigma,epilepsy_gge,Lamp5,-0.3283675883852717,0.2987012987012987,0.9681681954409226,1000
enigma,epilepsy_gge,Lamp5_Lhx6,-0.05310934155706618,0.8831168831168831,0.9681681954409226,1000
enigma,epilepsy_gge,Micro-PVM,0.1715195021272966,0.6973026973026973,0.9681681954409226,1000
enigma,epilepsy_gge,OPC,-0.0394006683491686,0.9040959040959041,0.9681681954409226,1000
enigma,epilepsy_gge,Oligo,-0.6094131237247836,0.005994005994005994,0.13786213786213786,1000
enigma,epilepsy_gge,Pax6,0.04067173729036817,0.8071928071928072,0.9681681954409226,1000
enigma,epilepsy_gge,Pvalb,-0.3930789486461488,0.24675324675324675,0.9681681954409226,1000
enigma,epilepsy_gge,Sncg,0.3590526548504307,0.15184815184815184,0.8731268731268731,1000
enigma,epilepsy_gge,Sst,0.11175883761225072,0.7482517482517482,0.9681681954409226,1000
enigma,epilepsy_gge,VLMC,0.04842730788993752,0.7822177822177823,0.9681681954409226,1000
enigma,epilepsy_gge,Vip,-0.03072662124718072,0.926073926073926,0.9681681954409226,1000
enigma,epilepsy_rtle,Astro,-0.32171829875683605,0.3946053946053946,0.7965367965367964,1000
enigma,epilepsy_rtle,Chandelier,0.39223241736367703,0.43956043956043955,0.7965367965367964,1000
enigma,epilepsy_rtle,Endo,0.031373748159553724,0.929070929070929,0.929070929070929,1000
enigma,epilepsy_rtle,L2/3 IT,-0.19499472737002588,0.6963036963036963,0.8897213897213896,1000
enigma,epilepsy_rtle,L4 IT,0.09151523325058192,0.8521478521478522,0.929070929070929,1000
enigma,epilepsy_rtle,L5 ET,-0.7349623795163709,0.011988011988011988,0.13786213786213786,1000
enigma,epilepsy_rtle,L5 IT,0.060810440888822946,0.9170829170829171,0.929070929070929,1000
enigma,epilepsy_rtle,L5/6 NP,-0.16894283068948165,0.6753246753246753,0.8897213897213896,1000
enigma,epilepsy_rtle,L6 CT,-0.29309069408032745,0.2757242757242757,0.7965367965367964,1000
enigma,epilepsy_rtle,L6 IT,-0.29997659143539623,0.5194805194805194,0.7965367965367964,1000
enigma,epilepsy_rtle,L6 IT Car3,0.2874273811675343,0.45254745254745254,0.7965367965367964,1000
enigma,epilepsy_rtle,L6b,0.03770319232115561,0.9070929070929071,0.929070929070929,1000
enigma,epilepsy_rtle,Lamp5,-0.4699704538941688,0.3026973026973027,0.7965367965367964,1000
enigma,epilepsy_rtle,Lamp5_Lhx6,-0.3762819675586291,0.3756243756243756,0.7965367965367964,1000
enigma,epilepsy_rtle,Micro-PVM,0.4051757380016308,0.4125874125874126,0.7965367965367964,1000
enigma,epilepsy_rtle,OPC,0.3144268297174251,0.4995004995004995,0.7965367965367964,1000
enigma,epilepsy_rtle,Oligo,-0.7236799944888691,0.002997002997002997,0.06893106893106893,1000
enigma,epilepsy_rtle,Pax6,0.1798954700706005,0.23276723276723277,0.7965367965367964,1000
enigma,epilepsy_rtle,Pvalb,-0.5806213019168072,0.2047952047952048,0.7965367965367964,1000
enigma,epilepsy_rtle,Sncg,0.4400156855402437,0.1798201798201798,0.7965367965367964,1000
enigma,epilepsy_rtle,Sst,0.18867607815720838,0.7382617382617382,0.8936852621063147,1000
enigma,epilepsy_rtle,VLMC,0.14683840022166134,0.5184815184815185,0.7965367965367964,1000
enigma,epilepsy_rtle,Vip,0.25163502767847573,0.6173826173826173,0.8874875124875125,1000
enigma,epilepsy_ltle,Astro,-0.21743079445569022,0.44955044955044954,0.8654678654678655,1000
enigma,epilepsy_ltle,Chandelier,0.24207205516747785,0.5414585414585414,0.926073926073926,1000
enigma,epilepsy_ltle,Endo,0.044699548293954935,0.8771228771228772,0.926073926073926,1000
enigma,epilepsy_ltle,L2/3 IT,-0.3158183695265123,0.3786213786213786,0.8654678654678655,1000
enigma,epilepsy_ltle,L4 IT,-0.050436339724422755,0.926073926073926,0.926073926073926,1000
enigma,epilepsy_ltle,L5 ET,-0.32912164014118594,0.42957042957042957,0.8654678654678655,1000
enigma,epilepsy_ltle,L5 IT,-0.10533664873474188,0.8171828171828172,0.926073926073926,1000
enigma,epilepsy_ltle,L5/6 NP,-0.02881764230097963,0.9050949050949051,0.926073926073926,1000
enigma,epilepsy_ltle,L6 CT,-0.083898555109803,0.7302697302697303,0.926073926073926,1000
enigma,epilepsy_ltle,L6 IT,-0.2574615791919505,0.4515484515484515,0.8654678654678655,1000
enigma,epilepsy_ltle,L6 IT Car3,0.40489795209383683,0.13586413586413587,0.7927072927072927,1000
enigma,epilepsy_ltle,L6b,0.25744874716394134,0.2957042957042957,0.8654678654678655,1000
enigma,epilepsy_ltle,Lamp5,-0.4050818784788985,0.2007992007992008,0.8654678654678655,1000
enigma,epilepsy_ltle,Lamp5_Lhx6,-0.16694735100116168,0.6233766233766234,0.926073926073926,1000
enigma,epilepsy_ltle,Micro-PVM,0.3580123451197997,0.31868131868131866,0.8654678654678655,1000
enigma,epilepsy_ltle,OPC,0.2600557704020552,0.4485514485514486,0.8654678654678655,1000
enigma,epilepsy_ltle,Oligo,-0.6868304753468842,0.001998001998001998,0.04595404595404595,1000
enigma,epilepsy_ltle,Pax6,0.05034699268701659,0.7962037962037962,0.926073926073926,1000
enigma,epilepsy_ltle,Pvalb,-0.5725801937806063,0.052947052947052944,0.6088911088911089,1000
enigma,epilepsy_ltle,Sncg,0.41679595347485277,0.13786213786213786,0.7927072927072927,1000
enigma,epilepsy_ltle,Sst,0.10694905480810797,0.8401598401598401,0.926073926073926,1000
enigma,epilepsy_ltle,VLMC,-0.032801378669076696,0.8531468531468531,0.926073926073926,1000
enigma,epilepsy_ltle,Vip,-0.11051653436675861,0.7972027972027972,0.926073926073926,1000
enigma,depression,Astro,-0.011828935035473161,0.97002997002997,0.97002997002997,1000
enigma,depression,Chandelier,-0.46758396804484154,0.10789210789210789,0.3545026402169259,1000
enigma,depression,Endo,-0.1311670227913227,0.6493506493506493,0.8783489238034692,1000
enigma,depression,L2/3 IT,0.39990624998418045,0.20279720279720279,0.5182595182595182,1000
enigma,depression,L4 IT,0.2653978639444712,0.45254745254745254,0.7434708148993863,1000
enigma,depression,L5 ET,0.3900242481536699,0.27372627372627373,0.5342157842157842,1000
enigma,depression,L5 IT,0.12753793938966615,0.7522477522477522,0.8783489238034692,1000
enigma,depression,L5/6 NP,0.30582952671912544,0.26173826173826176,0.5342157842157842,1000
enigma,depression,L6 CT,0.404330287172324,0.03796203796203796,0.2584915084915085,1000
enigma,depression,L6 IT,0.29049088030129977,0.3516483516483517,0.6221470836855453,1000
enigma,depression,L6 IT Car3,0.06319458558841592,0.8371628371628371,0.8783489238034692,1000
enigma,depression,L6b,0.048576706192462515,0.8401598401598401,0.8783489238034692,1000
enigma,depression,Lamp5,0.08698295196540642,0.8281718281718282,0.8783489238034692,1000
enigma,depression,Lamp5_Lhx6,0.3258976044966204,0.2787212787212787,0.5342157842157842,1000
enigma,depression,Micro-PVM,-0.505082249131001,0.06393606393606394,0.2604062604062604,1000
enigma,depression,OPC,-0.4190060609550027,0.14185814185814186,0.4078421578421578,1000
enigma,depression,Oligo,0.5321929980025156,0.03296703296703297,0.2584915084915085,1000
enigma,depression,Pax6,-0.32535134764627693,0.06793206793206794,0.2604062604062604,1000
enigma,depression,Pvalb,0.5753106112097203,0.04495504495504495,0.2584915084915085,1000
enigma,depression,Sncg,-0.5169895228627238,0.030969030969030968,0.2584915084915085,1000
enigma,depression,Sst,0.09482968392215246,0.8081918081918081,0.8783489238034692,1000
enigma,depression,VLMC,-0.11005091758216357,0.5934065934065934,0.8783489238034692,1000
enigma,depression,Vip,-0.0890083423076578,0.8121878121878122,0.8783489238034692,1000
enigma,ocd,Astro,0.14016438070990306,0.43756243756243757,0.7812187812187812,1000
enigma,ocd,Chandelier,-0.12430437234043491,0.5034965034965035,0.7812187812187812,1000
enigma,ocd,Endo,0.38657004144081014,0.03796203796203796,0.43656343656343655,1000
enigma,ocd,L2/3 IT,-0.28306777848712195,0.11288711288711288,0.49400599400599404,1000
enigma,ocd,L4 IT,-0.26527247184524066,0.11288711288711288,0.49400599400599404,1000
enigma,ocd,L5 ET,0.24219805546876766,0.17182817182817184,0.49400599400599404,1000
enigma,ocd,L5 IT,-0.3687612459439642,0.017982017982017984,0.4135864135864136,1000
enigma,ocd,L5/6 NP,-0.20467306342944855,0.32367632367632365,0.6767777676868585,1000
enigma,ocd,L6 CT,0.044540719646643356,0.8111888111888111,0.8480610298792116,1000
enigma,ocd,L6 IT,-0.2954751399300477,0.06893106893106893,0.49400599400599404,1000
enigma,ocd,L6 IT Car3,0.10901950432710387,0.6583416583416584,0.7888777888777889,1000
enigma,ocd,L6b,-0.16142358108523505,0.5094905094905094,0.7812187812187812,1000
enigma,ocd,Lamp5,-0.0661083856144102,0.6813186813186813,0.7888777888777889,1000
enigma,ocd,Lamp5_Lhx6,-0.12662690536834495,0.4875124875124875,0.7812187812187812,1000
enigma,ocd,Micro-PVM,0.09039120457375956,0.5874125874125874,0.7888777888777889,1000
enigma,ocd,OPC,0.08421293650539433,0.6633366633366633,0.7888777888777889,1000
enigma,ocd,Oligo,-0.07112157668270722,0.7202797202797203,0.7888777888777889,1000
enigma,ocd,Pax6,0.03291460784949418,0.8921078921078921,0.8921078921078921,1000
enigma,ocd,Pvalb,-0.06644915098834957,0.7172827172827173,0.7888777888777889,1000
enigma,ocd,Sncg,-0.22975637786806902,0.2867132867132867,0.6594405594405595,1000
enigma,ocd,Sst,-0.17618777487343026,0.27372627372627373,0.6594405594405595,1000
enigma,ocd,VLMC,0.271569750119496,0.15484515484515485,0.49400599400599404,1000
enigma,ocd,Vip,-0.2884033557143286,0.14085914085914086,0.49400599400599404,1000
enigma,schizophrenia,Astro,-0.23093201406845437,0.4125874125874126,0.854458041958042,1000
enigma,schizophrenia,Chandelier,-0.4677518289855073,0.09490509490509491,0.6146353646353646,1000
enigma,schizophrenia,Endo,0.060892206749925064,0.8151848151848152,0.8928214642500357,1000
enigma,schizophrenia,L2/3 IT,0.19631044233849285,0.5784215784215784,0.854458041958042,1000
enigma,schizophrenia,L4 IT,0.12922309058003145,0.7182817182817183,0.8928214642500357,1000
enigma,schizophrenia,L5 ET,0.3195725787091337,0.41858141858141856,0.854458041958042,1000
enigma,schizophrenia,L5 IT,0.19118787483698557,0.5944055944055944,0.854458041958042,1000
enigma,schizophrenia,L5/6 NP,0.3981120382298451,0.14085914085914086,0.6146353646353646,1000
enigma,schizophrenia,L6 CT,0.3944192017672568,0.060939060939060936,0.6146353646353646,1000
enigma,schizophrenia,L6 IT,0.2882281807045578,0.3226773226773227,0.8246198246198246,1000
enigma,schizophrenia,L6 IT Car3,-0.08467701688791435,0.7922077922077922,0.8928214642500357,1000
enigma,schizophrenia,L6b,0.3264528062117224,0.19480519480519481,0.6146353646353646,1000
enigma,schizophrenia,Lamp5,0.00900604580337424,0.975024975024975,0.975024975024975,1000
enigma,schizophrenia,Lamp5_Lhx6,0.4456630150977556,0.0919080919080919,0.6146353646353646,1000
enigma,schizophrenia,Micro-PVM,-0.40124030515885845,0.1938061938061938,0.6146353646353646,1000
enigma,schizophrenia,OPC,-0.44402380456709956,0.11488511488511488,0.6146353646353646,1000
enigma,schizophrenia,Oligo,0.083160735882955,0.7722277722277723,0.8928214642500357,1000
enigma,schizophrenia,Pax6,-0.2768085619230523,0.2137862137862138,0.6146353646353646,1000
enigma,schizophrenia,Pvalb,0.2381890741192206,0.5274725274725275,0.854458041958042,1000
enigma,schizophrenia,Sncg,-0.10654388438228027,0.7372627372627373,0.8928214642500357,1000
enigma,schizophrenia,Sst,0.014406577666407171,0.968031968031968,0.975024975024975,1000
enigma,schizophrenia,VLMC,-0.13412941728732056,0.5184815184815185,0.854458041958042,1000
enigma,schizophrenia,Vip,-0.262146078524942,0.4865134865134865,0.854458041958042,1000
enigma,bipolar,Astro,-0.279350643381606,0.21878121878121878,0.7188525759954331,1000
enigma,bipolar,Chandelier,-0.40215677354562196,0.1018981018981019,0.6663336663336663,1000
enigma,bipolar,Endo,0.2210892923899819,0.3276723276723277,0.8348318348318348,1000
enigma,bipolar,L2/3 IT,0.14868341394291343,0.6533466533466533,0.8348318348318348,1000
enigma,bipolar,L4 IT,0.16588530283929614,0.5814185814185814,0.8348318348318348,1000
enigma,bipolar,L5 ET,0.044255241402542535,0.8961038961038961,0.9340659340659341,1000
enigma,bipolar,L5 IT,0.1545929211096973,0.6113886113886113,0.8348318348318348,1000
enigma,bipolar,L5/6 NP,0.18142033602476643,0.4755244755244755,0.8348318348318348,1000
enigma,bipolar,L6 CT,0.2842528322584477,0.17382617382617382,0.6663336663336663,1000
enigma,bipolar,L6 IT,0.08667569065355478,0.7522477522477522,0.8938061938061939,1000
enigma,bipolar,L6 IT Car3,0.024117619109298657,0.9330669330669331,0.9340659340659341,1000
enigma,bipolar,L6b,0.13172178892332131,0.5754245754245755,0.8348318348318348,1000
enigma,bipolar,Lamp5,-0.32167387454809737,0.16483516483516483,0.6663336663336663,1000
enigma,bipolar,Lamp5_Lhx6,0.2087317878045254,0.4015984015984016,0.8348318348318348,1000
enigma,bipolar,Micro-PVM,-0.34727904767423035,0.15884115884115885,0.6663336663336663,1000
enigma,bipolar,OPC,-0.38015737550395623,0.11188811188811189,0.6663336663336663,1000
enigma,bipolar,Oligo,0.023489772154093348,0.9340659340659341,0.9340659340659341,1000
enigma,bipolar,Pax6,-0.14082708195940277,0.5244755244755245,0.8348318348318348,1000
enigma,bipolar,Pvalb,0.24794235578383583,0.3866133866133866,0.8348318348318348,1000
enigma,bipolar,Sncg,-0.4238983295769601,0.05194805194805195,0.6663336663336663,1000
enigma,bipolar,Sst,0.14519929120433728,0.6293706293706294,0.8348318348318348,1000
enigma,bipolar,VLMC,0.18284113606837954,0.3756243756243756,0.8348318348318348,1000
enigma,bipolar,Vip,-0.07566488226816949,0.7772227772227772,0.8938061938061939,1000
enigma,obesity,Astro,-0.37875545913671466,0.08391608391608392,0.16083916083916086,1000
enigma,obesity,Chandelier,-0.4254088581827117,0.058941058941058944,0.13159567705022251,1000
enigma,obesity,Endo,-0.18092956788760237,0.3826173826173826,0.5067710067710067,1000
enigma,obesity,L2/3 IT,0.3112087018225474,0.26073926073926074,0.42835735692878546,1000
enigma,obesity,L4 IT,0.2825205792090165,0.27972027972027974,0.4289044289044289,1000
enigma,obesity,L5 ET,0.42910410967900214,0.05094905094905095,0.13159567705022251,1000
enigma,obesity,L5 IT,0.21925837897919195,0.3966033966033966,0.5067710067710067,1000
enigma,obesity,L5/6 NP,0.6320266289880975,0.001998001998001998,0.015318015318015318,1000
enigma,obesity,L6 CT,0.5971311979290855,0.000999000999000999,0.015318015318015318,1000
enigma,obesity,L6 IT,0.40789567696971274,0.06293706293706294,0.13159567705022251,1000
enigma,obesity,L6 IT Car3,0.059435389334018214,0.8331668331668332,0.9125160553731982,1000
enigma,obesity,L6b,0.5550112370086175,0.008991008991008992,0.04135864135864136,1000
enigma,obesity,Lamp5,-0.017588842755327752,0.949050949050949,0.949050949050949,1000
enigma,obesity,Lamp5_Lhx6,0.558407928231239,0.003996003996003996,0.022977022977022976,1000
enigma,obesity,Micro-PVM,-0.44667682387902374,0.061938061938061936,0.13159567705022251,1000
enigma,obesity,OPC,-0.5215180472617496,0.016983016983016984,0.0651015651015651,1000
enigma,obesity,Oligo,0.1080253675076319,0.6693306693306693,0.8102423891897576,1000
enigma,obesity,Pax6,-0.5527726152537428,0.001998001998001998,0.015318015318015318,1000
enigma,obesity,Pvalb,0.25109405639369003,0.36363636363636365,0.5067710067710067,1000
enigma,obesity,Sncg,-0.07653514139380108,0.7642357642357642,0.8788711288711288,1000
enigma,obesity,Sst,0.0337219149927529,0.8931068931068931,0.9337026609753881,1000
enigma,obesity,VLMC,-0.2923910757213448,0.15684315684315683,0.2774917390302006,1000
enigma,obesity,Vip,-0.44176375923466443,0.03696303696303696,0.12144997859283573,1000
enigma,schizotypy,Astro,-0.4073950139748213,0.08091908091908091,0.6203796203796204,1000
enigma,schizotypy,Chandelier,0.1037666638209096,0.7462537462537463,0.9225274725274726,1000
enigma,schizotypy,Endo,-0.13640294419903223,0.5444555444555444,0.920516983016983,1000
enigma,schizotypy,L2/3 IT,-0.09633690397747334,0.7252747252747253,0.9225274725274726,1000
enigma,schizotypy,L4 IT,0.15697370545231717,0.6143856143856143,0.920516983016983,1000
enigma,schizotypy,L5 ET,-0.2256340080669398,0.45854145854145856,0.920516983016983,1000
enigma,schizotypy,L5 IT,0.16045097398767771,0.6313686313686314,0.920516983016983,1000
enigma,schizotypy,L5/6 NP,0.26187693829120895,0.3106893106893107,0.920516983016983,1000
enigma,schizotypy,L6 CT,0.10536387007452302,0.6403596403596403,0.920516983016983,1000
enigma,schizotypy,L6 IT,0.027050066455072342,0.9300699300699301,0.962037962037962,1000
enigma,schizotypy,L6 IT Car3,0.1489922688052195,0.5614385614385614,0.920516983016983,1000
enigma,schizotypy,L6b,0.4173587882403799,0.06693306693306693,0.6203796203796204,1000
enigma,schizotypy,Lamp5,-0.27602243125198034,0.3196803196803197,0.920516983016983,1000
enigma,schizotypy,Lamp5_Lhx6,0.13129992006032615,0.6313686313686314,0.920516983016983,1000
enigma,schizotypy,Micro-PVM,0.09127720376539011,0.7892107892107892,0.9225274725274726,1000
enigma,schizotypy,OPC,0.009678852675243441,0.962037962037962,0.962037962037962,1000
enigma,schizotypy,Oligo,-0.5036551496876245,0.01898101898101898,0.43656343656343655,1000
enigma,schizotypy,Pax6,-0.0504712794770868,0.8021978021978022,0.9225274725274726,1000
enigma,schizotypy,Pvalb,-0.257965379063257,0.44455544455544455,0.920516983016983,1000
enigma,schizotypy,Sncg,0.321541658285841,0.21078921078921078,0.920516983016983,1000
enigma,schizotypy,Sst,0.21870150845182135,0.4955044955044955,0.920516983016983,1000
enigma,schizotypy,VLMC,-0.18446417083244587,0.3436563436563437,0.920516983016983,1000
enigma,schizotypy,Vip,-0.043801352671317566,0.8731268731268731,0.9562818134246706,1000
enigma,parkinson,Astro,0.1961667195867755,0.5844155844155844,0.7074504442925496,1000
enigma,parkinson,Chandelier,0.31919456747521213,0.5154845154845155,0.7001234060057591,1000
enigma,parkinson,Endo,0.37206778740961854,0.1798201798201798,0.6408036408036408,1000
enigma,parkinson,L2/3 IT,-0.5184081783018258,0.14785214785214784,0.6408036408036408,1000
enigma,parkinson,L4 IT,-0.4854585732929506,0.1878121878121878,0.6408036408036408,1000
enigma,parkinson,L5 ET,0.36080704946468956,0.5174825174825175,0.7001234060057591,1000
enigma,parkinson,L5 IT,-0.6838700706017442,0.022977022977022976,0.2642357642357642,1000
enigma,parkinson,L5/6 NP,-0.2600589303862503,0.47352647352647353,0.7001234060057591,1000
enigma,parkinson,L6 CT,0.025680337827054964,0.9200799200799201,0.9619017346290074,1000
enigma,parkinson,L6 IT,-0.4446133916102349,0.17782217782217782,0.6408036408036408,1000
enigma,parkinson,L6 IT Car3,-0.0025956569436056337,0.995004995004995,0.995004995004995,1000
enigma,parkinson,L6b,-0.05045094238324252,0.8851148851148851,0.9619017346290074,1000
enigma,parkinson,Lamp5,0.14439590793344442,0.7542457542457542,0.8673826173826173,1000
enigma,parkinson,Lamp5_Lhx6,-0.2264732971873273,0.5554445554445554,0.7074504442925496,1000
enigma,parkinson,Micro-PVM,0.41469113514212014,0.35664335664335667,0.7001234060057591,1000
enigma,parkinson,OPC,0.4095410772369971,0.2967032967032967,0.6824175824175824,1000
enigma,parkinson,Oligo,-0.29486112636243295,0.4385614385614386,0.7001234060057591,1000
enigma,parkinson,Pax6,-0.17891616601601892,0.20279720279720279,0.6408036408036408,1000
enigma,parkinson,Pvalb,-0.4943825894792993,0.24975024975024976,0.6408036408036408,1000
enigma,parkinson,Sncg,0.2909757949842709,0.4595404595404595,0.7001234060057591,1000
enigma,parkinson,Sst,-0.5082880585049395,0.25074925074925075,0.6408036408036408,1000
enigma,parkinson,VLMC,0.17460149442997897,0.4035964035964036,0.7001234060057591,1000
enigma,parkinson,Vip,-0.6856359469965495,0.007992007992007992,0.1838161838161838,1000
