,Astro,Chandelier,Endo,L2/3 IT,L4 IT,L5 ET,L5 IT,L5/6 NP,L6 CT,L6 IT,L6 IT Car3,L6b,Lamp5,Lamp5_Lhx6,Micro-PVM,OPC,Oligo,Pax6,Pvalb,Sncg,Sst,VLMC,Vip
1,1.3628243928424055,-2.0493337013276776,-4.467042792856829,2.554913188512204,1.9825592447958158,-0.015960966952978772,1.9218711960770185,1.014398286887996,0.8535872002671163,1.1622539668721013,-0.31658370316362383,0.7275761891174213,-0.23426390848561063,-1.0453585193781896,-1.5492702201137751,-0.4400974546085408,1.683623614570759,-1.5905076051889102,0.02893250968509431,-1.2561389516251849,0.7652436608806541,-0.9927771232043296,-0.10044850360292124
3,1.4034162540465833,-1.9112514268510532,-4.602556943426554,2.6292051094939928,2.040154446465816,-0.03284287695587906,1.8663139689148904,0.9822804384597181,0.8673940499167578,1.1711960645441728,-0.45543165843595546,0.6643770656770185,-0.18583664587254933,-1.10595515323182,-1.6518840079796702,-0.3856743881671987,1.872975120728535,-1.6781549506195308,0.06093949228353779,-1.2201898411792458,0.7388739945231544,-0.9992519829623188,-0.06809612937241027
5,1.2344356272013957,-1.872081724423647,-3.741410706982969,2.5945901059848553,2.082199943096772,-0.07360365452984396,1.8853389098159319,0.9938271147309954,0.8133663369965873,1.168515378263888,-0.4226810107587857,0.6892355984979561,-0.30762347876922647,-1.2302049954966128,-1.6855729600030562,-0.5432367391189983,1.4804184051958416,-1.7289676390818212,-0.043626619025459945,-1.1904990643189883,0.7395750790279689,-0.7379924314676867,-0.10400147483509237
7,1.4211236192193462,-1.9440032678008237,-4.534623719423693,2.610725318043467,1.9881507324345065,-0.057110400653478166,1.8277290012070928,0.9580252421216393,0.8264664438809586,1.1264617202718075,-0.4673202505324161,0.6105908202744934,-0.1704536364102225,-1.0875888825934235,-1.5765331574966632,-0.3810651083548464,1.9016789518425568,-1.6656954926390988,0.05788184290295284,-1.2583746844719155,0.7185678459953309,-0.8413969565301205,-0.06323598128742347
9,1.3828646961709357,-2.105615502558192,-3.489377634863207,2.527768897915068,1.8587319998942249,0.02270711583478935,1.8046854958508276,0.9010942914664342,0.7997313143715012,1.1270469524365088,-0.38034153461976183,0.6216493127132297,-0.2691297772298671,-1.131019511708708,-1.6580449307813656,-0.43374794909578496,1.8699098014375806,-1.6817142723380551,0.04503609656966523,-1.384095385545892,0.6807334131952918,-0.9613519784007072,-0.14752091071450613
11,1.3142074766662302,-1.997663383707124,-4.398409072112513,2.5438730017134032,2.0079429833297473,-0.054994473978189795,1.9172568256268212,1.038301029604923,0.8657597972820645,1.1990875125342502,-0.3301451992017652,0.8010828053567969,-0.26674521194059064,-1.082682225091049,-1.5956987471088828,-0.4510556871459874,1.5418180412444196,-1.6365100164118198,0.0024929534343129944,-1.1740163514818924,0.7922709863949913,-0.9391796420546834,-0.09699340295346204
13,1.154276671151731,-1.9370871507384058,-4.007774719074005,2.544638793188197,2.1177444841002333,-0.1878195836806693,1.9116034087093028,1.130187491201648,0.7720304392444595,1.1615688335600836,-0.3378629980609089,0.8241985675614449,-0.4030134341414051,-1.2370173894326832,-1.4603702724366379,-0.5639209886904668,1.2527905331857228,-1.7134708689742038,-0.06124788376651047,-1.058819600968274,0.8222411486363264,-0.6284986169491003,-0.09437686362589037
15,1.2220992564807784,-1.8123955104555671,-3.8280522226268694,2.6824322786205963,2.216546378613828,-0.2289738676567934,1.9375484788631825,1.015408713245662,0.7487641746690996,1.0906242935114823,-0.4708221873498877,0.647111542441877,-0.325788228104801,-1.2907806128702903,-1.5190655990267068,-0.574000277917281,1.5479991883302766,-1.7354567258652498,-0.040619804510543034,-1.1808609039930529,0.7639876517649422,-0.8106065863975678,-0.055099429767103025
17,1.4277027246073644,-1.8951148259324446,-4.654461362844065,2.732674820252851,2.0694217563236266,-0.1259815055143667,1.8384396634823097,0.9184445883809502,0.8056573820503301,1.1176982911158735,-0.3418184903633019,0.6171781431159218,-0.176754378637896,-1.1674758508677296,-1.684263708766716,-0.3664064080836278,1.8077333323606162,-1.7177118923717618,0.013984892769584256,-1.1290426590689506,0.7190422153927374,-0.7699996485734824,-0.038947078827820114
19,1.168113628401783,-1.7593263562061496,-4.30336837239895,2.721165299479239,2.323815994899668,-0.4680541168466741,2.0160358641689204,1.0560019171793567,0.6772204090644607,1.0358012656192552,-0.36737353492485525,0.6632591863059139,-0.3094606716633521,-1.2512367271756615,-1.4511419373878889,-0.5534015341885841,1.3930250843647394,-1.6763799669787618,-0.03904922076999995,-1.0243864686030806,0.8089991944950792,-0.720047408214131,0.05978847137969012
21,1.249031431831579,-1.7621189579728265,-4.349643148449758,2.7795545877772785,2.327327318750527,-0.4335377076948257,2.0113167811350805,1.03821742248424,0.7443691481884747,1.064128491306164,-0.3819899965944895,0.6625539120084687,-0.2586630370507663,-1.2813671840937513,-1.4742568595002625,-0.5128698781785088,1.584596559488919,-1.7131259510875099,-0.025169697722224882,-1.0477567057153516,0.7651201017128662,-1.0173548354656914,0.03163820484236446
23,1.4235880503273823,-1.8814614955581632,-4.674920950438028,2.664134141519029,2.0505689281183,-0.07318849106348502,1.8437404471439787,0.9589018521330726,0.8445554934186577,1.1450219278472877,-0.4703104133948415,0.6272347544862247,-0.16728185617914892,-1.121301548403303,-1.6349057053728027,-0.36971960126974235,1.908129908432473,-1.6951692885563237,0.0593358403213573,-1.2013097500533592,0.7305969560656056,-0.9223812401688676,-0.043857959355305454
25,1.4371428864991698,-1.9096474265655523,-4.574305412426789,2.637948117474636,1.996422519075669,-0.07316233160056917,1.8013599798471591,0.9382088011958647,0.8177921632427947,1.1167494660295825,-0.494514482054055,0.577092590256469,-0.15414974846661433,-1.1029849693294445,-1.5886647637411349,-0.36492673919868235,1.9426411365137906,-1.687878989110045,0.0634219619115628,-1.2475465355195094,0.7100847903276342,-0.7927273966134853,-0.04835561774846031
27,1.136257421584674,-1.813395093155778,-4.331093949491874,2.733131724938107,2.332727378039773,-0.5776036271969964,2.032430949374965,1.0889652670630046,0.6805910888861733,1.066664022143323,-0.24757165954831972,0.7272708355886857,-0.29133923165306364,-1.183189374989575,-1.5225598141927659,-0.5425595668789045,1.3944201621082097,-1.6691154355468756,-0.0846399216307745,-0.9610193661494693,0.8262814592266334,-0.8615474531570912,0.06689418463796937
29,1.4160222798967812,-1.9162543558531109,-4.247644407234548,2.8499490001105494,2.1442675595231533,-0.2361085125343756,1.830764213001081,0.8502834618761455,0.7741340806959602,1.0948068116994967,-0.10916087682628284,0.6418187953803818,-0.23001601587606935,-1.2742755391056448,-1.7938047080873734,-0.3500743798461965,1.6058477442982588,-1.7993751663996935,-0.0732086940684269,-1.0202628180564206,0.6984217332136162,-0.7965437455585143,-0.059586460248759465
31,1.3241862224913858,-1.8533045809197128,-4.382209160157941,2.748638878998662,2.182639779271711,-0.3542479414612387,1.8951935166840888,0.9483488371810145,0.774071704151166,1.1234589933702854,-0.07248279311996697,0.6754311698522528,-0.2706095568638345,-1.3586225194175423,-1.2884871536762397,-0.3725087296664835,1.5548265850980831,-1.7862655008820107,-0.09436655623346013,-1.037450553316118,0.671000587682443,-0.9619163000578856,-0.06532492900867304
33,1.3617048751214456,-1.9016416615534508,-4.470716493989603,2.7775005173260077,2.116908174481229,-0.2958222785301148,1.8519116115867087,0.8784631552635864,0.7523969324941513,1.1189082159558228,0.025976721931281865,0.6552535769629135,-0.28376306834036047,-1.3388078276428228,-1.3942983204122203,-0.35270122567358886,1.4879483103071478,-1.7810702702555306,-0.10841483652295736,-1.0302832698462039,0.7036583939875096,-0.7116009414654112,-0.06151029118554607
35,1.2071436872069987,-1.8222714956450812,-4.431326092752762,2.727393580519251,2.25970758014049,-0.5123119980451651,1.939410338812574,1.027383444334018,0.7050016938512123,1.0808222032666075,-0.06292323963125579,0.665376159101231,-0.2774703196902557,-1.2710985362843443,-1.2818585215963658,-0.4451615216324383,1.3798633067375485,-1.7407704311661734,-0.12034486069364814,-0.9634127549519507,0.7463211202164235,-0.8501096922867015,0.04063635018977507
37,1.367834117693489,-2.042558932929891,-4.392500786987859,2.7192168082330612,2.1397588949727333,-0.30252894770598804,1.8788674675253287,0.8921811232257997,0.7576916424411966,1.0930591268363288,0.17094274303467616,0.6790057471560145,-0.36296953854455083,-1.316379841138417,-1.5753139491575876,-0.37463362027462654,1.4833516776744577,-1.7650396929319365,-0.10583056969556104,-1.1023622866506733,0.7883738091026933,-0.5694395487122472,-0.06072544316644368
39,1.3778369725810697,-1.9634397763688787,-4.245756457621285,2.769988554477803,2.1165109473339694,-0.27222539106313803,1.8617204067395483,0.8387641438593927,0.7183578435323987,1.0450245441867891,-0.02864811967149361,0.6050901023304469,-0.3055576746329063,-1.28795169415167,-1.6842746049464763,-0.44642087397309727,1.5597998390711592,-1.6835824579478835,-0.02900587592998427,-1.1555667124288425,0.816295974221362,-0.6186091845614401,0.011649494963152485
41,1.1555927293883648,-1.853740603092799,-3.866359236483744,2.6051403181090818,2.229305246780953,-0.5283412795532039,2.020755866318426,1.064781361019199,0.6789814697891643,1.053092466384304,-0.30688479076477027,0.8016032268681377,-0.3667125197669501,-1.211592209755712,-1.6230844134802735,-0.4909101660261692,1.1946938211756963,-1.6485007936822207,-0.10098318683571517,-0.9448968202955363,0.8400349944977892,-0.7034748516842457,0.0014993710902393431
43,1.1895995809510462,-1.9568705178385848,-4.280436443253365,2.627774683964073,2.239889306569253,-0.45398746441356597,1.9320882910959551,1.0979625843456184,0.7900684681493564,1.152290362311975,0.21935209814446033,0.7857697379547512,-0.411711936629926,-1.2229632236594608,-1.3855739725422636,-0.44937689854165885,1.3900648753041467,-1.7984668282725096,-0.173133448766988,-1.033722850878882,0.811123865555607,-0.9887571882173072,-0.08098308133172694
45,1.1332606193612,-1.9096943152684807,-4.3378896307128345,2.6618962760466305,2.2890772855125174,-0.4946885453788097,1.9867138027326052,1.1607750374077161,0.7653232271971642,1.1484745853558955,0.06415981015102101,0.8098293588176166,-0.3670085737208062,-1.171562511760957,-1.392804986547171,-0.4998460594434153,1.3741849079909043,-1.7601406197985625,-0.1445652154056516,-1.0231194753233295,0.8361430346482446,-1.0870127510134289,-0.04150526084808881
47,1.128375112992983,-1.8825256443522536,-4.1304140883514515,2.655848557224016,2.283570267084877,-0.5041325142219302,2.029928924701088,1.130152204888558,0.7122307607987679,1.0750791531837547,-0.11486467708394432,0.7994802918929542,-0.3662235608896598,-1.1815692654911407,-1.4750697483984858,-0.4774155022497384,1.2461617423114455,-1.730263063521,-0.13352888093015025,-0.9832674090914217,0.8417123978263801,-0.9032538356801068,-0.020011222643547377
49,1.1657357151047165,-1.984385733014837,-4.016286160578464,2.549883317606797,2.2027767385989843,-0.3830164183918354,1.9843301769164405,1.2031614600961822,0.8229875612310407,1.103435259008735,0.09565175901894474,0.8103437643681111,-0.4325870029138841,-1.1224312460825248,-1.4302536350878912,-0.4364250805285934,1.1470523423624757,-1.7873982456269664,-0.18308155414521288,-1.0110174918678307,0.8318857216176121,-0.9771228808042629,-0.1532383668877335
51,1.2318059626052356,-1.9531732792985954,-4.328591805552784,2.633307462388805,2.2059586116926146,-0.44824014453953254,1.8866545762417655,1.0545796556037894,0.7756904118591432,1.1391450279699606,0.2541669736157002,0.7552066843657976,-0.3874292997566613,-1.2454382472490781,-1.3338960006256526,-0.4114109128557537,1.3404414804870375,-1.7876912665462452,-0.18055459986529776,-1.0118002306671254,0.8003226296176211,-0.9304762937501518,-0.05857739574058396
53,1.3806237639803265,-2.018822968783171,-3.802236378606964,2.6769571231578126,2.0415596047523965,-0.13951239694531914,1.791345319095043,0.87392210106507,0.7706141775443931,1.0590912537020882,-0.3451512786997073,0.528084666148779,-0.24677662805189104,-1.213848500481796,-1.7340171147498857,-0.46344934783572533,1.843358728599509,-1.70055774388962,0.05751029786711204,-1.318090621288639,0.7207564726138336,-0.7081807569565362,-0.053179772237123224
55,1.4147574603641235,-2.0276698783422447,-3.552255921568613,2.5826786935673116,1.893930823451905,-0.004925408500620954,1.7367329834435665,0.8675756637961025,0.7886290061394616,1.1033080955056613,-0.4671159911078666,0.5347064952613234,-0.22935170338858768,-1.168489269981845,-1.6898094225082518,-0.4019778235544935,1.98756770342069,-1.7388400821312926,0.06971992698343543,-1.3907945928930294,0.6506345636077171,-0.8334254383581534,-0.12558588320630548
57,1.3905197901300053,-2.1354003595866704,-3.109915463833854,2.6124056898698527,1.9190388497152102,-0.002725315254364702,1.7226105262875673,0.8167428653121225,0.7715165183597299,1.075399576955217,-0.3360155816908925,0.5068712156302335,-0.3013728190707132,-1.2562761155573874,-1.8190981975893719,-0.46126194161768375,1.963888610422746,-1.7469421604767765,0.09192707246658038,-1.4851511291016042,0.6557181883328211,-0.7346703287216254,-0.13780949098114537
59,1.4281143354842407,-2.12855422222632,-3.023989449261492,2.5405237417311586,1.7623113079291244,0.11056656194505132,1.692424005307252,0.8145971729406054,0.7822618110776465,1.130538582254029,-0.4207745668179297,0.5251687368950284,-0.2812698272313896,-1.1996205710566321,-1.7670689387193366,-0.3974364419345995,2.0720211953699534,-1.7707907438487926,0.10235723912495898,-1.526984946186683,0.6077051558945996,-0.8634252029609875,-0.18867493570948257
61,1.3511725973495272,-2.002514179143871,-3.9847676880210443,2.7388533372234427,2.13572130012341,-0.29740334199632557,1.8648892873266028,0.8452225533214506,0.7089550137002423,1.0129758458476186,-0.0439501474734616,0.5774454703797351,-0.3308758720091891,-1.2889804317963858,-1.6797687580042684,-0.5242468282677049,1.5995169571628107,-1.6334537713885071,0.010674287072034438,-1.263344714822349,0.847167967992251,-0.6775296021819717,0.03424071760596448
63,1.4001574921163598,-1.8548573243995232,-4.045503993210876,2.7622773318441802,2.0064346754289297,-0.1371244018594444,1.7685351528062139,0.8009648825667912,0.7459065614306994,1.0722390774091246,-0.28392978874860564,0.5503791202539299,-0.23509454828093101,-1.1997328796846096,-1.6671269563190059,-0.4399803641441986,1.741192647223845,-1.7073391765000077,0.017444136987014858,-1.2036727594874996,0.7580437333123893,-0.8375621787454639,-0.011650439999303153
65,1.337006754364118,-2.247074891662046,-3.6734679702923296,2.687732256712607,2.096137554979314,-0.2867794604381553,1.9956716844940687,0.9229505713000736,0.6668685690457425,1.049837506764716,-0.19733207911767447,0.6150513393020356,-0.30130920256026794,-1.2375945018347716,-2.0098786802224113,-0.6135645134309318,1.5503688364546524,-1.5641470324697995,0.04904346641256385,-1.2505812718430516,0.8223919137762983,-0.49747562233457376,0.08614477259980724
67,1.3923420062308183,-2.1497076109513107,-3.064189518024865,2.5665393723767713,1.8527911061383002,0.0034325008551712166,1.7553917451537169,0.8128377327472056,0.750406486541471,1.081380539716497,-0.34332632213012326,0.5345936982151898,-0.30388101786306043,-1.232336226159433,-1.797162264156961,-0.4579585537536359,1.9332206958780596,-1.7183287755327386,0.07435006964461266,-1.4585494286213811,0.6677629282896609,-0.7784045763167886,-0.12120458827718261
69,1.257492593148208,-2.014323968697372,-4.3255066299209695,2.702662144930898,2.3023457770947955,-0.5632801173052444,2.016228821981037,0.8843788451739534,0.6447124684157672,1.0641590875055145,0.10089614961287863,0.535779216837585,-0.3716350354228748,-1.3055887584005266,-1.4352996744868953,-0.388025858563565,1.3252283059640129,-1.591773407256654,-0.08070801796271088,-1.1292772165774583,0.918260945912118,-0.6747349458216112,0.1280092738391021
71,1.3149034356412415,-2.2460406317912636,-4.258760872357954,2.715565103234165,2.226366172367843,-0.4138340540235381,1.956170258155295,0.9419965479613004,0.6659311067265268,1.0726381557059002,0.0721289259262683,0.6334637375763315,-0.35541619103813904,-1.2807991644366208,-1.6468572843130236,-0.5692708305046121,1.552753337099964,-1.5158095804867653,0.02858905858283034,-1.2992483490150306,0.8756127220525745,-0.563316297820057,0.09323469475676838
73,1.3301402506472568,-2.140724418130217,-4.416414255493602,2.669879156529051,2.260876504503461,-0.4488192480207296,1.9444086469992183,0.9443756255770035,0.7368413810287944,1.0396929686051712,0.24714428922995824,0.7126109293640193,-0.38167901455388,-1.2819065198385307,-1.617616723213965,-0.49936680326967764,1.4258069517703857,-1.565232793120983,-0.02639805554782715,-1.2393784605436062,0.9316770342694372,-0.7030244270799519,0.07710698028919971
75,1.3233561808239265,-2.130315094836365,-4.600720312528767,2.725292732536693,2.2982452539313214,-0.4863485553400855,2.0361953699730098,0.9853026095038993,0.6760733935323868,1.1540455948008268,0.08553392706663487,0.6372689737028208,-0.3601217542876842,-1.2125231393106368,-1.657883350296406,-0.4816718224666747,1.6187992019360085,-1.5577502456513113,0.04605323829348862,-1.2239166609832592,0.9425263308083096,-0.9767862184484901,0.1593443472403857
77,1.286302105474804,-2.1177756641211865,-4.297202626304734,2.6340138744233856,2.2148583581044274,-0.514834615989086,1.95067393648111,0.9088726533631792,0.7051321996133284,1.0383326089558191,0.26081735658542904,0.7010079083683283,-0.38770180015403266,-1.3196159652139716,-1.5486975787880644,-0.44957450372683017,1.2378740574326033,-1.547493535550319,-0.10977360022651172,-1.1684964191609275,0.9714735671917683,-0.5553016378286424,0.10710932107012017
79,1.2876966919541237,-2.0963762727180466,-4.439281228307878,2.7085536375986154,2.2586367215130982,-0.4942700763422483,2.0305822744137636,0.9329489116605685,0.6916091888807028,1.0778081541532134,0.13682174995630136,0.6841628133476472,-0.3847346473777522,-1.2567842947005037,-1.720412932596024,-0.495547447761977,1.388013198551433,-1.5492914519877505,-0.02374434437235884,-1.2041100749545057,0.9679708303092047,-0.648600111082227,0.14834870986259796
81,1.304179746286867,-1.9727367028094829,-4.559439692049811,2.77827158304083,2.3623957547009007,-0.5936841288779027,2.073046101127562,0.9233708566488184,0.6847801610115907,1.1686295958721087,-0.015168351807573366,0.5947623442418237,-0.3732165218756185,-1.2744021978522282,-1.6690141478174079,-0.40459838490885325,1.5946849652706154,-1.5741835019993715,0.03783492095997598,-1.2159731929939266,0.9537927852177814,-1.041044661698309,0.21771267031163388
83,1.3102215851032852,-2.039282563425388,-4.59203229389205,2.748276416237611,2.3109846870213504,-0.5343824277455873,2.0403406491973253,0.9357762954777527,0.6517227701702084,1.13920495846093,0.06883287192419374,0.6267572402911963,-0.3452429785587041,-1.2312343062892115,-1.632361707676183,-0.41290393677741744,1.4983123995665917,-1.5233264232624073,0.010705779891187817,-1.1565944153817007,0.9722356911584935,-1.0585283913155026,0.21251809982400705
85,1.3203509873740167,-2.0569546459022607,-4.755410550422445,2.8059005227260934,2.352608886895762,-0.5418839114934997,2.0989910688771114,1.0100252314947298,0.6881525528550001,1.1943934429548402,0.0006587142706671045,0.6558741356450111,-0.37276846736916625,-1.2221361565487348,-1.678563439166589,-0.4320059796688591,1.6398990374465554,-1.569375812827067,0.07093810780325871,-1.2406829537592579,0.9690949529003099,-1.1514425564009514,0.21433683231546397
87,1.3156697143427682,-2.028154561339165,-4.591691292548364,2.7359859066415337,2.3102071875987376,-0.5305496056824177,2.0468037663352265,0.9322613100956079,0.6669954599992356,1.1322622174470873,0.08080976822034902,0.6293496242199303,-0.36160212660957125,-1.2541688103561395,-1.6887771679567534,-0.42351958100029385,1.523341603076958,-1.533791822221624,0.01758200062767834,-1.1879965622942787,0.9679602457141501,-0.9629152955627722,0.20393802125211113
89,1.2374402529583275,-1.913863044663981,-4.16254397589662,2.8519837032661233,2.3719503162533613,-0.6580457790300533,2.093037505473115,0.8376900693462082,0.6337894449138779,1.0865099777841722,-0.26548569855729554,0.5173733219485546,-0.37318979331604574,-1.3549073769921378,-1.7440164255088861,-0.5049278280547354,1.5807666479081348,-1.6358174778250838,0.039418295889798394,-1.3195617796395078,0.8701393234183334,-0.3977854210596652,0.21004574138401821
91,1.3034814534105448,-2.017998495410165,-4.583451170928457,2.806326946481958,2.3272252334779013,-0.5851390666385772,2.09074535358306,0.9399940359129841,0.6447331557441065,1.1389697609539464,-0.09398614565421681,0.6025163236270892,-0.38066998182910083,-1.2851413509874057,-1.644365021558487,-0.4416367340247813,1.613556677174155,-1.5852461939648972,0.0630238473707383,-1.2853860192079347,0.9327749795487819,-0.7800508162142652,0.21972322913302866
93,1.269913854804197,-1.9322969006081818,-4.345834700772236,2.7945657385433744,2.3872668084566917,-0.6354759270361185,2.065566168132358,0.8779195681139225,0.6846839194064729,1.154579858670735,-0.07617749935191842,0.5511926579995006,-0.37050576796634616,-1.2958966069863562,-1.7104697494853172,-0.42516631985172815,1.572042517024574,-1.5940780474618066,0.018228162005838655,-1.2117469534137797,0.930886992190795,-0.9205644168002243,0.21136664438557196
95,1.2846938656150124,-1.9407242021647244,-4.438165215309162,2.7894276142306778,2.381088895259482,-0.6248835467176672,2.0702569417217203,0.8866041201423487,0.6882309315246715,1.1608569507646664,-0.06600513773866457,0.5599394223559573,-0.37327073106342734,-1.2951308353393527,-1.6912783049183906,-0.4083691131699245,1.589993633753171,-1.5912453024455573,0.02753288687084332,-1.217272274201811,0.937671328359416,-0.9464844648203332,0.2165325372910365
97,1.3251963447883393,-2.023724737541798,-4.706252689453855,2.7892135370334312,2.34336818489389,-0.5726970476546622,2.091304207402757,0.9782874417916392,0.6767567059212811,1.1849328639603987,-0.012397699873766044,0.6313940875104973,-0.3791461364987274,-1.2503295561143233,-1.6195511568228662,-0.4034587939094827,1.6297049093303388,-1.5644550053698945,0.06646620199567987,-1.2403330897841007,0.9672169479587076,-1.137091652958472,0.22559613339499274
99,1.3062515631416667,-1.9794635882347782,-4.579347708458728,2.787483097022574,2.362391141478859,-0.6010980853474814,2.082629319776255,0.9353865639590246,0.683744929395234,1.1764400310506686,-0.04080362929048764,0.5971316231099659,-0.3804400984781706,-1.275213235111699,-1.6496274498458572,-0.4030435245686288,1.6161298219409215,-1.5815550626894765,0.04822211908092022,-1.2339956067078584,0.9520551941223925,-1.0433852102552352,0.22010779490990462
101,1.2803693126962696,-1.9330312724074172,-4.415764049947405,2.796632776264593,2.3843457437508597,-0.6346746162399368,2.0745316496662074,0.8790829469760348,0.6868040205367252,1.1573381817702897,-0.09270687001307554,0.5511745282134282,-0.3765358065453883,-1.305618290114622,-1.696844087645558,-0.4128961871796548,1.5982108952845784,-1.6006176747889391,0.030441197583424895,-1.2312806233273896,0.9300263644528748,-0.8856913858852522,0.21670324689938614
103,1.1700186118748324,-1.7930677998966367,-3.842883830234298,2.8726089562343855,2.490586019139602,-0.773820693625412,2.081663158332928,0.7925310117052562,0.7091417254158636,1.1465988687290518,-0.26521677820982514,0.450100962574004,-0.36479454134120193,-1.350962585616501,-1.8926795379740033,-0.5155906902543217,1.559617994851287,-1.6614070152873222,-0.004920127683352149,-1.2275549487620552,0.8713054055373357,-0.650052139782705,0.19877797427310018
105,1.261109845338182,-2.0406123925909956,-4.394216398401314,2.8676846958950852,2.320992023282521,-0.5785786621117017,2.1163578891007164,0.9268828051403335,0.6119353434849186,1.0685979024477366,-0.24680297060775658,0.5958750432413367,-0.3792380741470085,-1.3103742839561985,-1.7270066057040125,-0.5364582002257547,1.6007899961175074,-1.6295400424916924,0.0765273043891046,-1.3829933411390956,0.8822325242974935,-0.3073062897421046,0.20414188838270553
107,1.271442980803803,-1.9820113927604606,-4.354809660695869,2.849429831206592,2.3080780248883555,-0.6004195982725609,2.1072273476159307,0.8677688003083865,0.5948124070039222,1.0565429069200762,-0.2699832511987932,0.5590502740476779,-0.37399540861917124,-1.3508252132326062,-1.6760418792637566,-0.5027639075855861,1.595425238078501,-1.6218395810426776,0.06686121263531053,-1.3712899837272499,0.872488659849266,-0.2628461150021595,0.21769830804306078
109,1.1511789562656758,-1.7672100791414707,-3.7638816333162577,2.885760432444264,2.5110010515029275,-0.7998424772658916,2.0828829492402936,0.7783844101371837,0.7179249984064717,1.148183031018922,-0.29387476119590517,0.43332854415003164,-0.3610101154331451,-1.3554963872536767,-1.9214961185794825,-0.530067557998696,1.5529124338133076,-1.6700699891081978,-0.01139692073027998,-1.2217594902314763,0.8628551788985988,-0.6242103625682791,0.19590390694509585
111,1.2339746706344341,-1.9904198003878095,-4.049346063951489,2.7718262395796165,2.2498484020333755,-0.5853494122533274,2.0189554207350144,0.9260963888072897,0.7099711109384321,1.0309715461781197,-0.29288011289421156,0.6917374541222108,-0.39314168538884786,-1.3314745391838665,-1.6945022370125509,-0.5220082787585278,1.5296874416844997,-1.597059344185121,0.00822174035737433,-1.3017158738214647,0.8585808765785212,-0.3773181720693879,0.10534422825771017
113,1.251066789995758,-2.0692596074536116,-4.271971403111305,2.8303419892549053,2.2844999355281432,-0.6195728684637372,2.1181018627813972,0.9262855533214207,0.6097265586146547,1.0810620797070705,-0.23400812389374526,0.6267187731077954,-0.3955077155845199,-1.2939734522316355,-1.726799726046977,-0.5295192598210132,1.5725478852969648,-1.6290436599961025,0.05199544646104215,-1.3305372179893142,0.8960094031748445,-0.3245224094200738,0.17635916676802887
115,1.1692909848560644,-1.810363501235014,-3.8134104270393436,2.8572283446754656,2.4541561330156054,-0.7616600527233857,2.0667747423998377,0.7930479623185693,0.7074668124603138,1.118999927396049,-0.3013102659841218,0.48174170725126153,-0.3697673651326623,-1.3548484048090819,-1.8263262266538094,-0.5195470448041686,1.538365831986917,-1.65782176386534,-0.013413596978749887,-1.237065942361962,0.8585194326554264,-0.5555875156963532,0.1755302282684834
117,1.2629246721040395,-2.0086354273125364,-4.063113415267336,2.665269552705288,2.207952819069504,-0.5777662622252429,1.9264703142287853,0.8526711938342353,0.7327568694731044,1.0379448667591418,-0.03408791571651815,0.5527723349718645,-0.42717368094602026,-1.2708081208727169,-1.1333856954852717,-0.3425994493141804,1.286893282728061,-1.651141776356078,-0.13981893848881644,-1.2029016135926724,0.7946033158242978,-0.4430564931397676,-0.025770432981151892
119,1.1726985372887615,-2.3954552820916177,-4.701783822095499,3.0017306319331865,2.5140674193353925,-0.455886571114279,2.2095662712054684,1.3025379313504852,0.8201503391098175,1.241355283700908,-0.02632022548452806,0.834138564099784,-0.44197078743882123,-1.0463076927373196,-2.233142658944584,-0.7723399515609355,1.6777285303751137,-1.7332138250526308,0.11360184604921209,-1.444386483260641,0.9572565299482045,-0.6632526488792703,0.069228064263827
121,1.3354103811648987,-2.061898625892466,-4.812732314983121,2.75098678813909,2.336816519113293,-0.4946281970018296,2.065645988890936,0.9998695938091102,0.6922784965377664,1.1822627313031315,0.12153836014409691,0.6658677781404503,-0.3504307202060639,-1.2016473684965856,-1.6796705292437464,-0.4326521829986696,1.5974203112411178,-1.542873739840549,0.04982495243572682,-1.1816248321398568,0.9820495400360194,-1.219061700303329,0.19724877015059006
123,1.2993753888302786,-2.2837454563811024,-5.1619432522746544,2.9317139193307886,2.4436018834257043,-0.3635235068931344,2.178811097567447,1.223323872137383,0.7903836915108728,1.3001208484965083,0.04360265299532351,0.8101584785773159,-0.33776433618275625,-1.0447594011596815,-2.114666455409222,-0.6257917404143054,1.7792063911255167,-1.6304447647250733,0.12871592240693275,-1.266534275206702,0.9816963692308462,-1.2192901528965638,0.13775282590828564
125,1.401994787670513,-2.485858007058705,-5.942713391820513,2.9225535781989813,2.4029942469281105,-0.19405582134921406,2.2078677249594394,1.3224516375365383,0.8262793878981953,1.3753379790787714,-0.02528114102734147,0.7650882104313479,-0.21321985507402097,-0.9875829530561004,-2.040719625653592,-0.580392637985125,1.9459276682986628,-1.5748507132990541,0.13793825105150415,-1.0465414865334681,0.9616948902539173,-1.3627583716758949,0.18384564222704736
127,1.3020482123825512,-2.6224548166228585,-5.229520642333695,3.0202105156353287,2.494694691807741,-0.24030041931835378,2.2661177394250602,1.397369753319996,0.8200418103962668,1.3876570924818399,0.02488586248874025,0.8510545624968393,-0.30392343367157615,-0.9464829218278252,-2.538917910409177,-0.6972950561149975,1.869284568333939,-1.664782438809711,0.1827152116403603,-1.1460737600432749,0.9815241151402212,-1.346593248154102,0.13874051175670044
129,1.340690961356736,-2.4028529328855974,-5.132442358515414,2.857402821284329,2.29507503935407,-0.2432335657973903,2.146807799363245,1.1792420408185507,0.7400032320672683,1.2712814675299087,-0.04527260634325003,0.6871336331466518,-0.25087738509091206,-1.0536205775842138,-1.897981501008866,-0.6163152416350108,1.7439196636205172,-1.5592054566809557,0.084735127003424,-1.159409161414322,0.9387725149389072,-1.0537669737520101,0.12991346022434325
131,1.3492582945701108,-2.404502829776548,-4.780879780283951,2.8293533623179457,2.255427167352388,-0.24511830048712735,2.1074899992381817,1.1459975540886314,0.7144797484837588,1.2210412441400464,-0.1385520103096365,0.6330792510238936,-0.2553290527736971,-1.0975930643508365,-1.9538888246309467,-0.6172687550988991,1.7725761799774018,-1.5677974513543127,0.0846001230587321,-1.1542576638439428,0.8925618294471693,-0.9274486040951873,0.13677158330680683
133,1.3379431303857774,-2.4763785303353165,-5.595387067816036,2.968632477319761,2.450275890594544,-0.23113502683102283,2.22851339981131,1.3404446719202037,0.8359421356603032,1.3835014532868364,-0.0022800369639650597,0.7985480082483565,-0.2589646498924809,-0.9807870859613992,-2.079466787503919,-0.6407298375787374,1.9015493202334364,-1.6410319718308024,0.14213948014210676,-1.165329278723311,0.9708128880569928,-1.4155394748039924,0.1287268925813594
135,1.2805196265966279,-2.4217259372081337,-5.444153912218387,3.0619802897989485,2.5432815529492,-0.26247960060370357,2.267410111917801,1.3769698879139507,0.8796858503856528,1.3762391463465788,0.05035519546731404,0.9379973662388581,-0.3190117274402935,-0.9340154643257987,-2.6479550924348416,-0.7414356222362573,1.856873317282528,-1.6698855174984537,0.18855421198208422,-1.3069208635659395,1.0141168182729516,-1.2053377762379984,0.1189381386173114
137,1.3012492292336195,-2.4082552906922334,-5.573152811606541,3.0438662462694372,2.5241823137525206,-0.25816569548918356,2.2636795753550367,1.361398320070185,0.8711734957318238,1.3859736350419207,0.06065251485413459,0.9257658343703135,-0.3020796508155197,-0.9343677625845181,-2.571203563614886,-0.7204017295581702,1.8658863178604959,-1.644655258005388,0.18129453872358692,-1.2708672694048921,1.019302783225554,-1.2511930102741502,0.12991723755685225
139,1.2990787346297972,-2.409097551431799,-4.649709876913942,2.7721744237337833,2.21272987442335,-0.2928086226749489,2.0975257125111866,1.089931978898056,0.6759474812302919,1.2182764437695495,0.05754719692936838,0.6780078760623414,-0.29776932545955415,-1.1165445365160451,-1.874408207811415,-0.6067593403194449,1.6014113475899614,-1.5186942395028913,0.04846359355738894,-1.215576032148829,0.9247075318258595,-0.7916656180126207,0.0972311556305252
141,1.2981972536279458,-2.3961679002284404,-5.688849588963556,2.9227109108645952,2.4482530575217236,-0.28800843602764115,2.2398366872664894,1.2957892409718914,0.8331368335407237,1.397286130983256,0.13563969396103115,0.863237337441344,-0.27308938930116256,-0.9643560214805253,-2.225606953594994,-0.6624532217421697,1.7654195448108676,-1.5718645310894308,0.12318828237716861,-1.170982346804517,1.0319026915256777,-1.2596749405512018,0.146455664890917
143,1.3016746460131818,-2.405245840996961,-5.569866089222704,3.0465026121797267,2.5263421613481993,-0.25819949486135574,2.263616046836038,1.3618939222386057,0.8722384707820434,1.384901270921688,0.05909780580366064,0.9275380364798615,-0.30322653500403707,-0.9343195508974267,-2.5816428023479983,-0.7213954263602229,1.8686858916566536,-1.6463621715266799,0.18297373380474902,-1.2744970930282618,1.0190423388286,-1.2496969131819533,0.12994498053459758
145,1.2886622846516085,-2.325652178921578,-4.358887585177682,2.7411727312241454,2.1672781717614504,-0.3255876898869534,2.0237508348225384,1.002838711273479,0.6446609897000757,1.1624903936575524,0.1214601754383775,0.6823457841614635,-0.3560961407092016,-1.2097934709638762,-1.767840512252663,-0.6239779728962338,1.524706206729694,-1.500329252227984,0.024494600215334117,-1.2694401088316098,0.9009780341920548,-0.6317094953617257,0.08447548940170924
147,1.3271849443446087,-2.585309092679342,-5.175909741563242,2.9321783235046643,2.4016553505758185,-0.25498678513418316,2.2480718603830434,1.3028636337013504,0.796156334951283,1.3682473638192945,0.0022834834384788394,0.8561023504807248,-0.28609326896285125,-1.0421684670491693,-2.5315645452868,-0.6628828557415503,1.7356988119536036,-1.639589384732373,0.153992317701662,-1.1446810785888903,0.9575739328890607,-0.9121489907156644,0.15332550271047207
149,1.371041304948183,-2.3516290167826446,-4.605845904978282,2.7568669491362834,2.206606166881456,-0.28924725920283034,2.1640505410719415,1.0807841325574215,0.6786430360840248,1.1910888777729118,-0.147295086519164,0.7495592938839248,-0.24299061298666835,-1.1642744941728536,-2.269945213418417,-0.6234327061737295,1.504656549524325,-1.5321184307963316,0.09202832054113053,-1.1439655747562139,0.8919944088269478,-0.4886539500532665,0.17207866861184185
151,1.1457580343909837,-2.608497880380213,-4.655480775739138,3.0628103777765947,2.635955078875545,-0.3068884844782849,2.2611215210418427,1.4369511979669491,0.9753230604051475,1.3658678921012957,0.09349799995221808,0.9526251577388933,-0.43017978389908507,-0.9462357975972902,-2.905414521544266,-0.8032733784299371,1.6833967160824943,-1.8266111301897183,0.1750237926083109,-1.406888679062356,1.0102911780701773,-0.9507901162477888,0.041638540557636716
153,1.2410989970734096,-2.537484733630709,-4.054688399719156,2.8330050842675485,2.3251082047614515,-0.36782940724295443,2.1808398187675087,1.1877451042174076,0.7942089860790706,1.2342441764020613,-0.04392790679903946,0.8579092845297001,-0.38451167985870693,-1.0692544095494325,-2.347208804658324,-0.731522949391997,1.4567539955822268,-1.5970971604530835,0.040104709797009974,-1.248025419529382,0.9186826524698284,-0.7651677978321159,0.07701765471763977
155,1.3375302824144808,-2.1553543500315406,-3.5191770589274762,2.7122780314310946,2.1101090249766106,-0.2110293913243666,1.8410431271286205,0.8698032620592526,0.7372306152092496,1.0287240410840415,-0.2155726850404056,0.5095680362617978,-0.315455770447973,-1.2939588961930353,-1.8561908669671965,-0.5451403480320058,1.7598832833282283,-1.667235851142217,0.0759559552964224,-1.3717242270843508,0.7592069197922475,-0.5684094436439917,-0.022083690147477242
157,1.3374318591090368,-2.10582562674544,-3.855195662270857,2.726097694345731,2.1604029701389873,-0.3227139412830704,1.8904064118148503,0.8654990649110101,0.6969171568962316,1.003277674773428,-0.03273559039264384,0.5650657362856162,-0.35090568157146773,-1.3182775818335966,-1.7063535145946247,-0.5507863938206077,1.6055521081417368,-1.6088261603958234,0.02208429570467274,-1.3071203788245942,0.8409525816250154,-0.5893596659934097,0.034412643979805146
159,1.332196251082887,-2.206556102824118,-3.516023647236082,2.716560367567811,2.1160689929489527,-0.19188130053918773,1.8595029172571302,0.905112682965246,0.7348776749774961,1.059994080476927,-0.19779850373289865,0.5278033207045243,-0.308677753799822,-1.2573845800200587,-1.893957128591091,-0.5645196626089248,1.7708939305418991,-1.6677616390889778,0.06878464803797568,-1.3626896114152638,0.7676320334590767,-0.6654705396382417,-0.026706430525244684
161,1.3323262629283668,-2.174781951841733,-3.6245907423097137,2.733787942616897,2.1164143701404226,-0.2345429933183647,1.8879437277688425,0.8933872026222907,0.6893896991506372,1.0007122569902718,-0.22931967394237063,0.5080492786820345,-0.3012178259923681,-1.2869603960761076,-1.9678490283554035,-0.5927453497320503,1.7126120269297362,-1.6378434846233505,0.09052850037330229,-1.3371697992952578,0.7778247865014145,-0.38572684900368337,0.029772039786204907
163,1.365886875493107,-2.1796066226913364,-4.408471234520909,2.674900338006868,2.2489061412461764,-0.3949456695707063,1.9237258882947752,0.9372239973666305,0.7126735482848163,1.045780362818427,0.23688559583217605,0.6777890765275707,-0.36284932141856086,-1.2975621427243693,-1.5665288386188783,-0.49984728011464785,1.521609813049686,-1.5577490192702932,-0.00279275628104525,-1.2745006027725534,0.8915024399332854,-0.7423880284580022,0.05035743958779726
165,1.291368730792839,-2.120982271929278,-4.411224739003149,2.5527190414897936,2.1605930600014993,-0.3833223206488876,1.8378377989111687,1.06506804262149,0.8619636942120823,1.1615361836058997,0.5141187864857741,0.8402987796046371,-0.4887939324452306,-1.2009429365147462,-1.4080924660830565,-0.39216488390790083,1.3018021251119882,-1.7672642064802417,-0.18819728188166618,-1.0936032079455318,0.8753097557497069,-0.8967305732212703,-0.11129717852591448
167,1.3623848724305239,-2.142396309909736,-4.733572352237331,2.643897206808591,2.1669319564782485,-0.3544182458888532,1.8882482789139692,0.9892715242213934,0.7649947049232444,1.0521098509486007,0.4195439396393543,0.8125908141947189,-0.41449341967318887,-1.188736761044793,-1.5686131512194281,-0.4069480078900547,1.3079723289847474,-1.628483527383298,-0.09099990166599792,-1.1261684678755142,0.9517081020292775,-0.7254978724272156,0.020674437642718146
169,1.3411998308453574,-2.1827536065457656,-4.73533356791859,2.5972444358624056,2.1650131592416004,-0.34918942936524733,1.8952462488267154,1.0565471244422473,0.7981893106421607,1.0862348451888724,0.5384941059939137,0.8851033351717401,-0.416487053470437,-1.1609864666620666,-1.626474093707233,-0.4519830955892017,1.166425425813176,-1.6051986925002923,-0.10083522927632682,-1.1795922303827586,0.9759267282876607,-0.7183307098712213,0.021539624973291538
171,1.3892496511112316,-2.1200483674334762,-4.595215098429816,2.6589208214148075,2.1890617129323924,-0.3617426505117942,1.978037648364206,0.9548251436726192,0.6980329959680649,1.0595240758910403,0.2859521365903981,0.734985609236424,-0.3821077331848439,-1.2688345192579034,-1.5654801489600443,-0.45339632492156934,1.4859584013932028,-1.5725039458480623,-0.057963889567944626,-1.2232100512820896,0.9379115026094009,-0.8193438091977825,0.04738683941156374
173,1.3723463879887725,-2.120976933495827,-4.61548069709897,2.6639464433812696,2.1705466755348155,-0.3512269854961554,1.9330569911197748,0.9577427321015488,0.7217724954035307,1.0448500249150894,0.30134488956006633,0.7503458762225677,-0.3936899982777522,-1.237742514382738,-1.5810183730094511,-0.4418774403516128,1.430240105066395,-1.603179611250142,-0.06053208393896803,-1.183021935593004,0.9372642109927045,-0.7343545940391847,0.0396443346472779
175,1.3465174883974216,-2.422015273168559,-3.3776209093129435,2.5064078071906115,1.9359652693229528,-0.366076817390276,2.07638086389411,0.8702277263119442,0.7130032539344979,1.0810680579354828,-0.1474647668289153,0.7883505916600835,-0.3457712528680057,-1.153262475657117,-1.7401893881895107,-0.5866029366904106,1.1553634936796024,-1.3601124996507101,-0.11460636089631393,-1.108403625130678,0.8355443401537554,-0.6934473207933749,0.10674473409635254
177,1.2911329262514992,-2.237115733623588,-3.959783415796295,2.449304256756731,1.8934347215169445,-0.3016872437433875,2.0095587871315077,1.0103356005210804,0.8410827769777081,1.1562400789700988,-0.2071868579177183,0.9282653459138648,-0.3189298000201717,-1.051588816455511,-1.5092253558942286,-0.48171744325239185,1.1548157920306137,-1.4384717934143252,-0.09780375804406471,-1.0718322185154685,0.8544557874960259,-0.91722533669651,0.003941699807592514
179,1.2069402644636509,-2.1248169263672083,-3.725890607701459,2.432821664720609,1.9290446269431398,-0.1674835781677131,1.8386501261475732,1.1391362092962618,0.8430146653934387,1.2507888679630597,-0.31694774724055064,0.9417474720643857,-0.3533971553552848,-1.120611723206237,-1.4877814288922777,-0.4825949166393886,1.1250750283000217,-1.691004210284873,-0.09000913262176669,-1.0155348292297055,0.8420545491898634,-0.8665697121388845,-0.1066315066366399
181,1.1712849970597645,-2.5890291458233676,-4.171033156829312,2.937481148525439,2.490819849553754,-0.37713143008776484,2.188498057092117,1.3035863893448245,0.880410831385722,1.2434340925235094,-0.0035514481427085798,0.8779510263880796,-0.40774720046888735,-1.0263972821924296,-2.5792185266908163,-0.7908928583363224,1.5140120806005135,-1.6938755830350463,0.0951270133132649,-1.3125012718212243,0.9353735031164807,-0.7268909531105079,0.04028986763492348
183,1.3239766744136925,-2.1928471380582804,-3.72413714059848,2.4845593481161092,1.9062236457514237,-0.19120740376082201,1.956298407236973,0.9546174895104245,0.803619982548375,1.106131971967541,-0.24551937095025744,0.8038582423118208,-0.29257827392424174,-1.0787565744133158,-1.5532916904697918,-0.4917411762695205,1.4341885278371609,-1.5204169017372755,-0.051264403466160235,-1.1882993689146137,0.8063302583872671,-1.0140466129257617,-0.03569849259228386
185,1.346503627745558,-2.3298151862054155,-3.2416671866048814,2.492716030141273,1.9127520820277164,-0.3110141984830621,2.0298788956922182,0.8426019419702007,0.7151782072603803,1.0663888210914667,-0.1564365877857803,0.755194321936548,-0.34648820116935575,-1.162888243138477,-1.7115055012506613,-0.5673928779027877,1.2687824462646407,-1.4135617632946422,-0.09805317064994323,-1.1696238973584459,0.8324564755749924,-0.8352661150911782,0.0812600792296565
187,1.1438926781515062,-1.9670489519676693,-3.8299108012953704,2.5620965701665037,2.1369590518479895,-0.32435448499975994,1.9377606424554776,1.1723381199573106,0.7641219458968291,1.1003627416377837,-0.2693883982957237,0.8788456165557066,-0.38397614510650513,-1.1286982958338587,-1.4089038415289838,-0.43922511271593034,0.9825837137909432,-1.7320054739936879,-0.13762440445166568,-0.9159148104276653,0.8441537769677336,-0.9145104239636908,-0.07155371284728318
189,1.0638390095097137,-2.590520219409594,-4.968800921176143,3.1445855461166987,2.863473148524875,-0.22455047269454464,2.2718195603595803,1.5821880503905374,1.175786179778434,1.3829571979878903,0.17976164291094676,1.0168295928404931,-0.4842770144174642,-0.8848408952526894,-3.1162892129818207,-0.7966493758442361,1.7262455944137578,-2.0029864052882447,0.25790748001315134,-1.6069401433037935,1.045485231982565,-1.0232761454113524,-0.011747429048768687
191,1.0483493894489748,-2.617076934627386,-4.974691963453044,3.1555281912677664,2.9119431289507407,-0.2003207511165721,2.2625130594328007,1.6103135880887551,1.2277711735072607,1.3871721323260506,0.19528726405118757,1.0308933634960589,-0.48486757214574805,-0.8726641888523732,-3.165426103400982,-0.778488364512488,1.7233724625283067,-2.0472421190064463,0.27741145170997505,-1.63822396351613,1.0465090080887176,-1.0688958347407658,-0.029166417524669974
193,1.011346482883642,-2.6209913653373684,-5.000766269713037,3.165961538666289,2.989010270433052,-0.1696885002502091,2.2478821829428153,1.654772555377774,1.3073519548055663,1.3754306680166324,0.22030316768048852,1.0501023184259153,-0.5026167438031397,-0.860736256761327,-3.1898970137720903,-0.7649304042626381,1.7086648954457528,-2.1148297228389463,0.3028629027937093,-1.7199717809448973,1.0437271744504377,-1.0705808650639588,-0.06240718917446042
195,1.1287363345755006,-2.5182016501614717,-4.871228343197625,3.07273349511507,2.6641497590939194,-0.3565187156493588,2.2468831848950295,1.4444675270621148,0.9689427407909572,1.311801768668599,0.07302041209159515,0.9247262400001088,-0.4623104404610938,-0.9586241951463652,-2.5792774928467885,-0.823483139000051,1.7122618822283142,-1.8271414369645997,0.16965724449538833,-1.5071594916063882,0.9984701436562968,-0.8373386302630328,0.025432802623879702
197,1.0878248836172162,-2.605872408672239,-4.82998910374252,3.114826618281846,2.795722397672823,-0.2501201371237327,2.2645992183693284,1.5366910135058807,1.1184606165583535,1.3764767826024724,0.15256690132675654,0.9964611452611774,-0.4682121949002056,-0.9060642713356719,-3.068573763478586,-0.7989877922087736,1.7054202525841302,-1.9470856783175163,0.2301913310503192,-1.5370447272370988,1.0311805570455252,-0.999359387474164,0.0008877466146648416
199,1.2291248780800705,-2.4375170778941975,-5.319760869661495,3.1013931456163184,2.618873667833397,-0.2568498641084762,2.276201389042966,1.4247455934605968,0.9410235841844026,1.363078532991052,0.05340451524827028,0.974833230463207,-0.35260203134004975,-0.9280029050451386,-2.8442986917074693,-0.7796410766931796,1.8357981121984652,-1.734077620125717,0.21191890714399886,-1.3975142105352347,1.0150427454762143,-1.0947802721892037,0.09960631756117344
201,1.268639299634911,-2.222423728878491,-4.667575186836629,2.9342616092054583,2.3813861847064377,-0.4709502496426534,2.1418349243360213,1.1037675899628652,0.6859266907728698,1.160594295546863,-0.11251832434622422,0.7154027000480703,-0.34727137140462094,-1.1518213861488844,-1.9620638176695806,-0.6165545187822117,1.66981411497088,-1.5980326433792342,0.12087034268409269,-1.3298576484757563,0.9420415984450741,-0.842095853790541,0.19662537904128596
203,1.0486958131342652,-2.6206766558117893,-4.953728079421163,3.1570845236917497,2.9130441899285637,-0.2001733659001106,2.258700773859199,1.608543212315309,1.2259052854008408,1.3805525004109942,0.1881189062962152,1.0275141674765598,-0.48117535978926096,-0.8719067621260264,-3.1567885827115756,-0.7758911089784233,1.7199191784026948,-2.047130398271265,0.277739960356179,-1.6407956664517904,1.0452772760193407,-1.0741115705626898,-0.028718237267836066
205,1.1895501103315618,-2.3420340919162754,-4.922327751055238,3.0337221179671436,2.5547738925856893,-0.36262849022039756,2.219607308574057,1.310508904931142,0.8700720783336848,1.2624576869559059,-0.034536360884909634,0.8760179496721441,-0.39266123934882113,-1.0404905092794507,-2.4495749284781008,-0.7507365415629019,1.7391817010547137,-1.741989867833051,0.16692959190569656,-1.4568039798349686,0.9627363388924897,-0.8020767786475842,0.11030285785747473
207,1.1483766142113772,-2.6161954898017363,-4.873522407307404,3.1171418276408103,2.692516296829516,-0.26962630912402386,2.2835503602170504,1.48957804152063,1.0006087426169534,1.39698873692205,0.1116352424134206,0.9678936997868308,-0.42582665455244495,-0.905448756091185,-2.955187978078852,-0.7879009238575145,1.754832156878611,-1.8723472138754529,0.21603161934189874,-1.4402884734391463,1.0344955979633346,-1.1095141626800755,0.04220943246534681
209,1.2383625704813546,-2.5577086352111955,-4.987285744865045,3.064422896466872,2.548693167438688,-0.28453162673991805,2.268667191296579,1.4053540606692052,0.8646811693160599,1.3784193108106675,0.04784691096715754,0.9118923000057313,-0.36087892013069034,-0.9295842101846752,-2.6466866602755283,-0.7514072511512317,1.8056915320968945,-1.729142545317937,0.18349251595021165,-1.3102330532987443,1.001732454312005,-1.2418118471644002,0.08001441452794111
