phenotype,outcome,feature,mean_abs_shap,relative_shap,total_mean_abs_shap,branch
meg,alpha,Astro,0.0025285444118287,0.0179836806218072,0.1406021639843094,ratio_none_subclass
meg,alpha,Chandelier,0.0196631220220032,0.1398493555490198,0.1406021639843094,ratio_none_subclass
meg,alpha,Endo,0.0022167001206349,0.0157657610510344,0.1406021639843094,ratio_none_subclass
meg,alpha,L2/3 IT,0.0011643840747311,0.008281409344888,0.1406021639843094,ratio_none_subclass
meg,alpha,L4 IT,0.0038454406360988,0.0273497969528264,0.1406021639843094,ratio_none_subclass
meg,alpha,L5 ET,0.0074016584720009,0.0526425643977069,0.1406021639843094,ratio_none_subclass
meg,alpha,L5 IT,0.0017799898470458,0.0126597613906178,0.1406021639843094,ratio_none_subclass
meg,alpha,L5/6 NP,0.0025803598892975,0.0183522060840081,0.1406021639843094,ratio_none_subclass
meg,alpha,L6 CT,0.0030101527721008,0.0214090074206595,0.1406021639843094,ratio_none_subclass
meg,alpha,L6 IT,0.0021790152466805,0.0154977362007292,0.1406021639843094,ratio_none_subclass
meg,alpha,L6 IT Car3,0.0054791980686468,0.0389695145037619,0.1406021639843094,ratio_none_subclass
meg,alpha,L6b,0.0029172272291935,0.0207480962349845,0.1406021639843094,ratio_none_subclass
meg,alpha,Lamp5,0.0077546565706249,0.0551531807966366,0.1406021639843094,ratio_none_subclass
meg,alpha,Lamp5_Lhx6,0.0063200494267837,0.0449498730865126,0.1406021639843094,ratio_none_subclass
meg,alpha,Micro-PVM,0.0085991732776507,0.0611596083159176,0.1406021639843094,ratio_none_subclass
meg,alpha,OPC,0.0102685955431013,0.0730329836477289,0.1406021639843094,ratio_none_subclass
meg,alpha,Oligo,0.0069283253149643,0.0492760930460321,0.1406021639843094,ratio_none_subclass
meg,alpha,Pax6,0.0018794383659444,0.0133670657170982,0.1406021639843094,ratio_none_subclass
meg,alpha,Pvalb,0.0101478372083641,0.0721741182411434,0.1406021639843094,ratio_none_subclass
meg,alpha,Sncg,0.0103023160792396,0.0732728130727016,0.1406021639843094,ratio_none_subclass
meg,alpha,Sst,0.0047355153657495,0.0336802452505494,0.1406021639843094,ratio_none_subclass
meg,alpha,VLMC,0.0056165817226994,0.0399466236047851,0.1406021639843094,ratio_none_subclass
meg,alpha,Vip,0.0132838823189236,0.0944785054688498,0.1406021639843094,ratio_none_subclass
enigma,adhd,Astro,0.0026625325228583,0.0299379737057149,0.0889349609639767,ratio_none_subclass
enigma,adhd,Chandelier,0.0105185216775111,0.1182720671769531,0.0889349609639767,ratio_none_subclass
enigma,adhd,Endo,0.0038898401085437,0.0437380313251536,0.0889349609639767,ratio_none_subclass
enigma,adhd,L2/3 IT,0.0026650513232401,0.0299662955305018,0.0889349609639767,ratio_none_subclass
enigma,adhd,L4 IT,0.0027356670802199,0.0307603112495666,0.0889349609639767,ratio_none_subclass
enigma,adhd,L5 ET,0.00183512571918,0.0206344692715763,0.0889349609639767,ratio_none_subclass
enigma,adhd,L5 IT,0.0022916962419832,0.0257682267709263,0.0889349609639767,ratio_none_subclass
enigma,adhd,L5/6 NP,0.0070656037166231,0.0794468636410049,0.0889349609639767,ratio_none_subclass
enigma,adhd,L6 CT,0.0064239784714627,0.0722323190096727,0.0889349609639767,ratio_none_subclass
enigma,adhd,L6 IT,0.0041457962833776,0.0466160465855147,0.0889349609639767,ratio_none_subclass
enigma,adhd,L6 IT Car3,0.0027213036722601,0.0305988066196197,0.0889349609639767,ratio_none_subclass
enigma,adhd,L6b,0.0028939255230421,0.0325397964048616,0.0889349609639767,ratio_none_subclass
enigma,adhd,Lamp5,0.0023724443314269,0.026676172179217,0.0889349609639767,ratio_none_subclass
enigma,adhd,Lamp5_Lhx6,0.005859257496033,0.0658824992165494,0.0889349609639767,ratio_none_subclass
enigma,adhd,Micro-PVM,0.0032422378854659,0.036456280525936,0.0889349609639767,ratio_none_subclass
enigma,adhd,OPC,0.0100018109111684,0.1124620824336982,0.0889349609639767,ratio_none_subclass
enigma,adhd,Oligo,0.0062186640312494,0.0699237281249646,0.0889349609639767,ratio_none_subclass
enigma,adhd,Pax6,0.0025022955864998,0.0281362420287492,0.0889349609639767,ratio_none_subclass
enigma,adhd,Pvalb,0.0015378212084136,0.0172915262090973,0.0889349609639767,ratio_none_subclass
enigma,adhd,Sncg,0.0025226900110101,0.0283655604462677,0.0889349609639767,ratio_none_subclass
enigma,adhd,Sst,0.001557621094637,0.0175141595358426,0.0889349609639767,ratio_none_subclass
enigma,adhd,VLMC,0.0016775854484833,0.0188630593672029,0.0889349609639767,ratio_none_subclass
enigma,adhd,Vip,0.0015934906192863,0.0179174826414079,0.0889349609639767,ratio_none_subclass
enigma,epilepsy_rtle,Astro,0.0214695297725339,0.0244208321962688,0.8791481633379447,ratio_none_subclass
enigma,epilepsy_rtle,Chandelier,0.0572395411476413,0.0651079573780995,0.8791481633379447,ratio_none_subclass
enigma,epilepsy_rtle,Endo,0.0062241645960411,0.0070797675017704,0.8791481633379447,ratio_none_subclass
enigma,epilepsy_rtle,L2/3 IT,0.0225949797887435,0.025700991858932,0.8791481633379447,ratio_none_subclass
enigma,epilepsy_rtle,L4 IT,0.0101775720658427,0.0115766289349915,0.8791481633379447,ratio_none_subclass
enigma,epilepsy_rtle,L5 ET,0.0916457920968449,0.1042438532191032,0.8791481633379447,ratio_none_subclass
enigma,epilepsy_rtle,L5 IT,0.0129207587152763,0.0146969069084087,0.8791481633379447,ratio_none_subclass
enigma,epilepsy_rtle,L5/6 NP,0.023430693215449,0.026651586379351,0.8791481633379447,ratio_none_subclass
enigma,epilepsy_rtle,L6 CT,0.0301007009445127,0.0342384847057253,0.8791481633379447,ratio_none_subclass
enigma,epilepsy_rtle,L6 IT,0.0273221146383064,0.0310779408724122,0.8791481633379447,ratio_none_subclass
enigma,epilepsy_rtle,L6 IT Car3,0.0107644612996311,0.0122441947199897,0.8791481633379447,ratio_none_subclass
enigma,epilepsy_rtle,L6b,0.0722145676829711,0.0821415214118031,0.8791481633379447,ratio_none_subclass
enigma,epilepsy_rtle,Lamp5,0.048472420807372,0.0551356674890068,0.8791481633379447,ratio_none_subclass
enigma,epilepsy_rtle,Lamp5_Lhx6,0.0244061638804747,0.0277611498246319,0.8791481633379447,ratio_none_subclass
enigma,epilepsy_rtle,Micro-PVM,0.043727049983544,0.0497379756985687,0.8791481633379447,ratio_none_subclass
enigma,epilepsy_rtle,OPC,0.1323733222478104,0.1505699809975331,0.8791481633379447,ratio_none_subclass
enigma,epilepsy_rtle,Oligo,0.0254443420456686,0.0289420408376464,0.8791481633379447,ratio_none_subclass
enigma,epilepsy_rtle,Pax6,0.0791528955859802,0.0900336244637684,0.8791481633379447,ratio_none_subclass
enigma,epilepsy_rtle,Pvalb,0.0372022522904374,0.042316248661873,0.8791481633379447,ratio_none_subclass
enigma,epilepsy_rtle,Sncg,0.0412067558759323,0.0468712301228939,0.8791481633379447,ratio_none_subclass
enigma,epilepsy_rtle,Sst,0.0228301015563079,0.0259684345692388,0.8791481633379447,ratio_none_subclass
enigma,epilepsy_rtle,VLMC,0.0027865863893843,0.0031696436455082,0.8791481633379447,ratio_none_subclass
enigma,epilepsy_rtle,Vip,0.0354413967112377,0.0403133376024742,0.8791481633379447,ratio_none_subclass
enigma,parkinson,Astro,0.0021583672144437,0.0313962603645074,0.068745996796604,ratio_none_subclass
enigma,parkinson,Chandelier,0.003534667110005,0.0514163336734048,0.068745996796604,ratio_none_subclass
enigma,parkinson,Endo,0.0011234925801007,0.0163426618632761,0.068745996796604,ratio_none_subclass
enigma,parkinson,L2/3 IT,0.0021007010906093,0.0305574315377902,0.068745996796604,ratio_none_subclass
enigma,parkinson,L4 IT,0.001543863366748,0.0224575020901331,0.068745996796604,ratio_none_subclass
enigma,parkinson,L5 ET,0.0061598998456798,0.0896037606946753,0.068745996796604,ratio_none_subclass
enigma,parkinson,L5 IT,0.0092435860694012,0.1344599904013307,0.068745996796604,ratio_none_subclass
enigma,parkinson,L5/6 NP,0.0020386937806428,0.0296554545084953,0.068745996796604,ratio_none_subclass
enigma,parkinson,L6 CT,0.0050509136085311,0.073472112470419,0.068745996796604,ratio_none_subclass
enigma,parkinson,L6 IT,0.0023511982352388,0.0342012385418631,0.068745996796604,ratio_none_subclass
enigma,parkinson,L6 IT Car3,0.0037176595626914,0.0540781970721984,0.068745996796604,ratio_none_subclass
enigma,parkinson,L6b,0.0029326060272261,0.0426585716096716,0.068745996796604,ratio_none_subclass
enigma,parkinson,Lamp5,0.0037200522202599,0.0541130013907037,0.068745996796604,ratio_none_subclass
enigma,parkinson,Lamp5_Lhx6,0.0019709652601012,0.0286702550249246,0.068745996796604,ratio_none_subclass
enigma,parkinson,Micro-PVM,0.0032512419862855,0.0472935463559401,0.068745996796604,ratio_none_subclass
enigma,parkinson,OPC,0.0017694596071443,0.0257390930322755,0.068745996796604,ratio_none_subclass
enigma,parkinson,Oligo,0.0020970208382737,0.0305038974775237,0.068745996796604,ratio_none_subclass
enigma,parkinson,Pax6,0.0005464565844404,0.0079489222631708,0.068745996796604,ratio_none_subclass
enigma,parkinson,Pvalb,0.0010657478727741,0.0155026899373846,0.068745996796604,ratio_none_subclass
enigma,parkinson,Sncg,0.0045472024628187,0.0661449782490229,0.068745996796604,ratio_none_subclass
enigma,parkinson,Sst,0.0021354318514152,0.0310626356576546,0.068745996796604,ratio_none_subclass
enigma,parkinson,VLMC,0.0020722958404239,0.0301442402028896,0.068745996796604,ratio_none_subclass
enigma,parkinson,Vip,0.0036144737813481,0.0525772255807439,0.068745996796604,ratio_none_subclass
