"path","bytes","sha256"
"AGENT_PLAYBOOK.md","1507","0e3d0b73a36504852304cc46b9d637b580c3240cd638a1051bfbef93db0af1e4"
"PROJECT_MEMORY.md","5950","8a85697b6da02ced2da44919bc2ad0407488a321770d0942e45049ba4783f6bd"
"README.md","2974","48b32aabb2fce9973f5a94dd41afdbd0df1c6a8364ddb401cf3a6f8c8e82cdd5"
"archives/HomoloMap_source_20260817.zip","73519","ebd8ff293094eb5a76fc8f147cc53e86030fa6c21eaf14939205e1076db3d812"
"code/build_figure_draft_v6_wide_heatmap.py","7977","867d36fb2af91e5525ea8be740c4c5428f3eb70d84a410aecfe870b8cc918cab"
"code/correct_layer_permutation_results.py","3752","0ffe6f1194cb5cb35d3715343cef68060c10f566ec8cb100d4f4bec9471ddcac"
"code/plot_feature_strategy_validation.py","3469","e089845e0e50b90245859cdbd898256a3d4cc54af8a3493cc515867d316bec3a"
"code/plot_layer_specific_shap_v2.py","5427","97b851993f34251c051a60aaecc76fdca07ee2962f58da46ac245f4fa1f75cb6"
"code/plot_nature_layer_figures_separate.py","8759","4dd26f3664201ad1297034f48845dabf5713c5d0e3cbcb0bfbcc918c12765d90"
"code/plot_reclosure_figures_optimized.py","8575","e82450e63f66e0f44f1614a67ed3f0ce68746579e755c6f1216199fdd3f512c0"
"code/plot_reclosure_primary_results.py","3946","3c11178a0b5c5dae738561ae4d611a01cc5ab9fe65a8a020f5a455cc6824eca1"
"code/plot_shap_all_branches.py","2531","5244f1bfef13e7b6c11d0057c3417b7791fb8162c9c90fd4b08c0491d5bc6d5b"
"code/qa_final_html.py","1913","7afc498a054f84987ad86b569b8e1a6fc411de848f8f409e15e1dd5011f13bda"
"code/render_spin_significant_brain_example.py","3700","58a7c3e251fd4a25acd20e528d9e37aa5607e5a46056101a4f3c9516af29ee6d"
"code/runner.py","11486","f5fd8cf9c7b1dc94972e72b9ba17293f862216c9baf9f73ba5de3145f1aec632"
"code/run_feature_strategy_validation.py","6922","333e4c97ab87aebcb887eb9f2fbdbd3cc75060c8b3af88b9addedbd6fcac39b1"
"code/run_layer_shap.py","5683","5ce3a8750544b73e7c6a3773a5c004889bb1c487f5603317e9a821658b168824"
"code/run_layer_shap_all_branches.py","8133","33ad5d9c2c9e9e97a4a2e21a57931af0fba4cbe34ad2075862a72dea4279b691"
"code/run_permutation_correction_without_statsmodels.py","899","feaa20d4d226adda38157264a40c6b5d43f055abcc964eac86e0abfc1f3290da"
"code/run_reclosure_full_composition.py","2350","c696a6711ffa4c09ad0cfbc9a05c2c415d911109aa3250910b4831168842b459"
"code/run_reclosure_full_shap.py","1125","9903ea061ee0f153ca5b48242361552dc1387a0e573d6d809c2be82f29ddda8d"
"code/run_reclosure_layer_branches.py","10197","99ca27408c4029c67e0dffe46e0d68053f4d7bbdd24ccc74b9dc7ed5bbe82872"
"code/run_reclosure_layer_specific_shap.py","8201","0c110450c8620393a58fc8a4daca07f2f50ae6ac1bb3c3109bc3aace4204e7a5"
"code/run_reclosure_shap_all_branches.py","7234","dbde3d5463f1297dc03d8efa9457d38d389bec709d7e059bbce90575ba698314"
"code/validation_layer_branches.py","7020","2b1f6c7672f7a6daffc94d6933adca982c31515f591f7659548b31c762925e44"
"code/HomoloMap/parcellation.py","596","9c5ad6e04348c78b166c345ee9183303eac399e4c36e243914f95ff10bd2125a"
"code/HomoloMap/plotting.py","21391","d0ef404a716b0aba914714c925100e884485e23f9733c0475ed75503df268643"
"code/HomoloMap/plotting_layers.py","1875","62e47124493e9a909decf9790b039aa6b2c9963de326a762350a4eb4ae6ab10a"
"code/HomoloMap/spins.py","31418","60608e06621eae60dd1d816ea509bebf14aa69a4882067fc793e268328f84fb4"
"code/HomoloMap/utils.py","25000","70798c56fd70f163cf281dc728179009b134083a575cb24ee37a1b2ea9aeac1f"
"code/HomoloMap/__init__.py","2467","ab17012cd880c333038a5c6fe8859f6e3643987f7603a0c2bfef61d088cc5c4a"
"code/HomoloMap/__version__.py","99","1fdede1818a5dce06cc4cbdfe2c0194ba093e7b7ecf1c338f513f92579e12cf1"
"code/HomoloMap/datasets/atlas.py","9598","b454de1dacba8b1946ff8f74e716a5509bcfc147643221b3b5514608638beff1"
"code/HomoloMap/datasets/layers.py","7267","cfc8cd9c00f53008ae26dd329bd721dc03cc0169118e054ff740447a7f1f2191"
"code/HomoloMap/datasets/__init__.py","737","155bf449645b4fbebbbf5165e9aac49e9ec070e249788cde0c1fc64ab866ce5e"
"code/HomoloMap/stats/analysis.py","45140","5f12dfc55f6e84199c6ed6dd93aa7ccaf62f2ee52ac370c604d1b1c3c1e3c468"
"code/HomoloMap/stats/layers.py","5487","aac7cfa74f3a6a746cb0975b79e6046868e88dde73520a8f87e6213cfb2eb314"
"code/HomoloMap/stats/nulls.py","20417","00e49f38be0777e24c8da085a9d606c2469ee041bfb6e2b5bcdd86581f04cc41"
"code/HomoloMap/stats/__init__.py","813","2f100a7b90310db661771827a263fd76df8bfac568aec8a01d9b1ec7aa8af992"
"code/HomoloMap/transforms/atlas.py","4387","6399b35a2bee6f89d216bc4b9ae5c1c0d0503834c7e8e50e143c8aea3529bb15"
"code/HomoloMap/transforms/composition.py","5658","fc127f1e9c1e6a319f096bf8b3358220633073437abe4ac2543b0adf002cb611"
"code/HomoloMap/transforms/geometry.py","12666","6b71763c021979f5cc0f966bd220b53d0b3d509e95703484161de52df1603f4c"
"code/HomoloMap/transforms/layers.py","2194","ea8cb685d445719691f78d0d76ef0c3cd75ef7d6ca6fcb3af78372236e42e520"
"code/HomoloMap/transforms/parcellation.py","34440","6d7b9101f7d4d1358d2fd688b6861647c3cf9c218ebe367994db4c20d4601ff1"
"code/HomoloMap/transforms/smoothing.py","23746","fddc8a668b3f1fd10799aa53859dee0090ff2b5a3a6929d7c6734190abdcc1cf"
"code/HomoloMap/transforms/__init__.py","1483","384433e72136892ad1de05cc6f43cb9c10fab879de1f229590b28d76cd4cb5d5"
"code/package_snapshot/utils.py","25000","70798c56fd70f163cf281dc728179009b134083a575cb24ee37a1b2ea9aeac1f"
"code/package_snapshot/datasets/atlas.py","9598","b454de1dacba8b1946ff8f74e716a5509bcfc147643221b3b5514608638beff1"
"code/package_snapshot/datasets/layers.py","7267","cfc8cd9c00f53008ae26dd329bd721dc03cc0169118e054ff740447a7f1f2191"
"code/package_snapshot/stats/layers.py","5487","aac7cfa74f3a6a746cb0975b79e6046868e88dde73520a8f87e6213cfb2eb314"
"code/package_snapshot/transforms/atlas.py","4387","6399b35a2bee6f89d216bc4b9ae5c1c0d0503834c7e8e50e143c8aea3529bb15"
"code/package_snapshot/transforms/composition.py","5658","fc127f1e9c1e6a319f096bf8b3358220633073437abe4ac2543b0adf002cb611"
"code/package_snapshot/transforms/layers.py","2194","ea8cb685d445719691f78d0d76ef0c3cd75ef7d6ca6fcb3af78372236e42e520"
"figures/figure_draft_v6_qa.json","514","03fe507f3055a56ea807d43321555240c4eccf1dfcc7ef23f22da58d7ed01b21"
"figures/figure_draft_v6_wide_heatmap.pdf","138580","77a9e44ca9d8a843b6c531ddb114ea3eb80668e28288b60fd98c386f6a94f6f6"
"figures/figure_draft_v6_wide_heatmap.png","705492","f6ad26aa93b35161d3c6c46a3d3bb88c767b31e8308c343f3e4b78e0ebc0ce8e"
"figures/figure_draft_v6_wide_heatmap.svg","161972","f2ef8a87928833d0f0e695ba21cc744eb30a0aa66d23fae3b1105d4e2b0971a9"
"report/layer_analysis_report.html","38867","42f671afd24f3060b87445d464999d47b787ba19fcee2bbca4e6ef86792d92fa"
"report/figure_draft_v2/figure_brain_layer4_pax6_spin_significant.png","637109","a9c014c00de1e6f422ec706be663fbe24ecd5f379a31923856681981126e95b6"
"report/figure_draft_v2/layer4_pax6_brain_source.csv","4683","98abded98add290713f57d76a1df0ae5b890094298fda194a792a75849f57d9a"
"report/figure_draft_v6/figure_draft_v6_qa.json","514","03fe507f3055a56ea807d43321555240c4eccf1dfcc7ef23f22da58d7ed01b21"
"report/figure_draft_v6/figure_draft_v6_wide_heatmap.pdf","138580","77a9e44ca9d8a843b6c531ddb114ea3eb80668e28288b60fd98c386f6a94f6f6"
"report/figure_draft_v6/figure_draft_v6_wide_heatmap.png","705492","f6ad26aa93b35161d3c6c46a3d3bb88c767b31e8308c343f3e4b78e0ebc0ce8e"
"report/figure_draft_v6/figure_draft_v6_wide_heatmap.svg","161972","f2ef8a87928833d0f0e695ba21cc744eb30a0aa66d23fae3b1105d4e2b0971a9"
"report/nature_figure/feature_strategy_brains/figure_brain_cross_layer_l6_endo_mean_relabel_then_ratio.png","706191","0fd309c3a18d93ae3ecef9bdea2f9dd18827f917d6ef7c314207dba163e214c2"
"report/nature_figure/feature_strategy_brains/figure_brain_cross_layer_l6_endo_ratio_then_mean_relabel.png","703611","2693ecbba97a74532f295f669abda87db16c7befbc276dc16c52ae6afd8dd9b3"
"report/nature_figure/feature_strategy_brains/figure_brain_cross_layer_l6_endo_sum_relabel_then_ratio.png","708816","22b9de343cae409431828cf9fb7d72bfe67a29d851407d4b0026eb9ef6805d43"
"report/nature_figure/feature_strategy_brains/figure_brain_within_layer_l4_lamp5_mean_relabel_then_ratio.png","763068","dfea053764435d14ba2637e14a6c8ac87d9a8224630a40c802d09a2e21c6c2fe"
"report/nature_figure/feature_strategy_brains/figure_brain_within_layer_l4_lamp5_ratio_then_mean_relabel.png","725884","9466d93a196c45fa67bd220f41e10ac6c23f8be4325b8bda5ab2e320dc561605"
"report/nature_figure/feature_strategy_brains/figure_brain_within_layer_l4_lamp5_sum_relabel_then_ratio.png","766312","6dfa1bbaee7f2e563338cbf2b438dcccadd7f7b698f8fe65aad1823db90143ab"
"report/nature_figure/feature_strategy_brains/plot_feature_strategy_brains_surfplot.py","3123","32d9fdf7e5ec58556073d339b076892613ffa2c88c4cbf70d1307065c3cd1f6b"
"report/nature_figure/feature_strategy_data/feature_strategy_closure_audit.csv","537","b112217baea5e03a12efa0d8ff12acf75a3ae5aa19f0c983778ec0a091a6f2d8"
"report/nature_figure/feature_strategy_data/feature_strategy_correlations.csv","101722","ef6e9c8553ab0c01396b6b5ff2ddcbb6a4a160a52af7729e8adf576276463c5f"
"report/nature_figure/feature_strategy_data/feature_strategy_mask_audit.csv","11111","9b90e41ee2f05bb4277bc07ca277cd9aecf0541db56d5667bbf0a1b8cd98115c"
"report/nature_figure/feature_strategy_data/feature_strategy_summary.csv","1113","0461ce82977abed56a7d100924db5ff271cf32d5bdda1fe7fab8a9fbf4e9aae8"
"report/nature_figure/feature_strategy_data/run_feature_strategy_validation.py","6922","333e4c97ab87aebcb887eb9f2fbdbd3cc75060c8b3af88b9addedbd6fcac39b1"
"report/nature_figure/shap_all_branches/shap_all_branch_summary.csv","2211","ff4566c8a88d63a922c6aff0e09e0e7c5c8a39f5f4aa1577c93500140a53af95"
"report/nature_figure/shap_data/shap_ctype_total.csv","1415","8d5cfee31f940fd82ca3718d5f12b47dc26fcc6a119600fc24ce49b33d0768ae"
"report/nature_figure/standalone/figure_feature_strategy_validation.png","159112","665fb19c02dfac93e4eee2a89cab2e8c416bb8ad5642431741265b636279d003"
"report/nature_figure/standalone/figure_layer_effect_profile.png","192092","14075cf092835009e7ca8d0fafa7e4cc1cfdf959b9c885b5290410da601176c1"
"report/nature_figure/standalone/figure_pipeline_sensitivity.png","70146","fab7d1b6e5c55e92e77f9385f6f0545221903d95810986bdbb155d1a8d384fca"
"report/nature_figure/standalone/figure_shap_branch_comparison.png","118826","8d9ae047fa89427f4521131aef02ed129da9ca078a8d307762c597fdd24d23f0"
"report/nature_figure/standalone/figure_supp_within_clr_absolute_heatmap.png","91208","8ef8a78f08815796f17fc866bda61ab9bcd95340f01dc2b2d9b1aeef0bfd89a1"
"report/nature_figure/standalone/standalone_figure_contract.json","109","d6971ba685acf957edcc53fc67edbac748fbc93c867b9232a2550acbd8f466dd"
"report/permutation_corrected_v10/figures/figure_permutation_corrected.png","74967","27455deb290fe14d83621dce131ce0af319d9b9d84e933032b93c52ac64ef926"
"report/permutation_corrected_v10/figures/figure_permutation_sensitivity_corrected.png","57321","be998464013e2763c09452dd14071cce0f0594ed75a92771471f94074253edfd"
"report/reclosure_v3/audit.json","1350","be488d436a8b616fc25f3cd1b546fd8f76569fd330161c5a5d40ed69dc52d81e"
"report/reclosure_v3/branch_summary.csv","1893","ed9e565397e731f2af335e3a5d49dd17b4c5052f06dd6267215b95a5772d26aa"
"report/reclosure_v3/reclosure_vs_unclosed_summary.csv","1919","2b9d478ff52454cf45239bfd173254508048fc83b300dc333cc2ccb889479623"
"report/reclosure_v3/figures/primary_figure_qa.json","212","0a4dcebc527bda88d86aa8faa30b9b73980845ea8d29235e997b50b8268a8e62"
"report/reclosure_v3/figures_optimized/figure_reclosed_best_heatmap_opt.png","104610","445a3a7a54cfc0fab638d58ea4db03e6d96c291c09cae2ae246018872e4e58dc"
"report/reclosure_v3/figures_optimized/figure_reclosed_shap_contribution_opt.png","82416","32f7ef476c54e2fee6a951f55a22e6b9f39d6726325c0cad21de82d6c224b2ba"
"report/reclosure_v3/figures_optimized/figure_reclosure_branch_effects_opt.png","118820","2a2ed51529500db4c82a1a20770a3ca3eefe7043bd201c4fda4c143fa07786cc"
"report/reclosure_v3/figures_optimized/figure_reclosure_effect_consistency_opt.png","134092","c7bb0176c6cad36f78626389ec339c5260266ca0189bb8ba9371f29096e378b2"
"report/reclosure_v3/figures_optimized/figure_reclosure_inference_change_opt.png","112544","9f566016fd8ee682f88fc09b7ed7380ecfa7c84e97b8bc6e0c890cb6a53b8a77"
"report/reclosure_v3/figures_optimized/optimized_figure_qa.json","402","930991d4272f0b60e0013d36aef4a9bbe849d6353440df51337f0d97c59b3d3e"
"report/reclosure_v3/layer_specific_shap/layer_specific_model_performance.csv","961","f5bb80071d927d18db68cc16b597c9f0a7e6e390dc6c0fd99d79afd82f13f9e6"
"report/reclosure_v3/layer_specific_shap/layer_specific_shap_classes.csv","1174","807fa53ee5b8144533ad70c26064a8dd7582154d51767886dedfee811fd5e594"
"report/reclosure_v3/layer_specific_shap/layer_specific_shap_contributions.csv","9852","3c20462f9f0ef2320abc0837494fb155ec8a1564341c7717c4e2ed8df7dcc4ec"
"report/reclosure_v3/layer_specific_shap/layer_specific_shap_stability.csv","9774","481737ea63a9689929c63a4d5ac58fb1fe2ba13847ae1af07ac49c82bac7e916"
"report/reclosure_v3/layer_specific_shap/figures_v2/figure_layer_shap_classes_v2.png","74171","43a3e636c754ba5cad1d89cf011d7870f32159f3baac95903e81b45dfcc5376e"
"report/reclosure_v3/layer_specific_shap/figures_v2/figure_layer_shap_heatmap_v2.png","100083","bbf84331dfcde02071ed6421dc6cebec6c1177e5392a5c98140007629364cca4"
"report/reclosure_v3/layer_specific_shap/figures_v2/figure_layer_shap_performance_v2.png","69269","4e395ec011df68d7fa45e68fbab520af10b55a36d6c6012e9a98502dcdcf65cd"
"report/reclosure_v3/shap/shap_all_branch_summary.csv","2218","c4db4f4d2c7589aa6a889a03866df6b783bcb14fb1fac286e69c9ce1f0de94ca"
"results/baseline/branch_summary.csv","1891","5fd1ec3fcbf11cbc3249343e7be9b6ad5ae05e9ffe76906706ed28756b28ac19"
"results/baseline/parameters.json","450","a6bba9c2e1eaa3734d928310d771ce2321998a7dd27ebc277f4a0c7dd1a78098"
"results/baseline/runner.py","11486","f5fd8cf9c7b1dc94972e72b9ba17293f862216c9baf9f73ba5de3145f1aec632"
"results/baseline/source_data/all_branch_mismatch_results.csv","97494","76924372590c46ab0d1c772b9896014d7aa49b41d4e4849c65f21c6c8bd7450d"
"results/baseline/source_data/all_branch_spin_results.csv","96265","874810b76c2f9fc82f5ed99248750e883f347f3a536b73f96b8e1de63a4cad35"
"results/baseline/source_data/best_branch_p_matrix.csv","2109","018226f56161e8d6c1bc919a4820bb11c27911c00f9bf40714b20f1f3dec7b6d"
"results/baseline/source_data/best_branch_r_matrix.csv","2091","05d9c6e659b80fd5b76ffe5fde6f17bf62224437d2ce987642ab9c00d6d8981c"
"results/baseline/source_data/branch_layer_mean_abs_r.csv","1355","b5ebf62986bdb5a6e4b06165675bea20e83b9fc2e82d43b31b262d73ca5cfc91"
"results/baseline/source_data/branch_significant_jaccard.csv","1447","c141bb5bc2953fd526b2c174637f917092a74fd88023bba733e537cad8bee5bd"
"results/baseline/source_data/branch_spearman_r.csv","1921","1f5b831e764227943487b00f6b6efea71e05ecc6e72ede7916952d56ff68c90a"
"results/baseline/source_data/present_mask.csv","934","0e703a035924c2a4f01ebea07c213a224909b2371c005dbcbbda1933934002b9"
"results/baseline/source_data/thickness_absolute.csv","12593","37edaeda5708a15c51d2e4f1f8f23755deb411206e8d5f5c2aa19557d599383a"
"results/baseline/source_data/thickness_relative.csv","12871","bf8478ee81ae66ba761ba82b94e6e1db82c5d67ea583f0265d6fc6a82b6cff0b"
"results/baseline/source_data/within_layer__clr_false__thickness_absolute__whole_null.csv","14628","7dd94ee9329068b1101e1384f2694cc4d77a1229227acd6fb805437b3a62aef0"
"results/baseline/source_data/within_layer__clr_false__thickness_relative__whole_null.csv","14803","b49b9dfa8fae2f7274a2bc60995a76db2aa2c32d17326d5edb6c6e6f5405ca95"
"results/baseline/source_data/within_layer__clr_true__thickness_absolute__whole_null.csv","15139","e266fde21ea1aaaa737ed2ecd09740bea7754750f3e242232b3a97be1b5ea652"
"results/baseline/source_data/within_layer__clr_true__thickness_relative__whole_null.csv","15436","28e5044396c26942cd3a58bad4c016a6ed0a899ee2ae50e3e9304efa433dba6c"
"results/baseline/source_data/within_region_cross_layer__clr_false__thickness_absolute__whole_null.csv","14771","04a8084e4705ad6d9959f5a7393980b3b546bb1ebc5a815eff8b017eda8e4411"
"results/baseline/source_data/within_region_cross_layer__clr_false__thickness_relative__whole_null.csv","14705","8b1f4a40a69f7643ba1948ee72b8e23bfd247165432e1525ae75b50805fef0aa"
"results/baseline/source_data/within_region_cross_layer__clr_true__thickness_absolute__whole_null.csv","15178","98bdca9e861a2ba60d0ce1c976c27413a161f9a570ea6db3526ce5b49acfb15a"
"results/baseline/source_data/within_region_cross_layer__clr_true__thickness_relative__whole_null.csv","15261","b5220368b2e6dc8edee3bded67eebf64a49da93d3679b2ed3df39adac8e952dc"
"results/baseline/source_data/feature_strategy_validation/feature_strategy_closure_audit.csv","537","b112217baea5e03a12efa0d8ff12acf75a3ae5aa19f0c983778ec0a091a6f2d8"
"results/baseline/source_data/feature_strategy_validation/feature_strategy_correlations.csv","101722","ef6e9c8553ab0c01396b6b5ff2ddcbb6a4a160a52af7729e8adf576276463c5f"
"results/baseline/source_data/feature_strategy_validation/feature_strategy_lowest.csv","5329","1f5afe6d8139349af3067a7803c214089523f881dd3a21ca3f7779781ab855d4"
"results/baseline/source_data/feature_strategy_validation/feature_strategy_mask_audit.csv","11111","9b90e41ee2f05bb4277bc07ca277cd9aecf0541db56d5667bbf0a1b8cd98115c"
"results/baseline/source_data/feature_strategy_validation/feature_strategy_metadata.json","1144","f46cd4f4dd6d67b734b13f260b9c8aed99f91fc70bfd5200f11403585f32f5db"
"results/baseline/source_data/feature_strategy_validation/feature_strategy_summary.csv","1113","0461ce82977abed56a7d100924db5ff271cf32d5bdda1fe7fab8a9fbf4e9aae8"
"results/baseline/source_data/shap/shap_class_total.csv","208","548fbeacb04ea5d2817d2de63b21490c35ea8c182691ca08ac0325fae4881e01"
"results/baseline/source_data/shap/shap_ctype_total.csv","1415","8d5cfee31f940fd82ca3718d5f12b47dc26fcc6a119600fc24ce49b33d0768ae"
"results/baseline/source_data/shap/shap_layer_ctype_mean_abs.csv","4316","25a2e9766dbfceca0a165b7f7ca0dd5809432022b092ad9efaf99ad044da47e7"
"results/baseline/source_data/shap/shap_metadata.json","732","2bb28ba499fce3d59ff68ac09b39fad2ee1ad440ecb1da867feb3da5f1372e97"
"results/baseline/source_data/shap/shap_model_performance.csv","520","5ac70bdb50c33e5e5d6fd7068aa7109236ded1d1f0f2e8b2255eb63df8819454"
"results/baseline/source_data/shap_all_branches/shap_all_branch_class.csv","2018","2f76877bf0a1b96352541d23c7788254cbf80196a75abda9a54ea79f65b23b30"
"results/baseline/source_data/shap_all_branches/shap_all_branch_ctype.csv","20082","7d3e6af9e8e649214e9f128a7308f56f0a1bf5b8e29aa3d37108fe5f6353dcd7"
"results/baseline/source_data/shap_all_branches/shap_all_branch_layer_performance.csv","7524","a1fd24ad1b439f152589d76ad21ecaa7b03d3a057876ab34f5cb0da6d2840120"
"results/baseline/source_data/shap_all_branches/shap_all_branch_metadata.json","1112","d2bcb53de4b5afb0e928d069c54bbfdabd4f27d9cd519d6027cf3b760d3cbc36"
"results/baseline/source_data/shap_all_branches/shap_all_branch_summary.csv","2211","ff4566c8a88d63a922c6aff0e09e0e7c5c8a39f5f4aa1577c93500140a53af95"
"results/baseline/validation/quantitative_summary.csv","764","1a7eec48d60a52389234e7adef43c24154d409d6403787549e5bf5cc8856d381"
"results/baseline/validation/validation_audit.json","12997","1b9b6402654c3a157c234b2330e865dcf3383fdf6c2a8a53616cfdfeb1ca6275"
"results/permutation_corrected/branch_summary_corrected.csv","2095","9cebdbfc278207ec30ad6604e9f28ca510b6271345900192334e800d934dd419"
"results/permutation_corrected/mismatch_results_corrected.csv","109607","dcc2f55859a80c5e6a7daa56cae4f22df61dd93526a0d124bb5c9349352ca7bd"
"results/permutation_corrected/permutation_correction_audit.json","2046","b035a24d0b4468787249e6d1c0e0d59d634465a4fe7cb2c442d8349c0d610938"
"results/permutation_corrected/report_v10_qa.json","860","ece745ba10516c346d24ff00b91d65ab0e34c1e25dcd9c32bb9b336a40ad33e3"
"results/permutation_corrected/whole_match_correction.csv","1000","b2ec86747bd153c7d3dfe4945fb7e5395946890b4c5da1d77cb143aeabecfaed"
"results/permutation_corrected/figures/figure_draft_laminar_cell_thickness.pdf","65328","4c7ac0c0d10fa96dfdfffcf947be398a18416d81410eee7c744d0ae7e03d9726"
"results/permutation_corrected/figures/figure_draft_laminar_cell_thickness.png","194995","6040b9cbd9cd806e137f92c897d9b76ec004c2e01bce93f7c17492dded1cb868"
"results/permutation_corrected/figures/figure_draft_laminar_cell_thickness.svg","58954","03d534fb3724c51b5c4043637124b4536b133ee371157f12e37ff86708bbdcf4"
"results/permutation_corrected/figures/figure_draft_qa.json","552","12ab1fe56660982423f0d7d549795bff228ca4079fe206195aabef2d27272787"
"results/permutation_corrected/figures/figure_permutation_corrected.pdf","40813","f84bf498bfc54c7812deb85da461bce047632ede28f461ea425c4d5fa07d75c9"
"results/permutation_corrected/figures/figure_permutation_corrected.png","74967","27455deb290fe14d83621dce131ce0af319d9b9d84e933032b93c52ac64ef926"
"results/permutation_corrected/figures/figure_permutation_corrected.svg","18689","dbb97830b7087a7c99bfa096d231fd8b836bf5cd6636afa84d0ce6d2eb5236e6"
"results/permutation_corrected/figures/figure_permutation_sensitivity_corrected.pdf","41639","f049f7c475eb556efcbd4abd519dacaed7aa6c49b9b77a51e310550ac04028ad"
"results/permutation_corrected/figures/figure_permutation_sensitivity_corrected.png","57321","be998464013e2763c09452dd14071cce0f0594ed75a92771471f94074253edfd"
"results/permutation_corrected/figures/figure_permutation_sensitivity_corrected.svg","17834","557ff47a5b6e957884f91918fdee143f9c0f479b12611155a2925c4ef1ecce62"
"results/permutation_corrected/unclosed/branch_summary_corrected.csv","2096","6ab57f6223810401f8da9ed37d6d954c0c67e46b7d0302148e77c9c38395d85b"
"results/permutation_corrected/unclosed/mismatch_results_corrected.csv","110252","b308eb07ce835aadea60c0747db27c892d9536c7b49f65e250b53683a6a915e2"
"results/permutation_corrected/unclosed/permutation_correction_audit.json","2046","b035a24d0b4468787249e6d1c0e0d59d634465a4fe7cb2c442d8349c0d610938"
"results/permutation_corrected/unclosed/whole_match_correction.csv","1002","85d3efab12c40aa8114358de6bbf7c7312536f23818d3d1db1068d9fb7a6e4e0"
"results/reclosure/audit.json","1350","be488d436a8b616fc25f3cd1b546fd8f76569fd330161c5a5d40ed69dc52d81e"
"results/reclosure/branch_summary.csv","1893","ed9e565397e731f2af335e3a5d49dd17b4c5052f06dd6267215b95a5772d26aa"
"results/reclosure/parameters.json","381","3e110a18c32a84092e19a94e4730f9feed89144bba5b642785a7aa3372295671"
"results/reclosure/reclosure_vs_unclosed_summary.csv","1919","2b9d478ff52454cf45239bfd173254508048fc83b300dc333cc2ccb889479623"
"results/reclosure/report_qa.json","486","66bc8236f0fb25ae66eeed14ae69d4c78ff10e422e55815111910dbcd90bcc21"
"results/reclosure/figures/figure_reclosed_best_heatmap.pdf","34007","ee1fa69c86b30145fae92f5920b62affde90fabf7d03022080003eb439392c10"
"results/reclosure/figures/figure_reclosed_best_heatmap.png","84104","bf0b9a7650c29819a4e2e371325c0bfd933cbcdc98deab6ee2b7845a6eb9a4d4"
"results/reclosure/figures/figure_reclosed_best_heatmap.svg","26787","885265736fa8d36465785be4b41a2089cb2c29264833fd95b0be803cc3ff21de"
"results/reclosure/figures/figure_reclosed_best_permutation.pdf","27396","6e9ad0d4d464b7e6bc7ba99688b7f6dcbf4d6a7be6a1c96239798b25364ac177"
"results/reclosure/figures/figure_reclosed_best_permutation.png","53942","5602a6875e6cb96d86d645f55f913c93874e0aaca839f28c8bc5b7ef35f4962a"
"results/reclosure/figures/figure_reclosed_best_permutation.svg","17130","c14f38408aeb5888ef208c825b622869a39eeefc7a090389c1f7d10d43ed25a4"
"results/reclosure/figures/figure_reclosed_shap_contribution.pdf","32421","6fde49332cf4b22f93f72ac038473e0a6058a3b8ff297b8a5d61a5b0d8e09b83"
"results/reclosure/figures/figure_reclosed_shap_contribution.png","79599","0e36d2c375f4ed147a64e5e2343d7a923707c1ef8df5bc5a0f9d89531e51a3e1"
"results/reclosure/figures/figure_reclosed_shap_contribution.svg","22230","d7c6b6d9cf071fa21516aabeb22d866b26ba850940f93be26acedb76f01e22be"
"results/reclosure/figures/figure_reclosure_branch_effects.pdf","31331","650aa8fff63f8db536f12bf074531499db91f25a43453ec1ec036d862173e3b2"
"results/reclosure/figures/figure_reclosure_branch_effects.png","114295","b87ae5a46ab79c2077b0f7795d88b23149fe244b24497d68a2b2a70e3c483ec2"
"results/reclosure/figures/figure_reclosure_branch_effects.svg","15956","9b1d620649b784a3ea94a5ef89d4859d93d6ff98d46b0a255c77d8d7de29aeae"
"results/reclosure/figures/figure_reclosure_effect_consistency.pdf","42594","2f67ee5c5c16efeecde6990e2a5629186a81bcedbda4d38a54c681d0fb26561d"
"results/reclosure/figures/figure_reclosure_effect_consistency.png","203797","450023b6e5e6554b61431db90c3b43d938bfdd197505632705feff78a6fac7d4"
"results/reclosure/figures/figure_reclosure_effect_consistency.svg","135679","64fd1532e83c09facbf98fbb22d7bf48695ad862d048fac1ab30aa9bb6fbf8cd"
"results/reclosure/figures/figure_reclosure_inference_change.pdf","27993","9479d59691ff68aa426463c09ebcf22d5490adbedd1afda534bb5ff635235554"
"results/reclosure/figures/figure_reclosure_inference_change.png","114328","e610115c201d7ccb6192e54500261bbd7459fa999e98df002d25abddfbf2ea4f"
"results/reclosure/figures/figure_reclosure_inference_change.svg","16377","5f90e3e9065750f05027b6cb6c26f2a2b43d069cae4db7a97431bfa79d67201c"
"results/reclosure/figures/figure_reclosure_qa.json","261","d1a97247c01e2fc717345bb092e0b70bff8a669c66f841c2e07d8ed0811617f3"
"results/reclosure/figures/primary_figure_qa.json","212","0a4dcebc527bda88d86aa8faa30b9b73980845ea8d29235e997b50b8268a8e62"
"results/reclosure/figures/reclosed_best_q_matrix.csv","2057","6100120aa2385612e13e99c0f4df6b0c2d2b0486b9cb612aa1a8d0a91cb83ee5"
"results/reclosure/figures/reclosed_best_r_matrix.csv","2057","8fc256037c9bdde89143d5fb1c46b1c38ccb586d3d869a8465fb411c6a8c2454"
"results/reclosure/figures/reclosure_comparison_source.csv","2115","b3faa05f6f34a93b6ddc046802b9969354edc16c96f05c5346a354f1b4e8cd1c"
"results/reclosure/figures_optimized/figure_reclosed_best_heatmap_opt.pdf","44700","f937c00290f960412eb83403880e8ae4299a581cbf6062789ec9731e8d9241cd"
"results/reclosure/figures_optimized/figure_reclosed_best_heatmap_opt.png","104610","445a3a7a54cfc0fab638d58ea4db03e6d96c291c09cae2ae246018872e4e58dc"
"results/reclosure/figures_optimized/figure_reclosed_best_heatmap_opt.svg","73730","ee1cbdc730f3f2529b1dbeb81685365c1a66664c12b9d8381954570f9ad7f772"
"results/reclosure/figures_optimized/figure_reclosed_best_permutation_opt.pdf","27955","28b58c7283e172fe8fa51466ba76f9300446aa51181e418b89e25929812d469a"
"results/reclosure/figures_optimized/figure_reclosed_best_permutation_opt.png","56672","b54dc98f76b3a13d9aa6983f30c7ae136078f0116b855e2a022584c050285c97"
"results/reclosure/figures_optimized/figure_reclosed_best_permutation_opt.svg","17111","5177d9ecbdd25dc615b50550fe36ed789ca9907a62c62a81ee28ef2749fdfb8f"
"results/reclosure/figures_optimized/figure_reclosed_shap_contribution_opt.pdf","33166","60c4a7ac9ea34b47772db56a5cf420a6885d21dbdc440af5ae1fe9962f112602"
"results/reclosure/figures_optimized/figure_reclosed_shap_contribution_opt.png","82416","32f7ef476c54e2fee6a951f55a22e6b9f39d6726325c0cad21de82d6c224b2ba"
"results/reclosure/figures_optimized/figure_reclosed_shap_contribution_opt.svg","23002","e0624c62102cbff12672e7677bcc507e7ef34e8bf2f6cdde4c4ee2f5ee696e17"
"results/reclosure/figures_optimized/figure_reclosure_branch_effects_opt.pdf","30364","e8f5d6a9ac84fce29809be180e8e9a07644441245a8a2f0bf0d82a3768c356b5"
"results/reclosure/figures_optimized/figure_reclosure_branch_effects_opt.png","118820","2a2ed51529500db4c82a1a20770a3ca3eefe7043bd201c4fda4c143fa07786cc"
"results/reclosure/figures_optimized/figure_reclosure_branch_effects_opt.svg","16257","7d4750bb120eccde1fd87994aab78499050eac9b00dee65a4a2e185c8a24df80"
"results/reclosure/figures_optimized/figure_reclosure_effect_consistency_opt.pdf","33677","f7763f99f04b8c0be38ea530110adfcaa872346a4e766aaf176b13f48b8866a8"
"results/reclosure/figures_optimized/figure_reclosure_effect_consistency_opt.png","134092","c7bb0176c6cad36f78626389ec339c5260266ca0189bb8ba9371f29096e378b2"
"results/reclosure/figures_optimized/figure_reclosure_effect_consistency_opt.svg","140456","215ce0d78a25e4f82345686f2be8c368a161c3eac60af1427af08c48bd8f4b3f"
"results/reclosure/figures_optimized/figure_reclosure_inference_change_opt.pdf","35412","d243f401c8cf2c1b41fd616e87546e485aceff9ea0905d55f3c6806c523c1791"
"results/reclosure/figures_optimized/figure_reclosure_inference_change_opt.png","112544","9f566016fd8ee682f88fc09b7ed7380ecfa7c84e97b8bc6e0c890cb6a53b8a77"
"results/reclosure/figures_optimized/figure_reclosure_inference_change_opt.svg","16928","9e002da80ac95cc2ad2fd7386dac6b44496bbf17614f395cad45a9b107211014"
"results/reclosure/figures_optimized/optimized_figure_qa.json","402","930991d4272f0b60e0013d36aef4a9bbe849d6353440df51337f0d97c59b3d3e"
"results/reclosure/figures_optimized/optimized_reclosure_comparison_source.csv","2115","b3faa05f6f34a93b6ddc046802b9969354edc16c96f05c5346a354f1b4e8cd1c"
"results/reclosure/figures_optimized/report_v4_qa.json","2485","73c18cdc9930e50854ea663b0957a02cfa0f529dc7b97e726b544f2f75423662"
"results/reclosure/layer_specific_shap/layer_specific_model_performance.csv","961","f5bb80071d927d18db68cc16b597c9f0a7e6e390dc6c0fd99d79afd82f13f9e6"
"results/reclosure/layer_specific_shap/layer_specific_oof_predictions.csv","34557","d3daf35711753e6ae033b1d34a8284538eb28312e60b174d5b1bb4f03dcc8ae8"
"results/reclosure/layer_specific_shap/layer_specific_shap_by_fold.csv","30296","c8711bb9117d5e0071c3f8aa8aa27f2ab8e2f98f3f2fbb248ddd34d717865ab9"
"results/reclosure/layer_specific_shap/layer_specific_shap_classes.csv","1174","807fa53ee5b8144533ad70c26064a8dd7582154d51767886dedfee811fd5e594"
"results/reclosure/layer_specific_shap/layer_specific_shap_contributions.csv","9852","3c20462f9f0ef2320abc0837494fb155ec8a1564341c7717c4e2ed8df7dcc4ec"
"results/reclosure/layer_specific_shap/layer_specific_shap_stability.csv","9774","481737ea63a9689929c63a4d5ac58fb1fe2ba13847ae1af07ac49c82bac7e916"
"results/reclosure/layer_specific_shap/metadata.json","4064","25105986a2af8e86260f854d4048e46ecc7e9bdeb96136cfa38dc4c6e1a87985"
"results/reclosure/layer_specific_shap/report_v7_qa.json","1446","0b65c6adb0b743945cbfdcfcc600f3558e0b35b805273734a11a702133e37664"
"results/reclosure/layer_specific_shap/figures/figure_layer_shap_classes.pdf","44619","3a8fe7c3b775401392bfa3f50ab7aac461542e8892a92b56214f92d1eadbb576"
"results/reclosure/layer_specific_shap/figures/figure_layer_shap_classes.png","73998","de515133fc3195331cb82efe6d3b2f1408364b3fa414585c96f6ddacb6496f30"
"results/reclosure/layer_specific_shap/figures/figure_layer_shap_classes.svg","16404","f8bf6c2be2d547961d3cd6861a4f43845e0b6b9a04f614d0a0bd6e9ead85baac"
"results/reclosure/layer_specific_shap/figures/figure_layer_shap_heatmap.pdf","50206","e515b73e801dcc37a1c421c3c6a3db283828ce99d872e7918dcfd4966371f685"
"results/reclosure/layer_specific_shap/figures/figure_layer_shap_heatmap.png","126157","1de68c26439fa13dc0c41d94eb48c3669b5378d35de5a66557bb45bf1f33ef10"
"results/reclosure/layer_specific_shap/figures/figure_layer_shap_heatmap.svg","27497","7d7ac1d9136d459809eeeb45564403611814bc4a854c17a50bcec3918996cf06"
"results/reclosure/layer_specific_shap/figures/figure_layer_shap_performance.pdf","50951","096d5503727dcd4c41c20df6c4685ab620b743caedaa306ef71804c89521c4c9"
"results/reclosure/layer_specific_shap/figures/figure_layer_shap_performance.png","89269","50040b75d6445888196524e43f4b80d5a0e5b94d46363904f6590c264ff2e533"
"results/reclosure/layer_specific_shap/figures/figure_layer_shap_performance.svg","10825","b112e9c31df48b603897673b9fb8b0043b8459b0d76568ff06d04b6b9be8176d"
"results/reclosure/layer_specific_shap/figures/figure_qa.json","668","f9b62b47b7567755012d9d165461ca8ca989f5316fc1eaee76fce54eb3e8abe2"
"results/reclosure/layer_specific_shap/figures_v2/figure_layer_shap_classes_v2.pdf","44580","82842a7a7ca76655b7873bd23f12444b6f97eb569b570dd223ae80a4dd29a4ce"
"results/reclosure/layer_specific_shap/figures_v2/figure_layer_shap_classes_v2.png","74171","43a3e636c754ba5cad1d89cf011d7870f32159f3baac95903e81b45dfcc5376e"
"results/reclosure/layer_specific_shap/figures_v2/figure_layer_shap_classes_v2.svg","16412","59a112f5e7b1cca2faffc8d8d40636bdece68393bfb01e5b559e1273b50a7980"
"results/reclosure/layer_specific_shap/figures_v2/figure_layer_shap_heatmap_v2.pdf","49006","db3fc6f08a8c01e971ac1aec1ef69178db74a5d038ee740cc21e4a8a7e44f2fe"
"results/reclosure/layer_specific_shap/figures_v2/figure_layer_shap_heatmap_v2.png","100083","bbf84331dfcde02071ed6421dc6cebec6c1177e5392a5c98140007629364cca4"
"results/reclosure/layer_specific_shap/figures_v2/figure_layer_shap_heatmap_v2.svg","27281","e4b25b534dfe58102cd69e26dd0f7b498b706980eadb04edcdd744ab5de5edf6"
"results/reclosure/layer_specific_shap/figures_v2/figure_layer_shap_performance_v2.pdf","51673","f38717fdcfe7d36dd30538b58dd6dfc9c42e81775e0fb4c8f575ec500466c38f"
"results/reclosure/layer_specific_shap/figures_v2/figure_layer_shap_performance_v2.png","69269","4e395ec011df68d7fa45e68fbab520af10b55a36d6c6012e9a98502dcdcf65cd"
"results/reclosure/layer_specific_shap/figures_v2/figure_layer_shap_performance_v2.svg","12304","287c68dc792514fa360888c2b115dd9f25dc8fd56cf181248d16d0d228f7d7fb"
"results/reclosure/layer_specific_shap/figures_v2/figure_v2_qa.json","478","14c7f56e257037dff659f346ab57687dda869c23d8ea4788821c76a909a0dba3"
"results/reclosure/layer_specific_shap/figures_v2/report_v8_visual_qa.json","963","2354750a7817ec6853f97aa0cb6c79c896eff20d734d31378e97d3d7ee0550d5"
"results/reclosure/shap/shap_all_branch_class.csv","2025","6f990309c252cea2cc59c6fd38a2b948187774304e5e03a3e54d87e5a712c64f"
"results/reclosure/shap/shap_all_branch_ctype.csv","20089","a097397811aca1246a53cbe0f429e8619316e55ce844c393fd16d81951de6e22"
"results/reclosure/shap/shap_all_branch_layer_performance.csv","7507","5fe85616120a820c1883dd9606ee87438c208e25780d895e36377393d6e2b24f"
"results/reclosure/shap/shap_all_branch_metadata.json","164","4b8371f609a8dc7b68353f773984b42007ad46ff239949cbcb251b33abeb4a9d"
"results/reclosure/shap/shap_all_branch_summary.csv","2218","c4db4f4d2c7589aa6a889a03866df6b783bcb14fb1fac286e69c9ce1f0de94ca"
"results/reclosure/source_data/all_branch_mismatch_results.csv","96728","e412de6c48dd2abca7b532f1b4b1bc081239f5a95c726fc7567377860be2f3ee"
"results/reclosure/source_data/all_branch_spin_results.csv","96379","939efb0e5e2b5a4cf49c7195673694c0a4785e664142a64728026eab840a2876"
"results/reclosure/source_data/present_mask.csv","934","0e703a035924c2a4f01ebea07c213a224909b2371c005dbcbbda1933934002b9"
"results/reclosure/source_data/reclosure_vs_unclosed_pairs.csv","145146","dc2b11e81aa3aa1bafc8573139db913443dcc8cd2bbdd9e0f0e454cf3c600218"
"results/reclosure/source_data/thickness_absolute.csv","12593","37edaeda5708a15c51d2e4f1f8f23755deb411206e8d5f5c2aa19557d599383a"
"results/reclosure/source_data/thickness_relative.csv","12871","bf8478ee81ae66ba761ba82b94e6e1db82c5d67ea583f0265d6fc6a82b6cff0b"
"results/reclosure/source_data/within_layer__clr_false__thickness_absolute__whole_null.csv","14368","a1d347d67e62aeb9083e10d0a481d21d596271f4c8c9f93dde5c1435118f2f10"
"results/reclosure/source_data/within_layer__clr_false__thickness_relative__whole_null.csv","14860","e83511c277cb259c1285ebdfad53a9dfd001b1046270770c9848c091ce3f50ce"
"results/reclosure/source_data/within_layer__clr_true__thickness_absolute__whole_null.csv","15113","fd69ca3e28a646116ba521e27eaac3857ebf2384df617bfc5cd8afb499da6a90"
"results/reclosure/source_data/within_layer__clr_true__thickness_relative__whole_null.csv","15464","af2cc9d9b17755a98f7c545e52bb5a79732a39bb4bed68b527f3e553defb5fb1"
"results/reclosure/source_data/within_region_cross_layer__clr_false__thickness_absolute__whole_null.csv","14768","b225c7062f2ad92d060ca9e98c509de414fd9a136328f3b107822440233619cc"
"results/reclosure/source_data/within_region_cross_layer__clr_false__thickness_relative__whole_null.csv","14699","db676560f26628e828879dfd5e321c6f7fc7a1b54cb6ffab5f11c41ffae21404"
"results/reclosure/source_data/within_region_cross_layer__clr_true__thickness_absolute__whole_null.csv","15181","e56a448064212d9e53994e1ded5dcc60ab571d387dd5e8047b06c9825bf168d4"
"results/reclosure/source_data/within_region_cross_layer__clr_true__thickness_relative__whole_null.csv","15299","2e1bb471672f358b55ecdb8ae98a0dca84109376902926cf4dea9e4812d78762"
