phenotype,outcome,feature,total_dominance,relative_dominance,full_r2,method,runtime_sec,status,reason
meg,delta,Astro,0.020761518976475053,0.026658745299205658,0.7787883016795122,approximate,1.8545944690704346,ok,
meg,delta,Chandelier,0.18114634127459586,0.2326002340866458,0.7787883016795122,approximate,1.8545944690704346,ok,
meg,delta,Endo,0.007747734881539464,0.009948447947704048,0.7787883016795122,approximate,1.8545944690704346,ok,
meg,delta,L2/3 IT,0.026183496435969313,0.033620813742968075,0.7787883016795122,approximate,1.8545944690704346,ok,
meg,delta,L4 IT,0.020115091440209985,0.025828702609978042,0.7787883016795122,approximate,1.8545944690704346,ok,
meg,delta,L5 ET,0.005339489707081219,0.006856150375610716,0.7787883016795122,approximate,1.8545944690704346,ok,
meg,delta,L5 IT,0.010632138125678625,0.013652154382326578,0.7787883016795122,approximate,1.8545944690704346,ok,
meg,delta,L5/6 NP,0.017078265949270123,0.02192927899974824,0.7787883016795122,approximate,1.8545944690704346,ok,
meg,delta,L6 CT,0.01996662165339333,0.025638060574785078,0.7787883016795122,approximate,1.8545944690704346,ok,
meg,delta,L6 IT,0.002752623130811295,0.0035344947078366075,0.7787883016795122,approximate,1.8545944690704346,ok,
meg,delta,L6 IT Car3,0.008406125788815534,0.01079385215556927,0.7787883016795122,approximate,1.8545944690704346,ok,
meg,delta,L6b,0.022974951753499007,0.029500894792528206,0.7787883016795122,approximate,1.8545944690704346,ok,
meg,delta,Lamp5,0.055670129508561525,0.07148300685629835,0.7787883016795122,approximate,1.8545944690704346,ok,
meg,delta,Lamp5_Lhx6,0.006747484242302494,0.008664080120041693,0.7787883016795122,approximate,1.8545944690704346,ok,
meg,delta,Micro-PVM,0.13082741198409434,0.16798841444068402,0.7787883016795122,approximate,1.8545944690704346,ok,
meg,delta,OPC,0.07149624982460101,0.091804473270097,0.7787883016795122,approximate,1.8545944690704346,ok,
meg,delta,Oligo,0.01926154820880803,0.024732713841834984,0.7787883016795122,approximate,1.8545944690704346,ok,
meg,delta,Pax6,0.005521338575968407,0.007089652687464937,0.7787883016795122,approximate,1.8545944690704346,ok,
meg,delta,Pvalb,0.024293870710134773,0.031194447396992633,0.7787883016795122,approximate,1.8545944690704346,ok,
meg,delta,Sncg,0.07719149459323715,0.09911742950782416,0.7787883016795122,approximate,1.8545944690704346,ok,
meg,delta,Sst,0.013381977060057443,0.017183074053883786,0.7787883016795122,approximate,1.8545944690704346,ok,
meg,delta,VLMC,0.013882237641602763,0.017825431650250436,0.7787883016795122,approximate,1.8545944690704346,ok,
meg,delta,Vip,0.017410160212805566,0.022355446499721838,0.7787883016795122,approximate,1.8545944690704346,ok,
meg,theta,Astro,0.06914469596144684,0.08594585542131548,0.8045146054163101,approximate,0.5109186172485352,ok,
meg,theta,Chandelier,0.06606246707966622,0.08211468957170896,0.8045146054163101,approximate,0.5109186172485352,ok,
meg,theta,Endo,0.021817130144753123,0.02711837671792605,0.8045146054163101,approximate,0.5109186172485352,ok,
meg,theta,L2/3 IT,0.030370171612964385,0.03774968336000416,0.8045146054163101,approximate,0.5109186172485352,ok,
meg,theta,L4 IT,0.03868061709313843,0.04807944670329817,0.8045146054163101,approximate,0.5109186172485352,ok,
meg,theta,L5 ET,0.05979349818329143,0.07432245204840036,0.8045146054163101,approximate,0.5109186172485352,ok,
meg,theta,L5 IT,0.017494870676556598,0.0217458708130023,0.8045146054163101,approximate,0.5109186172485352,ok,
meg,theta,L5/6 NP,0.018443844621526505,0.022925431679369477,0.8045146054163101,approximate,0.5109186172485352,ok,
meg,theta,L6 CT,0.034571719401672654,0.04297214639600349,0.8045146054163101,approximate,0.5109186172485352,ok,
meg,theta,L6 IT,0.02073411583226629,0.025772205616499736,0.8045146054163101,approximate,0.5109186172485352,ok,
meg,theta,L6 IT Car3,0.008207518022495903,0.010201826004449953,0.8045146054163101,approximate,0.5109186172485352,ok,
meg,theta,L6b,0.013564155828037834,0.016860049198260146,0.8045146054163101,approximate,0.5109186172485352,ok,
meg,theta,Lamp5,0.12077407126293253,0.15012042099650375,0.8045146054163101,approximate,0.5109186172485352,ok,
meg,theta,Lamp5_Lhx6,0.024970698530407103,0.031038216537393484,0.8045146054163101,approximate,0.5109186172485352,ok,
meg,theta,Micro-PVM,0.05705493144706907,0.07091845326729031,0.8045146054163101,approximate,0.5109186172485352,ok,
meg,theta,OPC,0.040219027271529414,0.04999166826898983,0.8045146054163101,approximate,0.5109186172485352,ok,
meg,theta,Oligo,0.039939492157909394,0.049644210172221814,0.8045146054163101,approximate,0.5109186172485352,ok,
meg,theta,Pax6,0.016702839749038047,0.020761387843785478,0.8045146054163101,approximate,0.5109186172485352,ok,
meg,theta,Pvalb,0.031187318329007816,0.03876538489051967,0.8045146054163101,approximate,0.5109186172485352,ok,
meg,theta,Sncg,0.042762914524268864,0.05315368327233843,0.8045146054163101,approximate,0.5109186172485352,ok,
meg,theta,Sst,0.007514260366704886,0.009340116781119845,0.8045146054163101,approximate,0.5109186172485352,ok,
meg,theta,VLMC,0.009490493288481259,0.011796545674357572,0.8045146054163101,approximate,0.5109186172485352,ok,
meg,theta,Vip,0.015013754031145387,0.018661878765241634,0.8045146054163101,approximate,0.5109186172485352,ok,
meg,alpha,Astro,0.040111329213286515,0.045170131373229755,0.888005591169448,approximate,0.5314559936523438,ok,
meg,alpha,Chandelier,0.14183792589399588,0.15972638832960973,0.888005591169448,approximate,0.5314559936523438,ok,
meg,alpha,Endo,0.015548858906763954,0.01750986599790107,0.888005591169448,approximate,0.5314559936523438,ok,
meg,alpha,L2/3 IT,0.03772669052764299,0.04248474435612427,0.888005591169448,approximate,0.5314559936523438,ok,
meg,alpha,L4 IT,0.009354921510233146,0.010534755189900661,0.888005591169448,approximate,0.5314559936523438,ok,
meg,alpha,L5 ET,0.01824618662776862,0.020547378089972982,0.888005591169448,approximate,0.5314559936523438,ok,
meg,alpha,L5 IT,0.0076659230330044315,0.00863274185347064,0.888005591169448,approximate,0.5314559936523438,ok,
meg,alpha,L5/6 NP,0.008255427369887401,0.009296593908846362,0.888005591169448,approximate,0.5314559936523438,ok,
meg,alpha,L6 CT,0.03997646928548637,0.045018263041384524,0.888005591169448,approximate,0.5314559936523438,ok,
meg,alpha,L6 IT,0.011523872587410862,0.012977252285354016,0.888005591169448,approximate,0.5314559936523438,ok,
meg,alpha,L6 IT Car3,0.0003242368539386716,0.00036512929328707486,0.888005591169448,approximate,0.5314559936523438,ok,
meg,alpha,L6b,0.02115835892289053,0.02382683074666939,0.888005591169448,approximate,0.5314559936523438,ok,
meg,alpha,Lamp5,0.12139037449079981,0.1367000114615678,0.888005591169448,approximate,0.5314559936523438,ok,
meg,alpha,Lamp5_Lhx6,0.016264265772667656,0.018315499287846412,0.888005591169448,approximate,0.5314559936523438,ok,
meg,alpha,Micro-PVM,0.13149030919675617,0.14807374019299996,0.888005591169448,approximate,0.5314559936523438,ok,
meg,alpha,OPC,0.0703832521713576,0.07925992006274112,0.888005591169448,approximate,0.5314559936523438,ok,
meg,alpha,Oligo,0.008715172959211986,0.009814322168551493,0.888005591169448,approximate,0.5314559936523438,ok,
meg,alpha,Pax6,0.013753642225002975,0.015488238319412253,0.888005591169448,approximate,0.5314559936523438,ok,
meg,alpha,Pvalb,0.011043346344154117,0.012436122535682145,0.888005591169448,approximate,0.5314559936523438,ok,
meg,alpha,Sncg,0.11192773941723405,0.1260439579775981,0.888005591169448,approximate,0.5314559936523438,ok,
meg,alpha,Sst,0.014103587528348192,0.015882318386953677,0.888005591169448,approximate,0.5314559936523438,ok,
meg,alpha,VLMC,0.018576619933774147,0.02091948532588618,0.888005591169448,approximate,0.5314559936523438,ok,
meg,alpha,Vip,0.018627080397831907,0.02097630981501052,0.888005591169448,approximate,0.5314559936523438,ok,
meg,beta,Astro,0.08308800362875254,0.10090534151254855,0.8234252258927222,approximate,0.49886608123779297,ok,
meg,beta,Chandelier,0.015520738593509853,0.018848995762405677,0.8234252258927222,approximate,0.49886608123779297,ok,
meg,beta,Endo,0.028565955038266953,0.03469162000386493,0.8234252258927222,approximate,0.49886608123779297,ok,
meg,beta,L2/3 IT,0.01159276310449157,0.014078707744134507,0.8234252258927222,approximate,0.49886608123779297,ok,
meg,beta,L4 IT,0.10858535750103121,0.13187033149647276,0.8234252258927222,approximate,0.49886608123779297,ok,
meg,beta,L5 ET,0.090443327703444,0.10983793653563292,0.8234252258927222,approximate,0.49886608123779297,ok,
meg,beta,L5 IT,0.013448986537605527,0.016332978532476606,0.8234252258927222,approximate,0.49886608123779297,ok,
meg,beta,L5/6 NP,0.0123789880651641,0.015033530278044783,0.8234252258927222,approximate,0.49886608123779297,ok,
meg,beta,L6 CT,0.014458167736100036,0.01755856789598001,0.8234252258927222,approximate,0.49886608123779297,ok,
meg,beta,L6 IT,0.016948684553214223,0.020583149532295654,0.8234252258927222,approximate,0.49886608123779297,ok,
meg,beta,L6 IT Car3,0.015045233196304719,0.018271523294654143,0.8234252258927222,approximate,0.49886608123779297,ok,
meg,beta,L6b,0.016163931266196613,0.01963011425678923,0.8234252258927222,approximate,0.49886608123779297,ok,
meg,beta,Lamp5,0.06544611823709723,0.07948034160131952,0.8234252258927222,approximate,0.49886608123779297,ok,
meg,beta,Lamp5_Lhx6,0.033896508837888466,0.04116525432062072,0.8234252258927222,approximate,0.49886608123779297,ok,
meg,beta,Micro-PVM,0.007806201969197649,0.009480158882349642,0.8234252258927222,approximate,0.49886608123779297,ok,
meg,beta,OPC,0.020236235565960103,0.024575680862850485,0.8234252258927222,approximate,0.49886608123779297,ok,
meg,beta,Oligo,0.11442014673897971,0.13895632917358142,0.8234252258927222,approximate,0.49886608123779297,ok,
meg,beta,Pax6,0.026238644206022333,0.03186524213850205,0.8234252258927222,approximate,0.49886608123779297,ok,
meg,beta,Pvalb,0.07840700949958487,0.09522055802283613,0.8234252258927222,approximate,0.49886608123779297,ok,
meg,beta,Sncg,0.01374530937604659,0.01669284464918417,0.8234252258927222,approximate,0.49886608123779297,ok,
meg,beta,Sst,0.017965062758023443,0.021817479223503872,0.8234252258927222,approximate,0.49886608123779297,ok,
meg,beta,VLMC,0.004417824347168139,0.005365179749476979,0.8234252258927222,approximate,0.49886608123779297,ok,
meg,beta,Vip,0.014606027432672105,0.017738134530475288,0.8234252258927222,approximate,0.49886608123779297,ok,
meg,gamma1,Astro,0.03778656155169354,0.05282588360087307,0.7153039187605572,approximate,0.48606300354003906,ok,
meg,gamma1,Chandelier,0.1149291298619989,0.16067174643911136,0.7153039187605572,approximate,0.48606300354003906,ok,
meg,gamma1,Endo,0.020461793461644458,0.028605733765725262,0.7153039187605572,approximate,0.48606300354003906,ok,
meg,gamma1,L2/3 IT,0.02575448963207643,0.0360049609076692,0.7153039187605572,approximate,0.48606300354003906,ok,
meg,gamma1,L4 IT,0.01016487750426136,0.014210571531433179,0.7153039187605572,approximate,0.48606300354003906,ok,
meg,gamma1,L5 ET,0.02019124070186991,0.028227499070403936,0.7153039187605572,approximate,0.48606300354003906,ok,
meg,gamma1,L5 IT,0.010536005352243104,0.014729410920185329,0.7153039187605572,approximate,0.48606300354003906,ok,
meg,gamma1,L5/6 NP,0.009441574763389075,0.013199389120849454,0.7153039187605572,approximate,0.48606300354003906,ok,
meg,gamma1,L6 CT,0.025697362903216534,0.03592509733169595,0.7153039187605572,approximate,0.48606300354003906,ok,
meg,gamma1,L6 IT,0.009396924696623109,0.013136968007816363,0.7153039187605572,approximate,0.48606300354003906,ok,
meg,gamma1,L6 IT Car3,0.0019687020386772412,0.002752259545968252,0.7153039187605572,approximate,0.48606300354003906,ok,
meg,gamma1,L6b,0.015664613202318222,0.02189924141539877,0.7153039187605572,approximate,0.48606300354003906,ok,
meg,gamma1,Lamp5,0.09902365868700978,0.13843578385337674,0.7153039187605572,approximate,0.48606300354003906,ok,
meg,gamma1,Lamp5_Lhx6,0.004691644507643615,0.006558952613838694,0.7153039187605572,approximate,0.48606300354003906,ok,
meg,gamma1,Micro-PVM,0.09961533628332263,0.13926295336943093,0.7153039187605572,approximate,0.48606300354003906,ok,
meg,gamma1,OPC,0.052553518708920076,0.07347019543802054,0.7153039187605572,approximate,0.48606300354003906,ok,
meg,gamma1,Oligo,0.008575534623878105,0.011988658804969734,0.7153039187605572,approximate,0.48606300354003906,ok,
meg,gamma1,Pax6,0.009187395277037873,0.01284404437900653,0.7153039187605572,approximate,0.48606300354003906,ok,
meg,gamma1,Pvalb,0.007292175830514113,0.010194514023003864,0.7153039187605572,approximate,0.48606300354003906,ok,
meg,gamma1,Sncg,0.09869532577921783,0.13797677209742149,0.7153039187605572,approximate,0.48606300354003906,ok,
meg,gamma1,Sst,0.006692515954925978,0.009356185223369723,0.7153039187605572,approximate,0.48606300354003906,ok,
meg,gamma1,VLMC,0.014194220070261297,0.019843621288775183,0.7153039187605572,approximate,0.48606300354003906,ok,
meg,gamma1,Vip,0.012789317367813862,0.01787955725165683,0.7153039187605572,approximate,0.48606300354003906,ok,
meg,gamma2,Astro,0.018679380629558713,0.02488901404137911,0.7505070549802978,approximate,0.49710941314697266,ok,
meg,gamma2,Chandelier,0.12500469042374618,0.16656031358296533,0.7505070549802978,approximate,0.49710941314697266,ok,
meg,gamma2,Endo,0.0029737679474215535,0.00396234509414388,0.7505070549802978,approximate,0.49710941314697266,ok,
meg,gamma2,L2/3 IT,0.021003532624415698,0.027985789720480485,0.7505070549802978,approximate,0.49710941314697266,ok,
meg,gamma2,L4 IT,0.038367521399881366,0.05112213289039447,0.7505070549802978,approximate,0.49710941314697266,ok,
meg,gamma2,L5 ET,0.026617805520326533,0.03546642945418455,0.7505070549802978,approximate,0.49710941314697266,ok,
meg,gamma2,L5 IT,0.003459760667632513,0.0046098975947978784,0.7505070549802978,approximate,0.49710941314697266,ok,
meg,gamma2,L5/6 NP,0.01865711413601636,0.024859345441471097,0.7505070549802978,approximate,0.49710941314697266,ok,
meg,gamma2,L6 CT,0.0032166727779124175,0.00428599938743662,0.7505070549802978,approximate,0.49710941314697266,ok,
meg,gamma2,L6 IT,0.007737361382842351,0.010309511858013742,0.7505070549802978,approximate,0.49710941314697266,ok,
meg,gamma2,L6 IT Car3,0.02940606502336463,0.03918159706591512,0.7505070549802978,approximate,0.49710941314697266,ok,
meg,gamma2,L6b,0.012689389750792916,0.01690775545224693,0.7505070549802978,approximate,0.49710941314697266,ok,
meg,gamma2,Lamp5,0.02616203524977316,0.034859146328024816,0.7505070549802978,approximate,0.49710941314697266,ok,
meg,gamma2,Lamp5_Lhx6,0.026119248386405638,0.03480213572021827,0.7505070549802978,approximate,0.49710941314697266,ok,
meg,gamma2,Micro-PVM,0.10120910515756158,0.13485430214938957,0.7505070549802978,approximate,0.49710941314697266,ok,
meg,gamma2,OPC,0.05751180885455317,0.07663060390026975,0.7505070549802978,approximate,0.49710941314697266,ok,
meg,gamma2,Oligo,0.04367735010898032,0.058197121291720486,0.7505070549802978,approximate,0.49710941314697266,ok,
meg,gamma2,Pax6,0.007666663402639571,0.0102153115707098,0.7505070549802978,approximate,0.49710941314697266,ok,
meg,gamma2,Pvalb,0.053135115125759844,0.07079895488411464,0.7505070549802978,approximate,0.49710941314697266,ok,
meg,gamma2,Sncg,0.06457490750086496,0.08604170616698624,0.7505070549802978,approximate,0.49710941314697266,ok,
meg,gamma2,Sst,0.020460916518146525,0.027262790379343822,0.7505070549802978,approximate,0.49710941314697266,ok,
meg,gamma2,VLMC,0.009786875971420977,0.013040351728176495,0.7505070549802978,approximate,0.49710941314697266,ok,
meg,gamma2,Vip,0.03238996642028074,0.04315744429761695,0.7505070549802978,approximate,0.49710941314697266,ok,
enigma,22q,Astro,0.03727623305643903,0.0831798378043777,0.4481402469683249,approximate,0.4745345115661621,ok,
enigma,22q,Chandelier,0.02608353831194592,0.05820396290759739,0.4481402469683249,approximate,0.4745345115661621,ok,
enigma,22q,Endo,-0.004165590416151379,-0.009295282993062232,0.4481402469683249,approximate,0.4745345115661621,ok,
enigma,22q,L2/3 IT,0.012939824873396415,0.02887449846545699,0.4481402469683249,approximate,0.4745345115661621,ok,
enigma,22q,L4 IT,0.006928004489423552,0.015459456132966409,0.4481402469683249,approximate,0.4745345115661621,ok,
enigma,22q,L5 ET,0.05158296594786648,0.1151045153762153,0.4481402469683249,approximate,0.4745345115661621,ok,
enigma,22q,L5 IT,0.05005554453740803,0.11169615957512072,0.4481402469683249,approximate,0.4745345115661621,ok,
enigma,22q,L5/6 NP,0.013875753670135561,0.030962971444777006,0.4481402469683249,approximate,0.4745345115661621,ok,
enigma,22q,L6 CT,0.029014811856642623,0.06474493655262663,0.4481402469683249,approximate,0.4745345115661621,ok,
enigma,22q,L6 IT,-0.0005481196241200733,-0.0012230984113301814,0.4481402469683249,approximate,0.4745345115661621,ok,
enigma,22q,L6 IT Car3,0.0055336782538510125,0.012348094801318167,0.4481402469683249,approximate,0.4745345115661621,ok,
enigma,22q,L6b,0.005662460550457796,0.012635465323109052,0.4481402469683249,approximate,0.4745345115661621,ok,
enigma,22q,Lamp5,0.01505400928682755,0.03359218322538119,0.4481402469683249,approximate,0.4745345115661621,ok,
enigma,22q,Lamp5_Lhx6,0.001051804273834401,0.002347042652272077,0.4481402469683249,approximate,0.4745345115661621,ok,
enigma,22q,Micro-PVM,0.002865219269601024,0.0063935772093318384,0.4481402469683249,approximate,0.4745345115661621,ok,
enigma,22q,OPC,0.004235151065732274,0.009450503708120684,0.4481402469683249,approximate,0.4745345115661621,ok,
enigma,22q,Oligo,0.023988105875997607,0.05352812214095359,0.4481402469683249,approximate,0.4745345115661621,ok,
enigma,22q,Pax6,0.051731042703857456,0.11543494040943363,0.4481402469683249,approximate,0.4745345115661621,ok,
enigma,22q,Pvalb,0.0024862129749621334,0.005547845773240407,0.4481402469683249,approximate,0.4745345115661621,ok,
enigma,22q,Sncg,0.019216508972133218,0.04288056942471285,0.4481402469683249,approximate,0.4745345115661621,ok,
enigma,22q,Sst,0.03361183944493717,0.07500294756456652,0.4481402469683249,approximate,0.4745345115661621,ok,
enigma,22q,VLMC,0.00864554376722915,0.019292049365609038,0.4481402469683249,approximate,0.4745345115661621,ok,
enigma,22q,Vip,0.05101570382591797,0.11383870154720518,0.4481402469683249,approximate,0.4745345115661621,ok,
enigma,adhd,Astro,0.060913572029034656,0.07194515444544233,0.8466667769158353,approximate,0.47096776962280273,ok,
enigma,adhd,Chandelier,0.07261094601091636,0.0857609486880036,0.8466667769158353,approximate,0.47096776962280273,ok,
enigma,adhd,Endo,0.045148506703727845,0.053325000974044266,0.8466667769158353,approximate,0.47096776962280273,ok,
enigma,adhd,L2/3 IT,0.04885891494457284,0.05770737234139725,0.8466667769158353,approximate,0.47096776962280273,ok,
enigma,adhd,L4 IT,0.01727341635701525,0.020401670206001653,0.8466667769158353,approximate,0.47096776962280273,ok,
enigma,adhd,L5 ET,0.0233200811342373,0.027543399327874512,0.8466667769158353,approximate,0.47096776962280273,ok,
enigma,adhd,L5 IT,0.004812327278596735,0.0056838503763271125,0.8466667769158353,approximate,0.47096776962280273,ok,
enigma,adhd,L5/6 NP,0.02869600957565987,0.03389292028227588,0.8466667769158353,approximate,0.47096776962280273,ok,
enigma,adhd,L6 CT,0.038942130517470336,0.04599463635425186,0.8466667769158353,approximate,0.47096776962280273,ok,
enigma,adhd,L6 IT,0.01671131949517104,0.0197377763611389,0.8466667769158353,approximate,0.47096776962280273,ok,
enigma,adhd,L6 IT Car3,0.0020095924445384205,0.0023735340742420414,0.8466667769158353,approximate,0.47096776962280273,ok,
enigma,adhd,L6b,0.01547052749079826,0.018272274184600652,0.8466667769158353,approximate,0.47096776962280273,ok,
enigma,adhd,Lamp5,0.10284081923911907,0.12146551871769283,0.8466667769158353,approximate,0.47096776962280273,ok,
enigma,adhd,Lamp5_Lhx6,0.028566256716701616,0.03373966889401319,0.8466667769158353,approximate,0.47096776962280273,ok,
enigma,adhd,Micro-PVM,0.07887712640988326,0.0931619481954991,0.8466667769158353,approximate,0.47096776962280273,ok,
enigma,adhd,OPC,0.06466721884903752,0.07637859499412705,0.8466667769158353,approximate,0.47096776962280273,ok,
enigma,adhd,Oligo,0.010451445906122486,0.012344225840765962,0.8466667769158353,approximate,0.47096776962280273,ok,
enigma,adhd,Pax6,0.03165086877095328,0.037382911003368206,0.8466667769158353,approximate,0.47096776962280273,ok,
enigma,adhd,Pvalb,0.018677546130381757,0.02206009098221464,0.8466667769158353,approximate,0.47096776962280273,ok,
enigma,adhd,Sncg,0.056977946397916444,0.06729677832106602,0.8466667769158353,approximate,0.47096776962280273,ok,
enigma,adhd,Sst,0.027136065081113055,0.03205046639477454,0.8466667769158353,approximate,0.47096776962280273,ok,
enigma,adhd,VLMC,0.022527959633821763,0.026607822874407175,0.8466667769158353,approximate,0.47096776962280273,ok,
enigma,adhd,Vip,0.02952617979904622,0.03487343616647111,0.8466667769158353,approximate,0.47096776962280273,ok,
enigma,asd,Astro,0.03557980982754828,0.03930246369203554,0.9052819209081377,approximate,0.5430891513824463,ok,
enigma,asd,Chandelier,0.03380818520635994,0.037345477055860235,0.9052819209081377,approximate,0.5430891513824463,ok,
enigma,asd,Endo,0.018764552364878208,0.020727854971470613,0.9052819209081377,approximate,0.5430891513824463,ok,
enigma,asd,L2/3 IT,0.03256662402157931,0.03597401347517241,0.9052819209081377,approximate,0.5430891513824463,ok,
enigma,asd,L4 IT,0.022743335723874106,0.025122931540551504,0.9052819209081377,approximate,0.5430891513824463,ok,
enigma,asd,L5 ET,0.09410725108325481,0.1039535297345281,0.9052819209081377,approximate,0.5430891513824463,ok,
enigma,asd,L5 IT,0.015230738772874081,0.016824304585244886,0.9052819209081377,approximate,0.5430891513824463,ok,
enigma,asd,L5/6 NP,0.05629225384435518,0.06218201484448662,0.9052819209081377,approximate,0.5430891513824463,ok,
enigma,asd,L6 CT,0.09268015745634381,0.10237712177370259,0.9052819209081377,approximate,0.5430891513824463,ok,
enigma,asd,L6 IT,0.028233775291981265,0.031187826289139214,0.9052819209081377,approximate,0.5430891513824463,ok,
enigma,asd,L6 IT Car3,0.03253884163540235,0.035943324266059416,0.9052819209081377,approximate,0.5430891513824463,ok,
enigma,asd,L6b,0.05663869628014606,0.06256470495216418,0.9052819209081377,approximate,0.5430891513824463,ok,
enigma,asd,Lamp5,0.05888729111967011,0.06504856637432574,0.9052819209081377,approximate,0.5430891513824463,ok,
enigma,asd,Lamp5_Lhx6,0.09654850441563477,0.10665020717389528,0.9052819209081377,approximate,0.5430891513824463,ok,
enigma,asd,Micro-PVM,0.01447366482351799,0.015988019300107823,0.9052819209081377,approximate,0.5430891513824463,ok,
enigma,asd,OPC,0.004725370252772486,0.0052197775561807404,0.9052819209081377,approximate,0.5430891513824463,ok,
enigma,asd,Oligo,0.030286752855056255,0.03345560333810042,0.9052819209081377,approximate,0.5430891513824463,ok,
enigma,asd,Pax6,0.029601356795949413,0.032698495476696,0.9052819209081377,approximate,0.5430891513824463,ok,
enigma,asd,Pvalb,0.011675700614880241,0.01289730894345897,0.9052819209081377,approximate,0.5430891513824463,ok,
enigma,asd,Sncg,0.030555879765027546,0.0337528885304318,0.9052819209081377,approximate,0.5430891513824463,ok,
enigma,asd,Sst,0.026592101978766332,0.029374387541165455,0.9052819209081377,approximate,0.5430891513824463,ok,
enigma,asd,VLMC,0.01223873596332613,0.013519253705021288,0.9052819209081377,approximate,0.5430891513824463,ok,
enigma,asd,Vip,0.07051234081493908,0.07788992488020119,0.9052819209081377,approximate,0.5430891513824463,ok,
enigma,epilepsy_gge,Astro,0.027159607261322778,0.04749955118794629,0.5717866081272558,approximate,0.4893178939819336,ok,
enigma,epilepsy_gge,Chandelier,0.007977320821664226,0.013951569883373005,0.5717866081272558,approximate,0.4893178939819336,ok,
enigma,epilepsy_gge,Endo,0.008476037108049624,0.014823776890841784,0.5717866081272558,approximate,0.4893178939819336,ok,
enigma,epilepsy_gge,L2/3 IT,0.024590831232104357,0.043007008003642266,0.5717866081272558,approximate,0.4893178939819336,ok,
enigma,epilepsy_gge,L4 IT,0.027848897726484967,0.048705054176936866,0.5717866081272558,approximate,0.4893178939819336,ok,
enigma,epilepsy_gge,L5 ET,0.021723443298718927,0.03799222120620949,0.5717866081272558,approximate,0.4893178939819336,ok,
enigma,epilepsy_gge,L5 IT,0.040521553023073795,0.07086831424015336,0.5717866081272558,approximate,0.4893178939819336,ok,
enigma,epilepsy_gge,L5/6 NP,0.03420908019491358,0.05982840400364897,0.5717866081272558,approximate,0.4893178939819336,ok,
enigma,epilepsy_gge,L6 CT,0.01740974261261807,0.030447971962196403,0.5717866081272558,approximate,0.4893178939819336,ok,
enigma,epilepsy_gge,L6 IT,0.0032792558352447007,0.005735104300510086,0.5717866081272558,approximate,0.4893178939819336,ok,
enigma,epilepsy_gge,L6 IT Car3,0.014229421071360465,0.02488589426388522,0.5717866081272558,approximate,0.4893178939819336,ok,
enigma,epilepsy_gge,L6b,0.06537134451997473,0.11432821893832426,0.5717866081272558,approximate,0.4893178939819336,ok,
enigma,epilepsy_gge,Lamp5,0.010073441030653923,0.017617483318902765,0.5717866081272558,approximate,0.4893178939819336,ok,
enigma,epilepsy_gge,Lamp5_Lhx6,0.02256088206227035,0.03945682137635731,0.5717866081272558,approximate,0.4893178939819336,ok,
enigma,epilepsy_gge,Micro-PVM,0.013437093463121469,0.023500189182694062,0.5717866081272558,approximate,0.4893178939819336,ok,
enigma,epilepsy_gge,OPC,0.010907542930515842,0.019076247634131852,0.5717866081272558,approximate,0.4893178939819336,ok,
enigma,epilepsy_gge,Oligo,0.09576254025736672,0.16747950878215384,0.5717866081272558,approximate,0.4893178939819336,ok,
enigma,epilepsy_gge,Pax6,0.015449280066691252,0.02701931078325095,0.5717866081272558,approximate,0.4893178939819336,ok,
enigma,epilepsy_gge,Pvalb,0.05505172707208012,0.09628019664956529,0.5717866081272558,approximate,0.4893178939819336,ok,
enigma,epilepsy_gge,Sncg,0.02790100164454241,0.048796178938022294,0.5717866081272558,approximate,0.4893178939819336,ok,
enigma,epilepsy_gge,Sst,0.015580949549812385,0.027249588095187977,0.5717866081272558,approximate,0.4893178939819336,ok,
enigma,epilepsy_gge,VLMC,0.004986885042536557,0.008721584191819133,0.5717866081272558,approximate,0.4893178939819336,ok,
enigma,epilepsy_gge,Vip,0.0072787303021346035,0.01272980199024644,0.5717866081272558,approximate,0.4893178939819336,ok,
enigma,epilepsy_rtle,Astro,0.02853563152257897,0.03315550399878366,0.8606604660157127,approximate,0.4577009677886963,ok,
enigma,epilepsy_rtle,Chandelier,0.0407747597442311,0.047376127235158376,0.8606604660157127,approximate,0.4577009677886963,ok,
enigma,epilepsy_rtle,Endo,0.007256257099758962,0.008431033359009299,0.8606604660157127,approximate,0.4577009677886963,ok,
enigma,epilepsy_rtle,L2/3 IT,0.026947021790013657,0.031309700926267135,0.8606604660157127,approximate,0.4577009677886963,ok,
enigma,epilepsy_rtle,L4 IT,0.050228476678739455,0.05836038561323027,0.8606604660157127,approximate,0.4577009677886963,ok,
enigma,epilepsy_rtle,L5 ET,0.07631102261344248,0.08866565344486187,0.8606604660157127,approximate,0.4577009677886963,ok,
enigma,epilepsy_rtle,L5 IT,0.02152566290236533,0.025010632824829144,0.8606604660157127,approximate,0.4577009677886963,ok,
enigma,epilepsy_rtle,L5/6 NP,0.006698976843805723,0.007783530333184171,0.8606604660157127,approximate,0.4577009677886963,ok,
enigma,epilepsy_rtle,L6 CT,0.010990900319133964,0.012770309260299298,0.8606604660157127,approximate,0.4577009677886963,ok,
enigma,epilepsy_rtle,L6 IT,0.010166964096473734,0.011812979099109824,0.8606604660157127,approximate,0.4577009677886963,ok,
enigma,epilepsy_rtle,L6 IT Car3,0.051260475761485305,0.059559463674202826,0.8606604660157127,approximate,0.4577009677886963,ok,
enigma,epilepsy_rtle,L6b,0.03399238754191434,0.039495699970136376,0.8606604660157127,approximate,0.4577009677886963,ok,
enigma,epilepsy_rtle,Lamp5,0.017398268614977657,0.020215020094416683,0.8606604660157127,approximate,0.4577009677886963,ok,
enigma,epilepsy_rtle,Lamp5_Lhx6,0.01800287798589049,0.020917514742174556,0.8606604660157127,approximate,0.4577009677886963,ok,
enigma,epilepsy_rtle,Micro-PVM,0.05092145711826154,0.05916555846232154,0.8606604660157127,approximate,0.4577009677886963,ok,
enigma,epilepsy_rtle,OPC,0.04623117371483524,0.053715925780644866,0.8606604660157127,approximate,0.4577009677886963,ok,
enigma,epilepsy_rtle,Oligo,0.11209803412054209,0.1302465240903671,0.8606604660157127,approximate,0.4577009677886963,ok,
enigma,epilepsy_rtle,Pax6,0.020062359058194437,0.023310422460868757,0.8606604660157127,approximate,0.4577009677886963,ok,
enigma,epilepsy_rtle,Pvalb,0.09228711178529089,0.10722824555020988,0.8606604660157127,approximate,0.4577009677886963,ok,
enigma,epilepsy_rtle,Sncg,0.03682184939255176,0.04278324710673945,0.8606604660157127,approximate,0.4577009677886963,ok,
enigma,epilepsy_rtle,Sst,0.05162024580255422,0.05997747990159434,0.8606604660157127,approximate,0.4577009677886963,ok,
enigma,epilepsy_rtle,VLMC,0.007916253413092714,0.00919788200536237,0.8606604660157127,approximate,0.4577009677886963,ok,
enigma,epilepsy_rtle,Vip,0.04261229809557841,0.0495111600662281,0.8606604660157127,approximate,0.4577009677886963,ok,
enigma,epilepsy_ltle,Astro,0.012434058188559671,0.01737216148849404,0.7157461779753208,approximate,0.463299036026001,ok,
enigma,epilepsy_ltle,Chandelier,0.020009528828715144,0.027956179780543763,0.7157461779753208,approximate,0.463299036026001,ok,
enigma,epilepsy_ltle,Endo,0.002368991196087854,0.0033098202533042896,0.7157461779753208,approximate,0.463299036026001,ok,
enigma,epilepsy_ltle,L2/3 IT,0.03587170104154585,0.05011790791956239,0.7157461779753208,approximate,0.463299036026001,ok,
enigma,epilepsy_ltle,L4 IT,0.020582157984175165,0.02875622478683336,0.7157461779753208,approximate,0.463299036026001,ok,
enigma,epilepsy_ltle,L5 ET,0.024866894519367768,0.03474261586657775,0.7157461779753208,approximate,0.463299036026001,ok,
enigma,epilepsy_ltle,L5 IT,0.005446153278182916,0.007609056737946983,0.7157461779753208,approximate,0.463299036026001,ok,
enigma,epilepsy_ltle,L5/6 NP,0.013928751608210718,0.01946046243322166,0.7157461779753208,approximate,0.463299036026001,ok,
enigma,epilepsy_ltle,L6 CT,0.01655603880312387,0.023131159218980457,0.7157461779753208,approximate,0.463299036026001,ok,
enigma,epilepsy_ltle,L6 IT,0.006009899778409529,0.008396691401706307,0.7157461779753208,approximate,0.463299036026001,ok,
enigma,epilepsy_ltle,L6 IT Car3,0.11102243531396681,0.15511425520709507,0.7157461779753208,approximate,0.463299036026001,ok,
enigma,epilepsy_ltle,L6b,0.09067186992204576,0.1266815984662822,0.7157461779753208,approximate,0.463299036026001,ok,
enigma,epilepsy_ltle,Lamp5,0.013838904782305816,0.01933493353950258,0.7157461779753208,approximate,0.463299036026001,ok,
enigma,epilepsy_ltle,Lamp5_Lhx6,0.009794520915857592,0.013684349588235327,0.7157461779753208,approximate,0.463299036026001,ok,
enigma,epilepsy_ltle,Micro-PVM,0.03871818519403926,0.05409485427301055,0.7157461779753208,approximate,0.463299036026001,ok,
enigma,epilepsy_ltle,OPC,0.023202516452502243,0.032417241148442806,0.7157461779753208,approximate,0.463299036026001,ok,
enigma,epilepsy_ltle,Oligo,0.08126087445268498,0.11353308889829221,0.7157461779753208,approximate,0.463299036026001,ok,
enigma,epilepsy_ltle,Pax6,0.010770945216615428,0.015048554289292778,0.7157461779753208,approximate,0.463299036026001,ok,
enigma,epilepsy_ltle,Pvalb,0.07342084298001667,0.10257944120317501,0.7157461779753208,approximate,0.463299036026001,ok,
enigma,epilepsy_ltle,Sncg,0.04272416150001789,0.05969177735726733,0.7157461779753208,approximate,0.463299036026001,ok,
enigma,epilepsy_ltle,Sst,0.05031606426586208,0.07029875368415449,0.7157461779753208,approximate,0.463299036026001,ok,
enigma,epilepsy_ltle,VLMC,0.0014630599471075353,0.002044104449493801,0.7157461779753208,approximate,0.463299036026001,ok,
enigma,epilepsy_ltle,Vip,0.010467621805920294,0.01462476800858477,0.7157461779753208,approximate,0.463299036026001,ok,
enigma,depression,Astro,0.012922051763216178,0.018052780713194383,0.7157928724948026,approximate,0.49117016792297363,ok,
enigma,depression,Chandelier,0.07561254683636545,0.10563467413810337,0.7157928724948026,approximate,0.49117016792297363,ok,
enigma,depression,Endo,0.00032425429996857835,0.0004530001798403389,0.7157928724948026,approximate,0.49117016792297363,ok,
enigma,depression,L2/3 IT,0.03034364937673048,0.042391661809891526,0.7157928724948026,approximate,0.49117016792297363,ok,
enigma,depression,L4 IT,0.00851597040754608,0.0118972551065852,0.7157928724948026,approximate,0.49117016792297363,ok,
enigma,depression,L5 ET,0.014851416945592813,0.020748204566259705,0.7157928724948026,approximate,0.49117016792297363,ok,
enigma,depression,L5 IT,0.03253908134057477,0.04545879484265336,0.7157928724948026,approximate,0.49117016792297363,ok,
enigma,depression,L5/6 NP,0.008263020893376612,0.011543871433892504,0.7157928724948026,approximate,0.49117016792297363,ok,
enigma,depression,L6 CT,0.01741636479843156,0.024331570580926706,0.7157928724948026,approximate,0.49117016792297363,ok,
enigma,depression,L6 IT,0.013530808451865476,0.018903245578159516,0.7157928724948026,approximate,0.49117016792297363,ok,
enigma,depression,L6 IT Car3,0.012234492788016435,0.017092224941238528,0.7157928724948026,approximate,0.49117016792297363,ok,
enigma,depression,L6b,0.05059198423045013,0.07067964235815645,0.7157928724948026,approximate,0.49117016792297363,ok,
enigma,depression,Lamp5,0.037412379110879426,0.052267046164463,0.7157928724948026,approximate,0.49117016792297363,ok,
enigma,depression,Lamp5_Lhx6,0.010613966714013311,0.014828265440838654,0.7157928724948026,approximate,0.49117016792297363,ok,
enigma,depression,Micro-PVM,0.06490899422522961,0.09068125252350975,0.7157928724948026,approximate,0.49117016792297363,ok,
enigma,depression,OPC,0.0489466625956088,0.06838104216518893,0.7157928724948026,approximate,0.49117016792297363,ok,
enigma,depression,Oligo,0.041762677294456714,0.058344639768342976,0.7157928724948026,approximate,0.49117016792297363,ok,
enigma,depression,Pax6,0.023811638305245218,0.0332661014383293,0.7157928724948026,approximate,0.49117016792297363,ok,
enigma,depression,Pvalb,0.036339198502832654,0.050767756845883534,0.7157928724948026,approximate,0.49117016792297363,ok,
enigma,depression,Sncg,0.060993804011181166,0.08521152746128251,0.7157928724948026,approximate,0.49117016792297363,ok,
enigma,depression,Sst,0.05593732443270292,0.07814736159322273,0.7157928724948026,approximate,0.49117016792297363,ok,
enigma,depression,VLMC,0.008263588467820705,0.011544664365012529,0.7157928724948026,approximate,0.49117016792297363,ok,
enigma,depression,Vip,0.04965699670269757,0.06937341598502454,0.7157928724948026,approximate,0.49117016792297363,ok,
enigma,ocd,Astro,0.03848364736644486,0.056513421000996496,0.6809647458037673,approximate,0.45592498779296875,ok,
enigma,ocd,Chandelier,0.06584463640663332,0.09669316482590375,0.6809647458037673,approximate,0.45592498779296875,ok,
enigma,ocd,Endo,0.08091226224381011,0.11882004574011602,0.6809647458037673,approximate,0.45592498779296875,ok,
enigma,ocd,L2/3 IT,0.018672672009470148,0.02742090853386267,0.6809647458037673,approximate,0.45592498779296875,ok,
enigma,ocd,L4 IT,0.006246754432552411,0.009173388888405876,0.6809647458037673,approximate,0.45592498779296875,ok,
enigma,ocd,L5 ET,0.028633294672981167,0.04204813075775935,0.6809647458037673,approximate,0.45592498779296875,ok,
enigma,ocd,L5 IT,0.03768964440874878,0.055347423843891255,0.6809647458037673,approximate,0.45592498779296875,ok,
enigma,ocd,L5/6 NP,0.01092314046157394,0.016040684233485484,0.6809647458037673,approximate,0.45592498779296875,ok,
enigma,ocd,L6 CT,0.06614516565610207,0.09713449347224068,0.6809647458037673,approximate,0.45592498779296875,ok,
enigma,ocd,L6 IT,0.012435898635209709,0.01826217687749924,0.6809647458037673,approximate,0.45592498779296875,ok,
enigma,ocd,L6 IT Car3,0.04134676183183053,0.06071791834543131,0.6809647458037673,approximate,0.45592498779296875,ok,
enigma,ocd,L6b,0.007580952401492435,0.011132665014169511,0.6809647458037673,approximate,0.45592498779296875,ok,
enigma,ocd,Lamp5,0.023338774242940837,0.03427310207578109,0.6809647458037673,approximate,0.45592498779296875,ok,
enigma,ocd,Lamp5_Lhx6,0.009072325426448848,0.013322753464631203,0.6809647458037673,approximate,0.45592498779296875,ok,
enigma,ocd,Micro-PVM,0.014658995656158936,0.02152680553066869,0.6809647458037673,approximate,0.45592498779296875,ok,
enigma,ocd,OPC,0.004156338102588406,0.006103602467235701,0.6809647458037673,approximate,0.45592498779296875,ok,
enigma,ocd,Oligo,0.014947682562641592,0.021950743639449793,0.6809647458037673,approximate,0.45592498779296875,ok,
enigma,ocd,Pax6,0.04477418448491655,0.06575110497397037,0.6809647458037673,approximate,0.45592498779296875,ok,
enigma,ocd,Pvalb,0.060850954364722314,0.08935991876187031,0.6809647458037673,approximate,0.45592498779296875,ok,
enigma,ocd,Sncg,0.006705071284831439,0.009846429387349856,0.6809647458037673,approximate,0.45592498779296875,ok,
enigma,ocd,Sst,0.037373987248931095,0.05488387978854504,0.6809647458037673,approximate,0.45592498779296875,ok,
enigma,ocd,VLMC,0.035351723731779916,0.05191417610033982,0.6809647458037673,approximate,0.45592498779296875,ok,
enigma,ocd,Vip,0.01481987817095783,0.021763062276396395,0.6809647458037673,approximate,0.45592498779296875,ok,
enigma,schizophrenia,Astro,0.010350213826378593,0.014978972726813344,0.6909828874880739,approximate,0.4691183567047119,ok,
enigma,schizophrenia,Chandelier,0.07327642872424392,0.10604666201014804,0.6909828874880739,approximate,0.4691183567047119,ok,
enigma,schizophrenia,Endo,0.044757244347241,0.06477330359069637,0.6909828874880739,approximate,0.4691183567047119,ok,
enigma,schizophrenia,L2/3 IT,0.025531080584544986,0.036948933246897006,0.6909828874880739,approximate,0.4691183567047119,ok,
enigma,schizophrenia,L4 IT,0.015333223703525117,0.02219045360047323,0.6909828874880739,approximate,0.4691183567047119,ok,
enigma,schizophrenia,L5 ET,0.026817721287024775,0.03881097748240203,0.6909828874880739,approximate,0.4691183567047119,ok,
enigma,schizophrenia,L5 IT,0.009568695198585216,0.013847948150163658,0.6909828874880739,approximate,0.4691183567047119,ok,
enigma,schizophrenia,L5/6 NP,0.08142569210200266,0.11784038878011728,0.6909828874880739,approximate,0.4691183567047119,ok,
enigma,schizophrenia,L6 CT,0.019092170060163147,0.027630452802628446,0.6909828874880739,approximate,0.4691183567047119,ok,
enigma,schizophrenia,L6 IT,0.009084221880236339,0.013146811657319268,0.6909828874880739,approximate,0.4691183567047119,ok,
enigma,schizophrenia,L6 IT Car3,0.02955449569762759,0.04277167529440111,0.6909828874880739,approximate,0.4691183567047119,ok,
enigma,schizophrenia,L6b,0.025357912946988442,0.03669832264467781,0.6909828874880739,approximate,0.4691183567047119,ok,
enigma,schizophrenia,Lamp5,0.006778069070913513,0.00980931538775698,0.6909828874880739,approximate,0.4691183567047119,ok,
enigma,schizophrenia,Lamp5_Lhx6,0.04463768642757057,0.06460027771431749,0.6909828874880739,approximate,0.4691183567047119,ok,
enigma,schizophrenia,Micro-PVM,0.03369455651871864,0.04876322862525332,0.6909828874880739,approximate,0.4691183567047119,ok,
enigma,schizophrenia,OPC,0.04858013602233321,0.07030584534290898,0.6909828874880739,approximate,0.4691183567047119,ok,
enigma,schizophrenia,Oligo,0.003527725148743702,0.0051053726693117115,0.6909828874880739,approximate,0.4691183567047119,ok,
enigma,schizophrenia,Pax6,0.012879425795381911,0.01863928330005742,0.6909828874880739,approximate,0.4691183567047119,ok,
enigma,schizophrenia,Pvalb,0.00545983880760064,0.007901554302522252,0.6909828874880739,approximate,0.4691183567047119,ok,
enigma,schizophrenia,Sncg,0.03595794149220817,0.052038830690765536,0.6909828874880739,approximate,0.4691183567047119,ok,
enigma,schizophrenia,Sst,0.04867602465235804,0.07044461669566046,0.6909828874880739,approximate,0.4691183567047119,ok,
enigma,schizophrenia,VLMC,0.007901171118722643,0.011434684218368598,0.6909828874880739,approximate,0.4691183567047119,ok,
enigma,schizophrenia,Vip,0.07274121207496112,0.10527208906633972,0.6909828874880739,approximate,0.4691183567047119,ok,
enigma,bipolar,Astro,0.010952772539599627,0.020209003697404977,0.5419748891928831,approximate,0.5103392601013184,ok,
enigma,bipolar,Chandelier,0.06650903090041155,0.12271607453891041,0.5419748891928831,approximate,0.5103392601013184,ok,
enigma,bipolar,Endo,0.06764413591736658,0.12481046127082238,0.5419748891928831,approximate,0.5103392601013184,ok,
enigma,bipolar,L2/3 IT,0.007268933400266078,0.013411937610414166,0.5419748891928831,approximate,0.5103392601013184,ok,
enigma,bipolar,L4 IT,0.028560114936353968,0.05269638041512607,0.5419748891928831,approximate,0.5103392601013184,ok,
enigma,bipolar,L5 ET,0.02565497183282851,0.04733608944693779,0.5419748891928831,approximate,0.5103392601013184,ok,
enigma,bipolar,L5 IT,0.006788337821078177,0.01252518881675029,0.5419748891928831,approximate,0.5103392601013184,ok,
enigma,bipolar,L5/6 NP,0.007969846865597324,0.014705195802458923,0.5419748891928831,approximate,0.5103392601013184,ok,
enigma,bipolar,L6 CT,0.031289402187664433,0.05773219905863364,0.5419748891928831,approximate,0.5103392601013184,ok,
enigma,bipolar,L6 IT,0.013863685709025825,0.02557994103688425,0.5419748891928831,approximate,0.5103392601013184,ok,
enigma,bipolar,L6 IT Car3,-0.0021834582121960087,-0.0040287073363263134,0.5419748891928831,approximate,0.5103392601013184,ok,
enigma,bipolar,L6b,0.012672774294131613,0.023382585700610768,0.5419748891928831,approximate,0.5103392601013184,ok,
enigma,bipolar,Lamp5,0.040031212146191555,0.07386174700050517,0.5419748891928831,approximate,0.5103392601013184,ok,
enigma,bipolar,Lamp5_Lhx6,0.009673686796690348,0.01784895756166221,0.5419748891928831,approximate,0.5103392601013184,ok,
enigma,bipolar,Micro-PVM,0.03763033832093256,0.06943188526127513,0.5419748891928831,approximate,0.5103392601013184,ok,
enigma,bipolar,OPC,0.024872758003879294,0.04589282363417274,0.5419748891928831,approximate,0.5103392601013184,ok,
enigma,bipolar,Oligo,0.003932567811007165,0.007255996337512246,0.5419748891928831,approximate,0.5103392601013184,ok,
enigma,bipolar,Pax6,0.004697745359938386,0.008667828443000998,0.5419748891928831,approximate,0.5103392601013184,ok,
enigma,bipolar,Pvalb,0.01545159287332096,0.028509794792027542,0.5419748891928831,approximate,0.5103392601013184,ok,
enigma,bipolar,Sncg,0.05300420483475293,0.09779826684163831,0.5419748891928831,approximate,0.5103392601013184,ok,
enigma,bipolar,Sst,0.01813002072614265,0.03345177255931939,0.5419748891928831,approximate,0.5103392601013184,ok,
enigma,bipolar,VLMC,0.033772462520169196,0.062313703445677424,0.5419748891928831,approximate,0.5103392601013184,ok,
enigma,bipolar,Vip,0.02378775160773032,0.043890874064581455,0.5419748891928831,approximate,0.5103392601013184,ok,
enigma,obesity,Astro,0.022502779155195586,0.02838593454945371,0.7927439949525517,approximate,0.5307002067565918,ok,
enigma,obesity,Chandelier,0.024493686286181614,0.030897346989866063,0.7927439949525517,approximate,0.5307002067565918,ok,
enigma,obesity,Endo,0.003954833601218954,0.004988790361579043,0.7927439949525517,approximate,0.5307002067565918,ok,
enigma,obesity,L2/3 IT,0.033120577008921515,0.041779663068786665,0.7927439949525517,approximate,0.5307002067565918,ok,
enigma,obesity,L4 IT,0.015015736749585206,0.01894147019112261,0.7927439949525517,approximate,0.5307002067565918,ok,
enigma,obesity,L5 ET,0.0205898339429083,0.025972866491584933,0.7927439949525517,approximate,0.5307002067565918,ok,
enigma,obesity,L5 IT,0.010084304970648455,0.012720758573834465,0.7927439949525517,approximate,0.5307002067565918,ok,
enigma,obesity,L5/6 NP,0.14204416229557112,0.1791803699554646,0.7927439949525517,approximate,0.5307002067565918,ok,
enigma,obesity,L6 CT,0.03339435077369743,0.0421250125971578,0.7927439949525517,approximate,0.5307002067565918,ok,
enigma,obesity,L6 IT,0.005585460097898599,0.007045729937358793,0.7927439949525517,approximate,0.5307002067565918,ok,
enigma,obesity,L6 IT Car3,0.009804237870963567,0.012367470373017945,0.7927439949525517,approximate,0.5307002067565918,ok,
enigma,obesity,L6b,0.03171182117626313,0.04000260030750683,0.7927439949525517,approximate,0.5307002067565918,ok,
enigma,obesity,Lamp5,0.01673913085203455,0.021115430654301513,0.7927439949525517,approximate,0.5307002067565918,ok,
enigma,obesity,Lamp5_Lhx6,0.036770142950457406,0.046383376202879,0.7927439949525517,approximate,0.5307002067565918,ok,
enigma,obesity,Micro-PVM,0.020306611357184083,0.02561559783041877,0.7927439949525517,approximate,0.5307002067565918,ok,
enigma,obesity,OPC,0.0571951747284514,0.07214835444054639,0.7927439949525517,approximate,0.5307002067565918,ok,
enigma,obesity,Oligo,0.013472979342777566,0.01699537231257611,0.7927439949525517,approximate,0.5307002067565918,ok,
enigma,obesity,Pax6,0.04416703906372704,0.05571412630677902,0.7927439949525517,approximate,0.5307002067565918,ok,
enigma,obesity,Pvalb,0.01333325591675452,0.016819119415155664,0.7927439949525517,approximate,0.5307002067565918,ok,
enigma,obesity,Sncg,0.02174831383717232,0.027434220852690323,0.7927439949525517,approximate,0.5307002067565918,ok,
enigma,obesity,Sst,0.06561187126204066,0.08276552289237808,0.7927439949525517,approximate,0.5307002067565918,ok,
enigma,obesity,VLMC,0.022760364534625887,0.028710863380287322,0.7927439949525517,approximate,0.5307002067565918,ok,
enigma,obesity,Vip,0.12833732717827265,0.1618900023152545,0.7927439949525517,approximate,0.5307002067565918,ok,
enigma,schizotypy,Astro,0.03368439726756319,0.05669112745087284,0.5941740583083883,approximate,0.4991774559020996,ok,
enigma,schizotypy,Chandelier,0.010426916401895388,0.017548589097916505,0.5941740583083883,approximate,0.4991774559020996,ok,
enigma,schizotypy,Endo,0.015575553424685931,0.026213789052032133,0.5941740583083883,approximate,0.4991774559020996,ok,
enigma,schizotypy,L2/3 IT,0.025659557395778878,0.043185253608734715,0.5941740583083883,approximate,0.4991774559020996,ok,
enigma,schizotypy,L4 IT,0.03474841746861824,0.05848188251023088,0.5941740583083883,approximate,0.4991774559020996,ok,
enigma,schizotypy,L5 ET,0.02479318722897538,0.04172714524017004,0.5941740583083883,approximate,0.4991774559020996,ok,
enigma,schizotypy,L5 IT,0.018549758511403235,0.031219401540710713,0.5941740583083883,approximate,0.4991774559020996,ok,
enigma,schizotypy,L5/6 NP,0.06151909707043685,0.10353716425382409,0.5941740583083883,approximate,0.4991774559020996,ok,
enigma,schizotypy,L6 CT,0.011695042121614497,0.01968285548330778,0.5941740583083883,approximate,0.4991774559020996,ok,
enigma,schizotypy,L6 IT,0.0038188689171025705,0.006427188908204573,0.5941740583083883,approximate,0.4991774559020996,ok,
enigma,schizotypy,L6 IT Car3,0.007119634888470947,0.011982406146677836,0.5941740583083883,approximate,0.4991774559020996,ok,
enigma,schizotypy,L6b,0.07570362688151366,0.12740984871847427,0.5941740583083883,approximate,0.4991774559020996,ok,
enigma,schizotypy,Lamp5,0.012781497602830134,0.021511369310230437,0.5941740583083883,approximate,0.4991774559020996,ok,
enigma,schizotypy,Lamp5_Lhx6,0.02110715780129937,0.035523526323904785,0.5941740583083883,approximate,0.4991774559020996,ok,
enigma,schizotypy,Micro-PVM,0.014007795401785508,0.02357523894877817,0.5941740583083883,approximate,0.4991774559020996,ok,
enigma,schizotypy,OPC,0.02784137988045922,0.04685727943041394,0.5941740583083883,approximate,0.4991774559020996,ok,
enigma,schizotypy,Oligo,0.07551058764001178,0.12708496203114317,0.5941740583083883,approximate,0.4991774559020996,ok,
enigma,schizotypy,Pax6,0.01423600059718276,0.02395931023598137,0.5941740583083883,approximate,0.4991774559020996,ok,
enigma,schizotypy,Pvalb,0.04687832262635149,0.07889661618653283,0.5941740583083883,approximate,0.4991774559020996,ok,
enigma,schizotypy,Sncg,0.023418983183929112,0.03941434812991143,0.5941740583083883,approximate,0.4991774559020996,ok,
enigma,schizotypy,Sst,0.015515975532864905,0.02611351895274398,0.5941740583083883,approximate,0.4991774559020996,ok,
enigma,schizotypy,VLMC,0.006330078016731676,0.01065357520783285,0.5941740583083883,approximate,0.4991774559020996,ok,
enigma,schizotypy,Vip,0.013252222446883568,0.022303603231370626,0.5941740583083883,approximate,0.4991774559020996,ok,
enigma,parkinson,Astro,0.061172396992224765,0.07803835395154843,0.7838760544616917,approximate,0.49666714668273926,ok,
enigma,parkinson,Chandelier,0.04284160457135875,0.05465354417641855,0.7838760544616917,approximate,0.49666714668273926,ok,
enigma,parkinson,Endo,0.02063318108755236,0.026321994363919823,0.7838760544616917,approximate,0.49666714668273926,ok,
enigma,parkinson,L2/3 IT,0.01951113466306259,0.024890586403307595,0.7838760544616917,approximate,0.49666714668273926,ok,
enigma,parkinson,L4 IT,0.009007832801419641,0.01149139937385325,0.7838760544616917,approximate,0.49666714668273926,ok,
enigma,parkinson,L5 ET,0.04693447420340642,0.05987486661477056,0.7838760544616917,approximate,0.49666714668273926,ok,
enigma,parkinson,L5 IT,0.0631511195357651,0.08056263381987427,0.7838760544616917,approximate,0.49666714668273926,ok,
enigma,parkinson,L5/6 NP,0.012594176447287202,0.016066540590955993,0.7838760544616917,approximate,0.49666714668273926,ok,
enigma,parkinson,L6 CT,0.09012266615633989,0.11497055643347784,0.7838760544616917,approximate,0.49666714668273926,ok,
enigma,parkinson,L6 IT,0.007993560091089875,0.010197479621417014,0.7838760544616917,approximate,0.49666714668273926,ok,
enigma,parkinson,L6 IT Car3,0.040956337658931245,0.052248486767537544,0.7838760544616917,approximate,0.49666714668273926,ok,
enigma,parkinson,L6b,0.04111767993329343,0.052454313024691154,0.7838760544616917,approximate,0.49666714668273926,ok,
enigma,parkinson,Lamp5,0.05487381859470711,0.07000318262354677,0.7838760544616917,approximate,0.49666714668273926,ok,
enigma,parkinson,Lamp5_Lhx6,0.019844245405194087,0.0253155397364723,0.7838760544616917,approximate,0.49666714668273926,ok,
enigma,parkinson,Micro-PVM,0.057172328951810195,0.07293541960670291,0.7838760544616917,approximate,0.49666714668273926,ok,
enigma,parkinson,OPC,0.029732959443037107,0.03793068977397901,0.7838760544616917,approximate,0.49666714668273926,ok,
enigma,parkinson,Oligo,0.010469737288346673,0.013356368304344383,0.7838760544616917,approximate,0.49666714668273926,ok,
enigma,parkinson,Pax6,0.027081320490468,0.0345479624442227,0.7838760544616917,approximate,0.49666714668273926,ok,
enigma,parkinson,Pvalb,0.007746401190814015,0.00988217607455004,0.7838760544616917,approximate,0.49666714668273926,ok,
enigma,parkinson,Sncg,0.05580308375119878,0.07118865722913327,0.7838760544616917,approximate,0.49666714668273926,ok,
enigma,parkinson,Sst,0.015332548938883812,0.01955991492738361,0.7838760544616917,approximate,0.49666714668273926,ok,
enigma,parkinson,VLMC,0.011754934896140181,0.014995910168748044,0.7838760544616917,approximate,0.49666714668273926,ok,
enigma,parkinson,Vip,0.038028511369360585,0.04851342396914492,0.7838760544616917,approximate,0.49666714668273926,ok,
