phenotype,outcome,feature,mean_abs_shap,relative_shap,total_mean_abs_shap
meg,delta,Astro,0.005179428933875333,0.03219314111148591,0.16088610042551607
meg,delta,Chandelier,0.02703292892202088,0.1680252604204057,0.16088610042551607
meg,delta,Endo,0.005796384724317691,0.03602787754185881,0.16088610042551607
meg,delta,L2/3 IT,0.003931148230793901,0.02443435586042977,0.16088610042551607
meg,delta,L4 IT,0.004101386646696676,0.025492485900579436,0.16088610042551607
meg,delta,L5 ET,0.006680310151643288,0.04152198439750244,0.16088610042551607
meg,delta,L5 IT,0.005621304191514705,0.03493965094963034,0.16088610042551607
meg,delta,L5/6 NP,0.02064019239574057,0.12829071213206616,0.16088610042551607
meg,delta,L6 CT,0.007719755558720586,0.04798273771508639,0.16088610042551607
meg,delta,L6 IT,0.005279269616015392,0.03281370859292774,0.16088610042551607
meg,delta,L6 IT Car3,0.003338543530194165,0.02075097551226794,0.16088610042551607
meg,delta,L6b,0.017345005615669234,0.10780922385336382,0.16088610042551607
meg,delta,Lamp5,0.005077388742366114,0.03155890240945174,0.16088610042551607
meg,delta,Lamp5_Lhx6,0.003604900577982488,0.022406538342642068,0.16088610042551607
meg,delta,Micro-PVM,0.0020833624321335894,0.012949300322547777,0.16088610042551607
meg,delta,OPC,0.005535705426112713,0.03440760520313268,0.16088610042551607
meg,delta,Oligo,0.005129455466176366,0.03188252715809407,0.16088610042551607
meg,delta,Pax6,0.001602360292953369,0.009959594326143784,0.16088610042551607
meg,delta,Pvalb,0.008543277149252522,0.05310139985155351,0.16088610042551607
meg,delta,Sncg,0.007114363901553267,0.04421987904944553,0.16088610042551607
meg,delta,Sst,0.003917607484493122,0.024350192304566545,0.16088610042551607
meg,delta,VLMC,0.002593989943016337,0.01612314510797191,0.16088610042551607
meg,delta,Vip,0.0030180304922737293,0.018758801936845742,0.16088610042551607
meg,theta,Astro,0.0018999774914423295,0.02660105358019701,0.0714248962250411
meg,theta,Chandelier,0.006933341300570738,0.097071772827301,0.0714248962250411
meg,theta,Endo,0.004531974241552448,0.06345090411154938,0.0714248962250411
meg,theta,L2/3 IT,0.0032177619609025676,0.04505098545420695,0.0714248962250411
meg,theta,L4 IT,0.0026132435012845077,0.03658729153838549,0.0714248962250411
meg,theta,L5 ET,0.00406594868865297,0.05692621065688683,0.0714248962250411
meg,theta,L5 IT,0.0012626828825868929,0.017678469963869608,0.0714248962250411
meg,theta,L5/6 NP,0.010407626642644444,0.14571427041143672,0.0714248962250411
meg,theta,L6 CT,0.002330665348912141,0.03263099384238272,0.0714248962250411
meg,theta,L6 IT,0.00406937523705971,0.056974184802987694,0.0714248962250411
meg,theta,L6 IT Car3,0.0030876345654341185,0.04322910817687144,0.0714248962250411
meg,theta,L6b,0.005443616217784753,0.07621454850467471,0.0714248962250411
meg,theta,Lamp5,0.003087601030543049,0.04322863866423871,0.0714248962250411
meg,theta,Lamp5_Lhx6,0.002108521345458141,0.029520817766605412,0.0714248962250411
meg,theta,Micro-PVM,0.0014830090457713771,0.020763194966343455,0.0714248962250411
meg,theta,OPC,0.003968973602546569,0.055568489592779734,0.0714248962250411
meg,theta,Oligo,0.0016114447762817488,0.022561387715629426,0.0714248962250411
meg,theta,Pax6,0.002184002590487754,0.03057760957196963,0.0714248962250411
meg,theta,Pvalb,0.0011490203084062608,0.0160871120454414,0.0714248962250411
meg,theta,Sncg,0.0010315512792881387,0.014442461015805909,0.0714248962250411
meg,theta,Sst,0.002178093174523854,0.030494873491467935,0.0714248962250411
meg,theta,VLMC,0.0008391900250466183,0.011749264883809573,0.0714248962250411
meg,theta,Vip,0.001919640967859944,0.026876356415158925,0.0714248962250411
meg,alpha,Astro,0.0025285444118287926,0.01798368062180726,0.14060216398430944
meg,alpha,Chandelier,0.01966312202200328,0.1398493555490198,0.14060216398430944
meg,alpha,Endo,0.002216700120634984,0.015765761051034447,0.14060216398430944
meg,alpha,L2/3 IT,0.00116438407473114,0.008281409344888035,0.14060216398430944
meg,alpha,L4 IT,0.003845440636098876,0.027349796952826484,0.14060216398430944
meg,alpha,L5 ET,0.007401658472000957,0.05264256439770691,0.14060216398430944
meg,alpha,L5 IT,0.001779989847045886,0.01265976139061789,0.14060216398430944
meg,alpha,L5/6 NP,0.0025803598892975535,0.018352206084008137,0.14060216398430944
meg,alpha,L6 CT,0.0030101527721008736,0.021409007420659563,0.14060216398430944
meg,alpha,L6 IT,0.002179015246680504,0.01549773620072926,0.14060216398430944
meg,alpha,L6 IT Car3,0.005479198068646858,0.03896951450376192,0.14060216398430944
meg,alpha,L6b,0.0029172272291935306,0.020748096234984546,0.14060216398430944
meg,alpha,Lamp5,0.007754656570624973,0.055153180796636656,0.14060216398430944
meg,alpha,Lamp5_Lhx6,0.006320049426783744,0.04494987308651261,0.14060216398430944
meg,alpha,Micro-PVM,0.008599173277650788,0.06115960831591764,0.14060216398430944
meg,alpha,OPC,0.01026859554310138,0.07303298364772898,0.14060216398430944
meg,alpha,Oligo,0.006928325314964306,0.04927609304603218,0.14060216398430944
meg,alpha,Pax6,0.0018794383659444826,0.013367065717098205,0.14060216398430944
meg,alpha,Pvalb,0.010147837208364194,0.07217411824114348,0.14060216398430944
meg,alpha,Sncg,0.010302316079239648,0.07327281307270164,0.14060216398430944
meg,alpha,Sst,0.004735515365749515,0.03368024525054946,0.14060216398430944
meg,alpha,VLMC,0.005616581722699481,0.0399466236047851,0.14060216398430944
meg,alpha,Vip,0.013283882318923695,0.0944785054688498,0.14060216398430944
meg,beta,Astro,0.0021121816183608836,0.028370590095457435,0.07444968931749771
meg,beta,Chandelier,0.005098611781588458,0.06848399003849362,0.07444968931749771
meg,beta,Endo,0.001217898428926654,0.016358677115935454,0.07444968931749771
meg,beta,L2/3 IT,0.0015133315333322138,0.02032690192807211,0.07444968931749771
meg,beta,L4 IT,0.0035496339821564997,0.04767829140318842,0.07444968931749771
meg,beta,L5 ET,0.005074555546523189,0.06816086934738262,0.07444968931749771
meg,beta,L5 IT,0.0008687521089733621,0.011668982328032115,0.07444968931749771
meg,beta,L5/6 NP,0.008015147450116502,0.10765857485227576,0.07444968931749771
meg,beta,L6 CT,0.0009204920196191206,0.012363947090411564,0.07444968931749771
meg,beta,L6 IT,0.0014920574722950592,0.02004115109106822,0.07444968931749771
meg,beta,L6 IT Car3,0.0017792829985372792,0.023899132620276754,0.07444968931749771
meg,beta,L6b,0.003207501076569682,0.04308280002205237,0.07444968931749771
meg,beta,Lamp5,0.005901333151203883,0.07926605477206349,0.07444968931749771
meg,beta,Lamp5_Lhx6,0.0014078538812861117,0.018910137761383883,0.07444968931749771
meg,beta,Micro-PVM,0.002513385684248097,0.03375951877420908,0.07444968931749771
meg,beta,OPC,0.008750000284698935,0.11752903692295794,0.07444968931749771
meg,beta,Oligo,0.004244494000107398,0.05701157438020129,0.07444968931749771
meg,beta,Pax6,0.00192711854120355,0.02588484329310189,0.07444968931749771
meg,beta,Pvalb,0.002132045918599525,0.028637405181198467,0.07444968931749771
meg,beta,Sncg,0.005997401575993604,0.08055643523799166,0.07444968931749771
meg,beta,Sst,0.002308669143858262,0.031009788825480854,0.07444968931749771
meg,beta,VLMC,0.0008916930182694075,0.011977122086657726,0.07444968931749771
meg,beta,Vip,0.003526248101030043,0.04736417483210744,0.07444968931749771
meg,gamma1,Astro,0.00011376879010682086,0.019082547634306803,0.005961928788915278
meg,gamma1,Chandelier,0.0009151336420062646,0.1534962382824377,0.005961928788915278
meg,gamma1,Endo,0.0002369391095709231,0.03974202275133718,0.005961928788915278
meg,gamma1,L2/3 IT,0.00022292886213085282,0.03739207059053331,0.005961928788915278
meg,gamma1,L4 IT,0.00013078529007974307,0.021936741398673822,0.005961928788915278
meg,gamma1,L5 ET,0.00010743808608883861,0.01802069261353691,0.005961928788915278
meg,gamma1,L5 IT,0.00010834717415050611,0.018173174820865137,0.005961928788915278
meg,gamma1,L5/6 NP,0.00030683600290483355,0.051465895311483545,0.005961928788915278
meg,gamma1,L6 CT,0.00017808066626834538,0.029869639939249532,0.005961928788915278
meg,gamma1,L6 IT,9.874936721439419e-05,0.016563325512708914,0.005961928788915278
meg,gamma1,L6 IT Car3,0.0002360444815368519,0.03959196593822419,0.005961928788915278
meg,gamma1,L6b,0.0003010103795870894,0.05048875795811974,0.005961928788915278
meg,gamma1,Lamp5,0.0003579278271452987,0.06003557570341605,0.005961928788915278
meg,gamma1,Lamp5_Lhx6,0.00030144387531520994,0.05056146860990184,0.005961928788915278
meg,gamma1,Micro-PVM,0.00039090247872978297,0.06556644545244633,0.005961928788915278
meg,gamma1,OPC,0.00013906258405918732,0.023325099809601815,0.005961928788915278
meg,gamma1,Oligo,9.578915735612211e-05,0.016066806690851157,0.005961928788915278
meg,gamma1,Pax6,6.933443953414458e-05,0.011629531648055694,0.005961928788915278
meg,gamma1,Pvalb,0.00032039573869836236,0.053740282724285215,0.005961928788915278
meg,gamma1,Sncg,0.0005839213979786137,0.09794169280657462,0.005961928788915278
meg,gamma1,Sst,0.00046437710418820584,0.07789041443292638,0.005961928788915278
meg,gamma1,VLMC,8.143875458778907e-05,0.013659799952526128,0.005961928788915278
meg,gamma1,Vip,0.00020127357967709747,0.033759809417937964,0.005961928788915278
meg,gamma2,Astro,0.00044466249066605945,0.03877295869146052,0.011468366244745551
meg,gamma2,Chandelier,0.0015876195848068609,0.13843467769737985,0.011468366244745551
meg,gamma2,Endo,5.3046928980733146e-05,0.004625500079842463,0.011468366244745551
meg,gamma2,L2/3 IT,0.0002968762925380299,0.025886537472070127,0.011468366244745551
meg,gamma2,L4 IT,0.00046461388487193495,0.04051264800553493,0.011468366244745551
meg,gamma2,L5 ET,0.0007675747466737837,0.06692973788009801,0.011468366244745551
meg,gamma2,L5 IT,0.00019339693487825966,0.016863512269401765,0.011468366244745551
meg,gamma2,L5/6 NP,0.0009678972116148432,0.08439713128784176,0.011468366244745551
meg,gamma2,L6 CT,0.0005052226821653549,0.044053588051116886,0.011468366244745551
meg,gamma2,L6 IT,0.00016949829634420465,0.014779637546181742,0.011468366244745551
meg,gamma2,L6 IT Car3,0.00036556873541977513,0.03187626969859524,0.011468366244745551
meg,gamma2,L6b,0.000640525374168614,0.055851492749639284,0.011468366244745551
meg,gamma2,Lamp5,0.0004828915674871395,0.04210639573081174,0.011468366244745551
meg,gamma2,Lamp5_Lhx6,0.0003531327097195506,0.030791893298781334,0.011468366244745551
meg,gamma2,Micro-PVM,0.0005247174550718899,0.04575346164169627,0.011468366244745551
meg,gamma2,OPC,0.0006985809045167114,0.06091372472838313,0.011468366244745551
meg,gamma2,Oligo,0.00038660594155590067,0.03371063788035471,0.011468366244745551
meg,gamma2,Pax6,0.00012851192335392751,0.011205774267351087,0.011468366244745551
meg,gamma2,Pvalb,0.0011025461875771305,0.09613803431524372,0.011468366244745551
meg,gamma2,Sncg,0.00043192014330234224,0.03766187215203688,0.011468366244745551
meg,gamma2,Sst,0.00037546526865530195,0.03273921155311276,0.011468366244745551
meg,gamma2,VLMC,0.00014295545638870786,0.012465198035875914,0.011468366244745551
meg,gamma2,Vip,0.00038453552398849504,0.03353010496718983,0.011468366244745551
enigma,22q,Astro,0.011338133332477273,0.04572830261049239,0.24794564165335387
enigma,22q,Chandelier,0.022669436531424763,0.09142905832205872,0.24794564165335387
enigma,22q,Endo,0.0022616642994486955,0.009121613448687546,0.24794564165335387
enigma,22q,L2/3 IT,0.0028128893022859912,0.011344782201167367,0.24794564165335387
enigma,22q,L4 IT,0.003918985535986694,0.01580582546179909,0.24794564165335387
enigma,22q,L5 ET,0.01193929294667501,0.04815286474511625,0.24794564165335387
enigma,22q,L5 IT,0.01408594375276088,0.05681061243437406,0.24794564165335387
enigma,22q,L5/6 NP,0.01430184887389801,0.05768138846293189,0.24794564165335387
enigma,22q,L6 CT,0.005543036058163961,0.022355851956912115,0.24794564165335387
enigma,22q,L6 IT,0.00953307239110015,0.038448235377446495,0.24794564165335387
enigma,22q,L6 IT Car3,0.00965030442110804,0.038921048810367356,0.24794564165335387
enigma,22q,L6b,0.0055160136312398704,0.022246866669879444,0.24794564165335387
enigma,22q,Lamp5,0.0114716691766909,0.04626687164249143,0.24794564165335387
enigma,22q,Lamp5_Lhx6,0.010029735865380994,0.040451349733355256,0.24794564165335387
enigma,22q,Micro-PVM,0.005470800065392055,0.02206451393503675,0.24794564165335387
enigma,22q,OPC,0.005939387594943857,0.023954394016925513,0.24794564165335387
enigma,22q,Oligo,0.003155822722530887,0.012727881407744033,0.24794564165335387
enigma,22q,Pax6,0.018435646582488807,0.07435358193657297,0.24794564165335387
enigma,22q,Pvalb,0.0024768604499430936,0.009989530097915275,0.24794564165335387
enigma,22q,Sncg,0.023949124029332892,0.09659021981445239,0.24794564165335387
enigma,22q,Sst,0.01779739968143234,0.07177944150482148,0.24794564165335387
enigma,22q,VLMC,0.01738454511521306,0.07011434038238883,0.24794564165335387
enigma,22q,Vip,0.01826402929343564,0.07366142502706335,0.24794564165335387
enigma,adhd,Astro,0.002662532522858325,0.029937973705714983,0.08893496096397677
enigma,adhd,Chandelier,0.010518521677511165,0.11827206717695313,0.08893496096397677
enigma,adhd,Endo,0.0038898401085437316,0.04373803132515364,0.08893496096397677
enigma,adhd,L2/3 IT,0.002665051323240177,0.02996629553050189,0.08893496096397677
enigma,adhd,L4 IT,0.002735667080219984,0.030760311249566637,0.08893496096397677
enigma,adhd,L5 ET,0.00183512571918002,0.02063446927157634,0.08893496096397677
enigma,adhd,L5 IT,0.0022916962419832366,0.025768226770926356,0.08893496096397677
enigma,adhd,L5/6 NP,0.007065603716623159,0.07944686364100494,0.08893496096397677
enigma,adhd,L6 CT,0.006423978471462765,0.07223231900967277,0.08893496096397677
enigma,adhd,L6 IT,0.004145796283377677,0.046616046585514756,0.08893496096397677
enigma,adhd,L6 IT Car3,0.0027213036722601516,0.0305988066196197,0.08893496096397677
enigma,adhd,L6b,0.002893925523042122,0.03253979640486165,0.08893496096397677
enigma,adhd,Lamp5,0.0023724443314269918,0.026676172179217056,0.08893496096397677
enigma,adhd,Lamp5_Lhx6,0.0058592574960330554,0.06588249921654946,0.08893496096397677
enigma,adhd,Micro-PVM,0.0032422378854659118,0.03645628052593608,0.08893496096397677
enigma,adhd,OPC,0.01000181091116849,0.11246208243369823,0.08893496096397677
enigma,adhd,Oligo,0.0062186640312494506,0.0699237281249646,0.08893496096397677
enigma,adhd,Pax6,0.002502295586499814,0.028136242028749214,0.08893496096397677
enigma,adhd,Pvalb,0.0015378212084136565,0.01729152620909738,0.08893496096397677
enigma,adhd,Sncg,0.002522690011010143,0.02836556044626772,0.08893496096397677
enigma,adhd,Sst,0.001557621094637026,0.017514159535842632,0.08893496096397677
enigma,adhd,VLMC,0.0016775854484833732,0.018863059367202978,0.08893496096397677
enigma,adhd,Vip,0.001593490619286346,0.017917482641407936,0.08893496096397677
enigma,asd,Astro,0.0038865522312634977,0.01328190823628541,0.2926200183077354
enigma,asd,Chandelier,0.0257174410651388,0.08788681380674687,0.2926200183077354
enigma,asd,Endo,0.005365641253557452,0.01833654882734184,0.2926200183077354
enigma,asd,L2/3 IT,0.004690055747475974,0.01602780211210175,0.2926200183077354
enigma,asd,L4 IT,0.008632550382980228,0.029500887987443707,0.2926200183077354
enigma,asd,L5 ET,0.0287655498930753,0.09830342455526696,0.2926200183077354
enigma,asd,L5 IT,0.006383929912750617,0.02181644970726823,0.2926200183077354
enigma,asd,L5/6 NP,0.0252352758364942,0.08623906177859435,0.2926200183077354
enigma,asd,L6 CT,0.0103682823903527,0.035432580622180264,0.2926200183077354
enigma,asd,L6 IT,0.013461954896973171,0.04600490074064528,0.2926200183077354
enigma,asd,L6 IT Car3,0.010661952166321462,0.03643616806526464,0.2926200183077354
enigma,asd,L6b,0.01843762125129621,0.06300874888165098,0.2926200183077354
enigma,asd,Lamp5,0.01689266243927198,0.05772900479251123,0.2926200183077354
enigma,asd,Lamp5_Lhx6,0.018816155517230725,0.0643023523340861,0.2926200183077354
enigma,asd,Micro-PVM,0.006929673787542867,0.023681475476688814,0.2926200183077354
enigma,asd,OPC,0.018475835064500887,0.06313934081253005,0.2926200183077354
enigma,asd,Oligo,0.00359440359768321,0.012283519147015897,0.2926200183077354
enigma,asd,Pax6,0.005106117749255677,0.01744965289382834,0.2926200183077354
enigma,asd,Pvalb,0.008244681421519172,0.028175384135369064,0.2926200183077354
enigma,asd,Sncg,0.01303720475791264,0.044553359108200165,0.2926200183077354
enigma,asd,Sst,0.01290497354407877,0.04410147200013906,0.2926200183077354
enigma,asd,VLMC,0.014011624682134054,0.0478833429208478,0.2926200183077354
enigma,asd,Vip,0.01299987871892573,0.04442580105799303,0.2926200183077354
enigma,epilepsy_gge,Astro,0.0018703417098511605,0.01662073295177651,0.1125306396100449
enigma,epilepsy_gge,Chandelier,0.0029590146765905777,0.026295191130562497,0.1125306396100449
enigma,epilepsy_gge,Endo,0.004647269583768107,0.041297815420514805,0.1125306396100449
enigma,epilepsy_gge,L2/3 IT,0.00624008624415357,0.05545233072323671,0.1125306396100449
enigma,epilepsy_gge,L4 IT,0.003788801761266,0.03366906803689577,0.1125306396100449
enigma,epilepsy_gge,L5 ET,0.01558024846135051,0.13845338936436435,0.1125306396100449
enigma,epilepsy_gge,L5 IT,0.0067732339472190255,0.06019013106732952,0.1125306396100449
enigma,epilepsy_gge,L5/6 NP,0.004874103865726232,0.04331357115374604,0.1125306396100449
enigma,epilepsy_gge,L6 CT,0.009814402974901193,0.0872153842625553,0.1125306396100449
enigma,epilepsy_gge,L6 IT,0.002246189838919058,0.01996069556436214,0.1125306396100449
enigma,epilepsy_gge,L6 IT Car3,0.0010523972174007045,0.009352094869873677,0.1125306396100449
enigma,epilepsy_gge,L6b,0.006872572993727523,0.06107290438891322,0.1125306396100449
enigma,epilepsy_gge,Lamp5,0.007246621132526291,0.06439687144441887,0.1125306396100449
enigma,epilepsy_gge,Lamp5_Lhx6,0.0004278605429361407,0.0038021692973470695,0.1125306396100449
enigma,epilepsy_gge,Micro-PVM,0.00577769122681169,0.05134327190206383,0.1125306396100449
enigma,epilepsy_gge,OPC,0.0006053842497489993,0.005379728150900516,0.1125306396100449
enigma,epilepsy_gge,Oligo,0.0097087268314076,0.08627629652734119,0.1125306396100449
enigma,epilepsy_gge,Pax6,0.0010705778265294372,0.009513656282762952,0.1125306396100449
enigma,epilepsy_gge,Pvalb,0.011562711688766956,0.10275167482239056,0.1125306396100449
enigma,epilepsy_gge,Sncg,0.002164709427587325,0.019236622444240466,0.1125306396100449
enigma,epilepsy_gge,Sst,0.003673818728689622,0.03264727492370605,0.1125306396100449
enigma,epilepsy_gge,VLMC,0.0024261959661487967,0.02156031436910295,0.1125306396100449
enigma,epilepsy_gge,Vip,0.0011476787140184024,0.010198810901595162,0.1125306396100449
enigma,epilepsy_rtle,Astro,0.021469529772533913,0.02442083219626886,0.8791481633379447
enigma,epilepsy_rtle,Chandelier,0.057239541147641376,0.06510795737809952,0.8791481633379447
enigma,epilepsy_rtle,Endo,0.00622416459604115,0.007079767501770439,0.8791481633379447
enigma,epilepsy_rtle,L2/3 IT,0.022594979788743592,0.025700991858932064,0.8791481633379447
enigma,epilepsy_rtle,L4 IT,0.010177572065842728,0.011576628934991551,0.8791481633379447
enigma,epilepsy_rtle,L5 ET,0.09164579209684492,0.10424385321910326,0.8791481633379447
enigma,epilepsy_rtle,L5 IT,0.012920758715276346,0.014696906908408799,0.8791481633379447
enigma,epilepsy_rtle,L5/6 NP,0.02343069321544904,0.026651586379351028,0.8791481633379447
enigma,epilepsy_rtle,L6 CT,0.030100700944512716,0.03423848470572531,0.8791481633379447
enigma,epilepsy_rtle,L6 IT,0.02732211463830648,0.03107794087241226,0.8791481633379447
enigma,epilepsy_rtle,L6 IT Car3,0.010764461299631167,0.01224419471998977,0.8791481633379447
enigma,epilepsy_rtle,L6b,0.07221456768297115,0.0821415214118031,0.8791481633379447
enigma,epilepsy_rtle,Lamp5,0.048472420807372,0.05513566748900685,0.8791481633379447
enigma,epilepsy_rtle,Lamp5_Lhx6,0.024406163880474716,0.027761149824631987,0.8791481633379447
enigma,epilepsy_rtle,Micro-PVM,0.043727049983544077,0.04973797569856879,0.8791481633379447
enigma,epilepsy_rtle,OPC,0.13237332224781048,0.15056998099753313,0.8791481633379447
enigma,epilepsy_rtle,Oligo,0.025444342045668655,0.028942040837646437,0.8791481633379447
enigma,epilepsy_rtle,Pax6,0.07915289558598027,0.09003362446376843,0.8791481633379447
enigma,epilepsy_rtle,Pvalb,0.037202252290437415,0.04231624866187301,0.8791481633379447
enigma,epilepsy_rtle,Sncg,0.041206755875932366,0.04687123012289395,0.8791481633379447
enigma,epilepsy_rtle,Sst,0.022830101556307953,0.02596843456923888,0.8791481633379447
enigma,epilepsy_rtle,VLMC,0.0027865863893843743,0.0031696436455082603,0.8791481633379447
enigma,epilepsy_rtle,Vip,0.035441396711237756,0.04031333760247427,0.8791481633379447
enigma,epilepsy_ltle,Astro,0.0013464023222314798,0.007068391479820288,0.1904821381321839
enigma,epilepsy_ltle,Chandelier,0.005039464188512094,0.02645636088468825,0.1904821381321839
enigma,epilepsy_ltle,Endo,0.0023698554077495586,0.01244135240704308,0.1904821381321839
enigma,epilepsy_ltle,L2/3 IT,0.00682377898454006,0.035823721066196454,0.1904821381321839
enigma,epilepsy_ltle,L4 IT,0.005997448151492966,0.03148561965075735,0.1904821381321839
enigma,epilepsy_ltle,L5 ET,0.017662687882504493,0.09272621598906865,0.1904821381321839
enigma,epilepsy_ltle,L5 IT,0.003384710762321861,0.017769176656202073,0.1904821381321839
enigma,epilepsy_ltle,L5/6 NP,0.008270659395872508,0.04341960604271008,0.1904821381321839
enigma,epilepsy_ltle,L6 CT,0.004442979776725187,0.02332491550279643,0.1904821381321839
enigma,epilepsy_ltle,L6 IT,0.011782859352321522,0.0618580800691395,0.1904821381321839
enigma,epilepsy_ltle,L6 IT Car3,0.007035820623694833,0.0369369049123775,0.1904821381321839
enigma,epilepsy_ltle,L6b,0.026477828290361643,0.13900425808947775,0.1904821381321839
enigma,epilepsy_ltle,Lamp5,0.00383466708915209,0.020131373612002647,0.1904821381321839
enigma,epilepsy_ltle,Lamp5_Lhx6,0.004063459432097054,0.02133249590718706,0.1904821381321839
enigma,epilepsy_ltle,Micro-PVM,0.009066619263729134,0.04759826486952498,0.1904821381321839
enigma,epilepsy_ltle,OPC,0.009502058745468465,0.049884250768303384,0.1904821381321839
enigma,epilepsy_ltle,Oligo,0.004708934823849482,0.024721135902946164,0.1904821381321839
enigma,epilepsy_ltle,Pax6,0.005381017830404548,0.02824946151470866,0.1904821381321839
enigma,epilepsy_ltle,Pvalb,0.005258272962817992,0.027605071081095518,0.1904821381321839
enigma,epilepsy_ltle,Sncg,0.006252813854150802,0.03282624772833923,0.1904821381321839
enigma,epilepsy_ltle,Sst,0.014405500477133354,0.07562651605231745,0.1904821381321839
enigma,epilepsy_ltle,VLMC,0.010005154548623246,0.05252542126380496,0.1904821381321839
enigma,epilepsy_ltle,Vip,0.017369143966429516,0.09118515854949248,0.1904821381321839
enigma,depression,Astro,0.005739776878031622,0.042136607522934695,0.13621829604833507
enigma,depression,Chandelier,0.021140904126938594,0.1551987122158469,0.13621829604833507
enigma,depression,Endo,0.0013640413023444594,0.010013642380759552,0.13621829604833507
enigma,depression,L2/3 IT,0.001615094001241417,0.011856659847428458,0.13621829604833507
enigma,depression,L4 IT,0.0038944481996486804,0.028589758590628622,0.13621829604833507
enigma,depression,L5 ET,0.0047063537550406246,0.03455008535248924,0.13621829604833507
enigma,depression,L5 IT,0.006791946139619599,0.049860748054061516,0.13621829604833507
enigma,depression,L5/6 NP,0.0035850464462434456,0.026318391510134174,0.13621829604833507
enigma,depression,L6 CT,0.008337147517794586,0.06120431512985797,0.13621829604833507
enigma,depression,L6 IT,0.002286421831363705,0.016784983351666664,0.13621829604833507
enigma,depression,L6 IT Car3,0.0011673043282813117,0.00856936521851008,0.13621829604833507
enigma,depression,L6b,0.012963964570963825,0.09517050900683525,0.13621829604833507
enigma,depression,Lamp5,0.01779652202412967,0.13064707561614802,0.13621829604833507
enigma,depression,Lamp5_Lhx6,0.002780386957703419,0.02041125926811505,0.13621829604833507
enigma,depression,Micro-PVM,0.004702730157655853,0.034523483952457884,0.13621829604833507
enigma,depression,OPC,0.011521610574291118,0.08458196078302758,0.13621829604833507
enigma,depression,Oligo,0.0018646969071830703,0.013689034155304732,0.13621829604833507
enigma,depression,Pax6,0.0023673602527187385,0.017379165071032127,0.13621829604833507
enigma,depression,Pvalb,0.006266779031623867,0.04600541346810117,0.13621829604833507
enigma,depression,Sncg,0.006104472889108292,0.0448138984717751,0.13621829604833507
enigma,depression,Sst,0.007221429284245741,0.053013651570588745,0.13621829604833507
enigma,depression,VLMC,0.0011694049939123302,0.0085847865362916,0.13621829604833507
enigma,depression,Vip,0.0008304538782511302,0.006096492926005005,0.13621829604833507
enigma,ocd,Astro,0.0008502129891178483,0.03139334492900052,0.02708258680432741
enigma,ocd,Chandelier,0.0010079535150582753,0.03721777104752855,0.02708258680432741
enigma,ocd,Endo,0.0011602271947350885,0.04284033881688513,0.02708258680432741
enigma,ocd,L2/3 IT,0.0007733071434614662,0.02855366620067116,0.02708258680432741
enigma,ocd,L4 IT,0.000991811382655865,0.03662173742197285,0.02708258680432741
enigma,ocd,L5 ET,0.0010651021366710489,0.03932793216417794,0.02708258680432741
enigma,ocd,L5 IT,0.0018795473008415226,0.06940058253745532,0.02708258680432741
enigma,ocd,L5/6 NP,0.0005194209068302278,0.01917914675518484,0.02708258680432741
enigma,ocd,L6 CT,0.001516196548819779,0.05598418495893134,0.02708258680432741
enigma,ocd,L6 IT,0.0007823830251457616,0.028888784915506963,0.02708258680432741
enigma,ocd,L6 IT Car3,0.0025011434082159996,0.0923524560739653,0.02708258680432741
enigma,ocd,L6b,0.0037901483870533036,0.1399477979868486,0.02708258680432741
enigma,ocd,Lamp5,0.0009129436570451677,0.033709618052411905,0.02708258680432741
enigma,ocd,Lamp5_Lhx6,0.0004655520218747534,0.017190086945474678,0.02708258680432741
enigma,ocd,Micro-PVM,0.0009408684765131705,0.0347407167310485,0.02708258680432741
enigma,ocd,OPC,0.000973635631988387,0.035950614283005417,0.02708258680432741
enigma,ocd,Oligo,0.0008269238220330254,0.03053341351797661,0.02708258680432741
enigma,ocd,Pax6,0.0021730723170195225,0.08023872803288852,0.02708258680432741
enigma,ocd,Pvalb,0.0009725005876688544,0.03590870379905744,0.02708258680432741
enigma,ocd,Sncg,0.0006166315507689569,0.022768561778242987,0.02708258680432741
enigma,ocd,Sst,0.0011267002659749894,0.04160238732420342,0.02708258680432741
enigma,ocd,VLMC,0.0007267669644240037,0.026835212222337517,0.02708258680432741
enigma,ocd,Vip,0.0005095375704103903,0.018814213505224452,0.02708258680432741
enigma,schizophrenia,Astro,0.0073489704573485035,0.017951442109667416,0.4093805061706353
enigma,schizophrenia,Chandelier,0.0379634646285214,0.09273393348313883,0.4093805061706353
enigma,schizophrenia,Endo,0.014654200019702131,0.03579603766866726,0.4093805061706353
enigma,schizophrenia,L2/3 IT,0.008421340417421836,0.02057093655043679,0.4093805061706353
enigma,schizophrenia,L4 IT,0.0067886372792544045,0.016582707717950812,0.4093805061706353
enigma,schizophrenia,L5 ET,0.03613348320079746,0.08826380996689798,0.4093805061706353
enigma,schizophrenia,L5 IT,0.006114923171579834,0.01493701600200536,0.4093805061706353
enigma,schizophrenia,L5/6 NP,0.016823302079108815,0.041094536318973224,0.4093805061706353
enigma,schizophrenia,L6 CT,0.03273586347624912,0.07996439249748832,0.4093805061706353
enigma,schizophrenia,L6 IT,0.012271891857982485,0.02997673722370013,0.4093805061706353
enigma,schizophrenia,L6 IT Car3,0.013100987391933551,0.032001981517099605,0.4093805061706353
enigma,schizophrenia,L6b,0.018398809792384875,0.04494305301561184,0.4093805061706353
enigma,schizophrenia,Lamp5,0.029442270961412123,0.07191908387826407,0.4093805061706353
enigma,schizophrenia,Lamp5_Lhx6,0.009687108923140147,0.023662848565394145,0.4093805061706353
enigma,schizophrenia,Micro-PVM,0.008389670201315992,0.02049357523100786,0.4093805061706353
enigma,schizophrenia,OPC,0.0071997471779614705,0.017586932131449656,0.4093805061706353
enigma,schizophrenia,Oligo,0.0024097380289947383,0.005886303799698579,0.4093805061706353
enigma,schizophrenia,Pax6,0.016210713404871506,0.03959815663063024,0.4093805061706353
enigma,schizophrenia,Pvalb,0.02645864765302399,0.06463094176251682,0.4093805061706353
enigma,schizophrenia,Sncg,0.03512609070452209,0.0858030369669851,0.4093805061706353
enigma,schizophrenia,Sst,0.0254537187995181,0.062176186740334545,0.4093805061706353
enigma,schizophrenia,VLMC,0.009757748175822199,0.02383540014422435,0.4093805061706353
enigma,schizophrenia,Vip,0.028489178367768517,0.06959095007785701,0.4093805061706353
enigma,bipolar,Astro,0.010478436453609692,0.03203986797508049,0.32704368388032873
enigma,bipolar,Chandelier,0.021055045049489098,0.06437991646765306,0.32704368388032873
enigma,bipolar,Endo,0.018153044749602006,0.055506483214164556,0.32704368388032873
enigma,bipolar,L2/3 IT,0.00679067044964868,0.020763802465402482,0.32704368388032873
enigma,bipolar,L4 IT,0.007746715956089845,0.023687098506768624,0.32704368388032873
enigma,bipolar,L5 ET,0.027073963483123745,0.08278393626776356,0.32704368388032873
enigma,bipolar,L5 IT,0.004750723396185685,0.014526265542936036,0.32704368388032873
enigma,bipolar,L5/6 NP,0.01848335990723944,0.056516486384744984,0.32704368388032873
enigma,bipolar,L6 CT,0.038516622563975644,0.11777210342967388,0.32704368388032873
enigma,bipolar,L6 IT,0.010334685686224246,0.03160032190074613,0.32704368388032873
enigma,bipolar,L6 IT Car3,0.008678005108800874,0.026534697156775897,0.32704368388032873
enigma,bipolar,L6b,0.01844165680944245,0.05638897101033937,0.32704368388032873
enigma,bipolar,Lamp5,0.013059536283969607,0.03993208530744269,0.32704368388032873
enigma,bipolar,Lamp5_Lhx6,0.012479517751145528,0.0381585652506043,0.32704368388032873
enigma,bipolar,Micro-PVM,0.002520142631044249,0.007705828778416082,0.32704368388032873
enigma,bipolar,OPC,0.005819421427926613,0.01779401870380119,0.32704368388032873
enigma,bipolar,Oligo,0.008216752789402789,0.025124328016099064,0.32704368388032873
enigma,bipolar,Pax6,0.01160064716518976,0.03547124661620021,0.32704368388032873
enigma,bipolar,Pvalb,0.01474994569791241,0.045100842563006616,0.32704368388032873
enigma,bipolar,Sncg,0.012794599541173896,0.039121989421620124,0.32704368388032873
enigma,bipolar,Sst,0.022412184440911954,0.06852963547558676,0.32704368388032873
enigma,bipolar,VLMC,0.013323408892549097,0.04073892739486257,0.32704368388032873
enigma,bipolar,Vip,0.01956459764567144,0.05982258215031141,0.32704368388032873
enigma,obesity,Astro,0.008588872579122487,0.032427802450664386,0.2648613822102064
enigma,obesity,Chandelier,0.017259877357514337,0.06516569993513094,0.2648613822102064
enigma,obesity,Endo,0.004797875152010462,0.018114664780396878,0.2648613822102064
enigma,obesity,L2/3 IT,0.009685215880911459,0.03656711220069379,0.2648613822102064
enigma,obesity,L4 IT,0.007067365789464811,0.02668326250693587,0.2648613822102064
enigma,obesity,L5 ET,0.017555848084415623,0.06628315512784903,0.2648613822102064
enigma,obesity,L5 IT,0.007932372632974591,0.029949147613671703,0.2648613822102064
enigma,obesity,L5/6 NP,0.015968757132321074,0.0602909982537489,0.2648613822102064
enigma,obesity,L6 CT,0.017026758154662692,0.0642855444330101,0.2648613822102064
enigma,obesity,L6 IT,0.009305357778196981,0.03513293520008823,0.2648613822102064
enigma,obesity,L6 IT Car3,0.004318591702521727,0.016305101432621424,0.2648613822102064
enigma,obesity,L6b,0.011714407297618745,0.04422844583783695,0.2648613822102064
enigma,obesity,Lamp5,0.013437898564056389,0.05073559026204675,0.2648613822102064
enigma,obesity,Lamp5_Lhx6,0.011597940096578182,0.04378871694996107,0.2648613822102064
enigma,obesity,Micro-PVM,0.009194793852909047,0.03471549448311656,0.2648613822102064
enigma,obesity,OPC,0.01623809956061132,0.06130791671140644,0.2648613822102064
enigma,obesity,Oligo,0.0028772342873035167,0.01086317024888139,0.2648613822102064
enigma,obesity,Pax6,0.005450973641487959,0.020580477214159558,0.2648613822102064
enigma,obesity,Pvalb,0.0071598601205471405,0.027032480389552374,0.2648613822102064
enigma,obesity,Sncg,0.0314639532093029,0.11879403840130846,0.2648613822102064
enigma,obesity,Sst,0.008742254744850303,0.03300690599700956,0.2648613822102064
enigma,obesity,VLMC,0.005258468362949924,0.019853662013953235,0.2648613822102064
enigma,obesity,Vip,0.022218606227874676,0.08388767755595623,0.2648613822102064
enigma,schizotypy,Astro,0.0009284638184003088,0.03882627761446443,0.023913284390013653
enigma,schizotypy,Chandelier,0.0018418087195835426,0.07702031596934021,0.023913284390013653
enigma,schizotypy,Endo,0.00046482195158660604,0.01943781305844875,0.023913284390013653
enigma,schizotypy,L2/3 IT,0.0006372428215064888,0.026648067706358466,0.023913284390013653
enigma,schizotypy,L4 IT,0.0005632019709229441,0.023551845147550748,0.023913284390013653
enigma,schizotypy,L5 ET,0.001902277694236947,0.0795489930706194,0.023913284390013653
enigma,schizotypy,L5 IT,0.0010400792801897234,0.04349378626651835,0.023913284390013653
enigma,schizotypy,L5/6 NP,0.0013799553064946155,0.057706640542898154,0.023913284390013653
enigma,schizotypy,L6 CT,0.0005854553013910432,0.024482429591960744,0.023913284390013653
enigma,schizotypy,L6 IT,0.0014890025916920843,0.062266753801242865,0.023913284390013653
enigma,schizotypy,L6 IT Car3,0.0007280767304173142,0.030446538356787324,0.023913284390013653
enigma,schizotypy,L6b,0.002172063474299747,0.0908308302144734,0.023913284390013653
enigma,schizotypy,Lamp5,0.0006553202920394955,0.027404027040014697,0.023913284390013653
enigma,schizotypy,Lamp5_Lhx6,0.00029857271529964437,0.012485642307851711,0.023913284390013653
enigma,schizotypy,Micro-PVM,0.001260423280080111,0.052708078887167505,0.023913284390013653
enigma,schizotypy,OPC,0.00040484314350296336,0.016929633625401477,0.023913284390013653
enigma,schizotypy,Oligo,0.0017165712161234174,0.071783164040832,0.023913284390013653
enigma,schizotypy,Pax6,0.0001002627364911404,0.004192763104218791,0.023913284390013653
enigma,schizotypy,Pvalb,0.0027474637447486225,0.11489278093041798,0.023913284390013653
enigma,schizotypy,Sncg,0.0011119980186477705,0.04650126684865372,0.023913284390013653
enigma,schizotypy,Sst,0.0005522081489615599,0.023092108133509492,0.023913284390013653
enigma,schizotypy,VLMC,0.0012704077929768993,0.05312560885644926,0.023913284390013653
enigma,schizotypy,Vip,6.276364042066577e-05,0.002624634884820601,0.023913284390013653
enigma,parkinson,Astro,0.0021583672144437735,0.03139626036450743,0.06874599679660401
enigma,parkinson,Chandelier,0.0035346671100050116,0.05141633367340483,0.06874599679660401
enigma,parkinson,Endo,0.0011234925801007624,0.016342661863276115,0.06874599679660401
enigma,parkinson,L2/3 IT,0.002100701090609372,0.030557431537790208,0.06874599679660401
enigma,parkinson,L4 IT,0.001543863366748021,0.022457502090133145,0.06874599679660401
enigma,parkinson,L5 ET,0.006159899845679825,0.08960376069467536,0.06874599679660401
enigma,parkinson,L5 IT,0.00924358606940129,0.13445999040133075,0.06874599679660401
enigma,parkinson,L5/6 NP,0.002038693780642855,0.029655454508495317,0.06874599679660401
enigma,parkinson,L6 CT,0.005050913608531156,0.07347211247041903,0.06874599679660401
enigma,parkinson,L6 IT,0.0023511982352388138,0.03420123854186315,0.06874599679660401
enigma,parkinson,L6 IT Car3,0.003717659562691472,0.05407819707219841,0.06874599679660401
enigma,parkinson,L6b,0.0029326060272261913,0.04265857160967167,0.06874599679660401
enigma,parkinson,Lamp5,0.0037200522202599485,0.054113001390703755,0.06874599679660401
enigma,parkinson,Lamp5_Lhx6,0.001970965260101288,0.028670255024924624,0.06874599679660401
enigma,parkinson,Micro-PVM,0.003251241986285506,0.04729354635594017,0.06874599679660401
enigma,parkinson,OPC,0.001769459607144308,0.02573909303227556,0.06874599679660401
enigma,parkinson,Oligo,0.0020970208382737874,0.030503897477523786,0.06874599679660401
enigma,parkinson,Pax6,0.0005464565844404,0.007948922263170885,0.06874599679660401
enigma,parkinson,Pvalb,0.0010657478727741912,0.015502689937384661,0.06874599679660401
enigma,parkinson,Sncg,0.004547202462818774,0.06614497824902296,0.06874599679660401
enigma,parkinson,Sst,0.002135431851415203,0.031062635657654634,0.06874599679660401
enigma,parkinson,VLMC,0.0020722958404239106,0.030144240202889607,0.06874599679660401
enigma,parkinson,Vip,0.0036144737813481507,0.05257722558074396,0.06874599679660401
