,22q_ratio_spin_r,22q_ratio_spin_p,22q_ratio_spin_p_adj,adhd_ratio_spin_r,adhd_ratio_spin_p,adhd_ratio_spin_p_adj,asd_ratio_spin_r,asd_ratio_spin_p,asd_ratio_spin_p_adj,epilepsy_gge_ratio_spin_r,epilepsy_gge_ratio_spin_p,epilepsy_gge_ratio_spin_p_adj,epilepsy_rtle_ratio_spin_r,epilepsy_rtle_ratio_spin_p,epilepsy_rtle_ratio_spin_p_adj,epilepsy_ltle_ratio_spin_r,epilepsy_ltle_ratio_spin_p,epilepsy_ltle_ratio_spin_p_adj,depression_ratio_spin_r,depression_ratio_spin_p,depression_ratio_spin_p_adj,ocd_ratio_spin_r,ocd_ratio_spin_p,ocd_ratio_spin_p_adj,schizophrenia_ratio_spin_r,schizophrenia_ratio_spin_p,schizophrenia_ratio_spin_p_adj,bipolar_ratio_spin_r,bipolar_ratio_spin_p,bipolar_ratio_spin_p_adj,obesity_ratio_spin_r,obesity_ratio_spin_p,obesity_ratio_spin_p_adj,schizotypy_ratio_spin_r,schizotypy_ratio_spin_p,schizotypy_ratio_spin_p_adj,parkinson_ratio_spin_r,parkinson_ratio_spin_p,parkinson_ratio_spin_p_adj
Astro,0.1196324187225981,0.6053946053946054,1.0,-0.3333755596943583,0.3386613386613387,1.0,0.07763597889900453,0.8481518481518482,1.0,-0.35083727029569284,0.0979020979020979,1.0,-0.2816901500883703,0.43456543456543456,1.0,-0.1563536173209748,0.5684315684315684,1.0,-0.04439442070482446,0.8841158841158842,1.0,0.09964042893768753,0.5654345654345654,1.0,-0.23082147320412053,0.35564435564435565,1.0,-0.2656804756681238,0.21578421578421578,1.0,-0.37188604518992635,0.06593406593406594,1.0,-0.35659346587438834,0.0919080919080919,1.0,0.17508078016162265,0.5974025974025974,1.0
Chandelier,0.11659389151788842,0.6893106893106893,1.0,-0.6038980196874422,0.023976023976023976,1.0,0.17328295810378758,0.7352647352647352,1.0,0.057185948625364434,0.8691308691308691,1.0,0.35394090171479253,0.4645354645354645,1.0,0.1904718613267663,0.5944055944055944,1.0,-0.3755857197246,0.1838161838161838,1.0,-0.12228988031671652,0.46053946053946054,1.0,-0.39473497499051774,0.17182817182817184,1.0,-0.3228361281756396,0.17882117882117882,1.0,-0.37981907251629976,0.07792207792207792,1.0,0.09690647763292104,0.7122877122877123,1.0,0.2867909652053581,0.4925074925074925,1.0
Endo,0.01832593654551771,0.9340659340659341,1.0,-0.6284994255934052,0.003996003996003996,1.0,0.26532790478965584,0.3726273726273726,1.0,0.003384048530770099,0.985014985014985,1.0,0.03205246968970787,0.9200799200799201,1.0,0.028307462159000124,0.8951048951048951,1.0,-0.08752935015089171,0.7282717282717283,1.0,0.36628050930803474,0.026973026973026972,1.0,0.0849102368675789,0.6883116883116883,1.0,0.22136798965924717,0.24275724275724275,1.0,-0.1661577540573436,0.3966033966033966,1.0,-0.13571520861836844,0.5284715284715285,1.0,0.36138092705424646,0.13786213786213786,1.0
L2/3 IT,-0.09720560380367681,0.7312687312687313,1.0,0.7972367656758345,0.001998001998001998,0.5974025974025974,-0.3668591428492166,0.37462537462537465,1.0,-0.12649131858543103,0.6283716283716284,1.0,-0.18963821292536312,0.6783216783216783,1.0,-0.2949020083477323,0.34165834165834164,1.0,0.35724881974747097,0.2017982017982018,1.0,-0.24865347912973496,0.15084915084915085,1.0,0.1588604822869622,0.6033966033966034,1.0,0.1127373154576664,0.6463536463536463,1.0,0.2946885133427021,0.1998001998001998,1.0,-0.08021569969622314,0.7712287712287712,1.0,-0.4925964746659138,0.10989010989010989,1.0
L4 IT,-0.11791475057616682,0.6673326673326674,1.0,0.7333601626983896,0.001998001998001998,0.5974025974025974,-0.412002639444429,0.3166833166833167,1.0,0.08333483903977056,0.7562437562437563,1.0,0.07394887192760834,0.8841158841158842,1.0,-0.06107120245457368,0.8711288711288712,1.0,0.2430530224958703,0.4485514485514486,1.0,-0.23448557913759413,0.15084915084915085,1.0,0.10605072891763102,0.7622377622377622,1.0,0.13362863254969257,0.5874125874125874,1.0,0.27189322984279757,0.23376623376623376,1.0,0.143375481287384,0.6173826173826173,1.0,-0.4597793565048477,0.17582417582417584,1.0
L5 ET,0.3579598341272832,0.17482517482517482,1.0,-0.08826188831721866,0.8891108891108891,1.0,0.661242855093648,0.03896103896103896,1.0,-0.28155470505898256,0.4115884115884116,1.0,-0.6927629250951108,0.012987012987012988,1.0,-0.2695582337195121,0.46053946053946054,1.0,0.3058703323400683,0.37162837162837165,1.0,0.20967554319271203,0.2007992007992008,1.0,0.2413204606545936,0.5064935064935064,1.0,-0.014630470640967048,0.9630369630369631,1.0,0.35958800979997146,0.07992007992007992,1.0,-0.22473334052753124,0.4115884115884116,1.0,0.32997887191154346,0.5334665334665335,1.0
L5 IT,-0.26858186436912473,0.3276723276723277,1.0,0.7032617197174937,0.004995004995004995,1.0,-0.4184117456620502,0.3786213786213786,1.0,0.1451901158589955,0.6163836163836164,1.0,0.05573731845936963,0.9400599400599401,1.0,-0.09591931531585023,0.8151848151848152,1.0,0.1167336817445836,0.7392607392607392,1.0,-0.3178144537097928,0.01998001998001998,1.0,0.16238229844899793,0.6363636363636364,1.0,0.11980859968059442,0.6443556443556444,1.0,0.21460553003380575,0.35064935064935066,1.0,0.15941193896614322,0.5964035964035964,1.0,-0.640380817075819,0.028971028971028972,1.0
L5/6 NP,0.03713896525303495,0.8771228771228772,1.0,0.6447771710250666,0.003996003996003996,1.0,0.060073393821814224,0.8781218781218781,1.0,0.11886553005946665,0.6203796203796204,1.0,-0.16441596715303566,0.6653346653346653,1.0,-0.01975066833721656,0.942057942057942,1.0,0.24380829264632775,0.3386613386613387,1.0,-0.17853138906654872,0.34765234765234765,1.0,0.33359267102303947,0.1918081918081918,1.0,0.12977258001879258,0.5974025974025974,1.0,0.578202720046128,0.004995004995004995,1.0,0.22892124532063596,0.3086913086913087,1.0,-0.24095898207866492,0.46653346653346656,1.0
L6 CT,0.1508574325200867,0.41358641358641357,1.0,0.35539210190949794,0.11188811188811189,1.0,0.2666692670360878,0.2837162837162837,1.0,-0.0010176792622174178,0.997002997002997,1.0,-0.2857709203131029,0.24875124875124874,1.0,-0.0629051427836948,0.7522477522477522,1.0,0.33494291625733874,0.08391608391608392,1.0,0.03570135800002055,0.8381618381618382,1.0,0.33096572544955094,0.12287712287712288,1.0,0.21319107724456957,0.3086913086913087,1.0,0.5443988984432229,0.001998001998001998,0.5974025974025974,0.07439245980036406,0.7142857142857143,1.0,0.03282676903686617,0.8751248751248751,1.0
L6 IT,-0.043237045247641624,0.8731268731268731,1.0,0.5865235256291571,0.012987012987012988,1.0,-0.07931798520572797,0.8621378621378621,1.0,-0.07336742688797482,0.7972027972027972,1.0,-0.2986130598517481,0.4955044955044955,1.0,-0.22703832209742472,0.44255744255744256,1.0,0.23598170857284703,0.4095904095904096,1.0,-0.2660420873883107,0.07892107892107893,1.0,0.22848303325069824,0.4175824175824176,1.0,0.029334395076014583,0.906093906093906,1.0,0.36237151736722173,0.07392607392607392,1.0,0.01080830229925871,0.9600399600399601,1.0,-0.4160742808185322,0.15884115884115885,1.0
L6 IT Car3,0.005984056307183734,0.9790209790209791,1.0,0.38449495969327013,0.19880119880119881,1.0,-0.44844827594911224,0.14185814185814186,1.0,0.15344733634380492,0.5174825174825175,1.0,0.2706408789684366,0.46353646353646355,1.0,0.3854699411082917,0.1108891108891109,1.0,0.000827567957334687,0.996003996003996,1.0,0.07815863533220026,0.7002997002997003,1.0,-0.09845426955655068,0.7042957042957043,1.0,0.005698684941810825,0.989010989010989,1.0,0.04555244162817505,0.8361638361638362,1.0,0.13033001501238867,0.5874125874125874,1.0,0.004512676932474223,0.989010989010989,1.0
L6b,0.018084550318738374,0.9330669330669331,1.0,0.3940118341124788,0.09290709290709291,1.0,0.17517577071359539,0.5184815184815185,1.0,0.2856998954680997,0.12987012987012986,1.0,0.042490518281317766,0.8871128871128872,1.0,0.26374180082219656,0.23676323676323677,1.0,-0.007568028470415247,0.981018981018981,1.0,-0.1453790902243815,0.5054945054945055,1.0,0.2694363584557191,0.25774225774225773,1.0,0.08702567117515271,0.6963036963036963,1.0,0.5065574582365875,0.013986013986013986,1.0,0.3759348446056577,0.06593406593406594,1.0,-0.02791325963746475,0.9240759240759241,1.0
Lamp5,0.18558700008312629,0.4935064935064935,1.0,-0.27537491156602806,0.5254745254745254,1.0,0.42670552842139825,0.31868131868131866,1.0,-0.28864995824496,0.27972027972027974,1.0,-0.4373375489548915,0.3116883116883117,1.0,-0.3546641392252944,0.22777222777222778,1.0,0.08252295483087785,0.7962037962037962,1.0,-0.06787216690946242,0.6223776223776224,1.0,-0.01046351697174818,0.971028971028971,1.0,-0.31491454056191803,0.13486513486513488,1.0,-0.02940769456775815,0.9050949050949051,1.0,-0.24650525347218824,0.3206793206793207,1.0,0.11426808094228386,0.8191808191808192,1.0
Lamp5_Lhx6,0.0346006263728069,0.9040959040959041,1.0,0.46139191425582654,0.1038961038961039,1.0,0.209471454732526,0.6073926073926074,1.0,-0.05993672487709998,0.8281718281718282,1.0,-0.35329883214665675,0.35764235764235763,1.0,-0.12647615372462667,0.6673326673326674,1.0,0.24803976552489929,0.3806193806193806,1.0,-0.11715579006757235,0.4975024975024975,1.0,0.38048506425080436,0.14685314685314685,1.0,0.14977054642580973,0.5444555444555444,1.0,0.5038679720507103,0.01098901098901099,1.0,0.10551089366510727,0.6743256743256744,1.0,-0.20209977924641206,0.5694305694305695,1.0
Micro-PVM,0.04546646471039627,0.8831168831168831,1.0,-0.6765939002821516,0.004995004995004995,1.0,0.12993926157955324,0.8061938061938062,1.0,0.13449166975977855,0.7082917082917083,1.0,0.38125780290493033,0.42157842157842157,1.0,0.30681361592353446,0.35864135864135865,1.0,-0.42827979732799565,0.10789210789210789,1.0,0.07619896747040562,0.6213786213786214,1.0,-0.3258835431526721,0.2647352647352647,1.0,-0.25925721021564113,0.2867132867132867,1.0,-0.4037779491155717,0.056943056943056944,1.0,0.07998399299079394,0.7842157842157842,1.0,0.3902125451401639,0.3086913086913087,1.0
OPC,0.12053215734498232,0.6623376623376623,1.0,-0.7009916635131412,0.001998001998001998,0.5974025974025974,0.08901738070998007,0.8521478521478522,1.0,-0.04774763595801554,0.8861138861138861,1.0,0.29393381184852696,0.5314685314685315,1.0,0.22883162826961215,0.45554445554445555,1.0,-0.3654301490185137,0.16283716283716285,1.0,0.051587949612158165,0.7622377622377622,1.0,-0.3736745488393976,0.15384615384615385,1.0,-0.308239889415527,0.18081918081918083,1.0,-0.47823972684182675,0.014985014985014986,1.0,0.004418703255737077,0.983016983016983,1.0,0.38431208531125793,0.26173826173826176,1.0
Oligo,0.08885737617712249,0.7112887112887113,1.0,0.39223650213891925,0.25574425574425574,1.0,0.04063602481323147,0.932067932067932,1.0,-0.5279607127856866,0.007992007992007992,1.0,-0.6896084515568217,0.004995004995004995,1.0,-0.6197131651203165,0.001998001998001998,0.5974025974025974,0.47716099703625764,0.02197802197802198,1.0,-0.06473423951009966,0.7002997002997003,1.0,0.034483017461899586,0.9080919080919081,1.0,-0.022026049008056957,0.9250749250749251,1.0,0.07783739104887322,0.7532467532467533,1.0,-0.45076791838567404,0.016983016983016984,1.0,-0.3044408286067066,0.3706293706293706,1.0
Pax6,-0.2937812580753494,0.06293706293706294,1.0,-0.2694092095163829,0.11488511488511488,1.0,-0.2813240465686052,0.0959040959040959,1.0,0.0422254632222892,0.7622377622377622,1.0,0.1951417876506931,0.21478521478521478,1.0,0.07030297589634091,0.7232767232767233,1.0,-0.2899109781249686,0.06593406593406594,1.0,0.027612475870770013,0.8961038961038961,1.0,-0.2348943206980391,0.2757242757242757,1.0,-0.10606044385361321,0.6413586413586414,1.0,-0.5051215536402249,0.006993006993006993,1.0,-0.02323151161514302,0.9100899100899101,1.0,-0.1655001217227717,0.22577422577422576,1.0
Pvalb,-0.07431651403341785,0.8231768231768232,1.0,0.6493666428767874,0.022977022977022976,1.0,-0.15134776667221983,0.7942057942057942,1.0,-0.3260444180782019,0.26573426573426573,1.0,-0.5489947594973388,0.21978021978021978,1.0,-0.502433003619694,0.07292707292707293,1.0,0.5061261568400587,0.06593406593406594,1.0,-0.05305018621063093,0.7562437562437563,1.0,0.1750041195895898,0.6353646353646354,1.0,0.17174316689434516,0.5264735264735265,1.0,0.22089717611812712,0.3696303696303696,1.0,-0.22459949642939916,0.44255744255744256,1.0,-0.47238101022391304,0.19480519480519481,1.0
Sncg,0.11068224380159335,0.6793206793206793,1.0,-0.4243746023531625,0.13186813186813187,1.0,0.18118325694471918,0.6573426573426573,1.0,0.3074486653612564,0.1838161838161838,1.0,0.41348115332780766,0.22977022977022976,1.0,0.3732480623889472,0.13986013986013987,1.0,-0.45778322639218405,0.053946053946053944,1.0,-0.20784091029106685,0.2817182817182817,1.0,-0.07651083986407527,0.7932067932067932,1.0,-0.35989358976424,0.07192807192807193,1.0,-0.06196943535220158,0.8031968031968032,1.0,0.2858636081276228,0.2047952047952048,1.0,0.2731265296449361,0.4125874125874126,1.0
Sst,-0.26694236622392953,0.33966033966033965,1.0,0.6309825190198661,0.03596403596403597,1.0,-0.5624092377365121,0.17082917082917082,1.0,0.11558611345829306,0.6973026973026973,1.0,0.174191825606164,0.7552447552447552,1.0,0.11086795674325689,0.7872127872127872,1.0,0.06749869526080995,0.8481518481518482,1.0,-0.15565347739126073,0.26873126873126874,1.0,0.0019955375557466543,0.998001998001998,1.0,0.11254525050205025,0.6723276723276723,1.0,0.03682411024836401,0.8911088911088911,1.0,0.21121233718360033,0.4695304695304695,1.0,-0.4699357503825979,0.23276723276723277,1.0
VLMC,-0.13949511915236978,0.43956043956043955,1.0,-0.2605432849402031,0.16783216783216784,1.0,-0.16793997664495436,0.46053946053946054,1.0,0.06696256400264718,0.6363636363636364,1.0,0.16580911800437464,0.41358641358641357,1.0,-0.04616437701282375,0.7882117882117882,1.0,-0.06901647129279886,0.7112887112887113,1.0,0.2462400950099896,0.15284715284715283,1.0,-0.0872380370229777,0.6613386613386614,1.0,0.22052105817039336,0.24775224775224775,1.0,-0.2443924462583235,0.1918081918081918,1.0,-0.13526306116713752,0.4305694305694306,1.0,0.16491499645156193,0.36163836163836166,1.0
Vip,-0.40334554841036735,0.07592407592407592,1.0,0.37700477424949963,0.3156843156843157,1.0,-0.7335679868015894,0.002997002997002997,0.8811188811188811,-0.0005111958838792474,1.0,1.0,0.24119403209603443,0.6523476523476524,1.0,-0.0956849683789584,0.8051948051948052,1.0,-0.05578536091087125,0.8681318681318682,1.0,-0.25043955147691643,0.13786213786213786,1.0,-0.2292733948739604,0.4785214785214785,1.0,-0.06095597706420397,0.8121878121878122,1.0,-0.391308926025783,0.04195804195804196,1.0,-0.009793377415250467,0.9690309690309691,1.0,-0.648268254164157,0.008991008991008992,1.0
