,Layer I,Layer II,Layer III,Layer IV,Layer V,Layer VI
1,0.27442545389309886,0.23525524129238104,0.585634574084562,0.15807810862185742,0.44188596641404776,0.5962343448424426
3,0.2528396019253809,0.24502509789371815,0.6237288222177323,0.16732548510741546,0.4456219217638494,0.5932940370699517
5,0.2878105783008041,0.2437142355493581,0.6102678921918726,0.16238588098010318,0.466883282143531,0.5482570254062158
7,0.26254039590033773,0.24001138758399088,0.6310240043714636,0.15369263933182337,0.4655646947338621,0.5976215245186856
9,0.27147399835955316,0.220701618975278,0.5984041760606742,0.14897379344494383,0.4568668818561818,0.5960824926966224
11,0.2941126550397766,0.2418368044786067,0.5872309742313392,0.18069192646097426,0.4392764884411895,0.6001848097527431
13,0.2903532695203145,0.21511855044430622,0.5898546000144052,0.11429889862018097,0.4652713502490339,0.5122657718138919
15,0.2751055934399382,0.23754424784430359,0.5816354444402985,0.17067874317714246,0.4336951049435869,0.5259281462315571
17,0.26889514101062323,0.23383690101688553,0.59913145876292,0.1900099314448582,0.4328320607153919,0.5610955759231122
19,0.2796389999410943,0.18885732445610598,0.5806831265871323,0.11923604394237643,0.47586341849835534,0.5181743153829724
21,0.27095319757243186,0.21386400658355958,0.5533851368160219,0.16232527632546967,0.4509345568177185,0.5236040484804464
23,0.26346142570898046,0.23771085984707155,0.6073008038515447,0.18398196636525407,0.4239619570452761,0.5590090599079333
25,0.25017637223216704,0.2409906635156846,0.6796441917214459,0.1608454153205009,0.5132047375193078,0.6247727899939329
27,0.2829942528414716,0.18275628808131206,0.5489530462723236,0.11824189370530663,0.4777563951357316,0.5224152848895719
29,0.2577853983385424,0.22364298025817012,0.5537480855548573,0.1914994600687127,0.4197946118842444,0.5549941351676123
31,0.26269451261028387,0.22232516982963013,0.5412253294158877,0.19702522169151399,0.43525618542439753,0.5441166515698226
33,0.2713793387683533,0.22512600220228418,0.5242426665497494,0.20598778986134175,0.43065002859299145,0.5676198130872874
35,0.25747716016574196,0.19829206365524277,0.5056966018917206,0.18122778287293123,0.44925289031603943,0.539807407071829
37,0.2657254370440658,0.2199626245220302,0.5206352515254258,0.19550319184745585,0.4640929563355965,0.5887800802271167
39,0.2820005270296099,0.2517463555065796,0.6102937436743419,0.21016927767434526,0.456413377003287,0.6308276011019676
41,0.28658149890375967,0.19288291604631963,0.5506817252602432,0.11167478717760757,0.45016880032930023,0.5145526768430024
43,0.2599842124180292,0.20292432311475125,0.4832300088871302,0.1914964395050508,0.45637943712484397,0.5662726275283763
45,0.25725286466485886,0.20313233256600602,0.5030661098081594,0.17792429272625004,0.41027865907470623,0.5210939157661988
47,0.2668664719826427,0.19013602576356547,0.5090559097136688,0.1468061352516269,0.4035760221366619,0.49881613429718047
49,0.24084797604695687,0.19785090005043998,0.5362964547791376,0.15309860856174,0.3547727514626099,0.48111436500347177
51,0.25742236219068315,0.20265003585140146,0.4727404489827772,0.19418817840880348,0.45381128795600123,0.5711828214189987
53,0.27464621540830525,0.23719753810507338,0.6587173886709804,0.1756155405198167,0.45685141022858256,0.5978316041363999
55,0.25029179308092275,0.22658433897358415,0.6878764755483312,0.15710287875627066,0.5478914016064859,0.6897278020946221
57,0.24137038246400783,0.2037553278516063,0.5978916382096581,0.16673898548542287,0.4823761928940511,0.6191627923255746
59,0.23541401502111928,0.19493210534054903,0.5521158332365497,0.1633945845538584,0.45303613165788165,0.5905131563146907
61,0.28817363585119815,0.2653698102299163,0.6651163072022733,0.20758735045982685,0.4940374230922217,0.6720233821105706
63,0.2766336148464324,0.24685707322729825,0.6573231097279356,0.18383764170029912,0.4704099464523882,0.6419818949012468
65,0.241103442208434,0.2035378767135351,0.5563919351254488,0.1753046218003877,0.37969968382410313,0.46044070359525857
67,0.2380182953482005,0.1905040097965569,0.51830535631847,0.16636755717918503,0.43090196431925415,0.5554762118857592
69,0.25036900436613196,0.24671195183236425,0.7064945657706486,0.17893170275644318,0.4393176500017706,0.527146290347174
71,0.2786083758866293,0.24437690664140924,0.6371730938375396,0.21281450370112318,0.48228046763867366,0.5861618904940744
73,0.304786907429416,0.25331938587523656,0.6623980565850951,0.2083492624710947,0.4936279480559276,0.6216894433799357
75,0.2753133349364056,0.2533189492824619,0.6618495596760308,0.22875242135348942,0.5035527251068127,0.6232139559851263
77,0.28067835088069665,0.2659941713711008,0.7571854151741257,0.18045665543635211,0.4718916321056929,0.5619323097317791
79,0.28462596755722236,0.2621451174013507,0.6779155783977786,0.20165595714877374,0.4620931852643952,0.6039435869435644
81,0.28190655049695057,0.263707805113824,0.6867496656556549,0.2107725976050009,0.4527494910868895,0.590573995646046
83,0.24656958780335,0.24922177323492337,0.6537689797572988,0.2065049600600451,0.4708792014636104,0.6010667213285086
85,0.24525152509412593,0.24791231605205316,0.6678705264091982,0.21584162704318452,0.4660791284745403,0.5807872916638931
87,0.2877030957088208,0.2692645211388497,0.6981705440943647,0.2163950821191753,0.4788911468494824,0.6150706445080165
89,0.2588851517356761,0.2440799176217249,0.6507631663994861,0.19181650949983625,0.4428741179396992,0.5402104162471
91,0.24909356535096358,0.24085603345371254,0.6497457484282557,0.20859135788402772,0.4359471176373394,0.540543363074765
93,0.26734558343526493,0.24985354728319603,0.6513656082341792,0.20133154932551928,0.4354355405132056,0.5604961364976804
95,0.23911532160538312,0.2343646797130089,0.6122858803990803,0.20181818197533496,0.43786671276680633,0.5980990524663723
97,0.24216558922447243,0.24087590849971535,0.661221363835304,0.2061793755188952,0.4412646683135949,0.5655291202086794
99,0.27208359424201056,0.25220790135962107,0.6715474284523065,0.20855949427600412,0.43698371103783795,0.5667050328461508
101,0.2680823088610643,0.25035631122374624,0.6463474203513714,0.20843729865509228,0.4502745994588128,0.5899574466922536
103,0.256913121021763,0.23535765926963662,0.688001656927345,0.18908342797491806,0.43748736248616144,0.5403794693139098
105,0.2310956467505945,0.22438978894528322,0.5915758408762806,0.22400346629658852,0.436603005820775,0.48535062818596153
107,0.2593623495471609,0.2411840460496658,0.6467661618218011,0.200488141840562,0.44531708380424323,0.5335883062020103
109,0.24939951886111972,0.23457794222859107,0.6952134133223998,0.19424337927488666,0.42844434301515333,0.5355118128553812
111,0.24445897532733085,0.21101160105705774,0.6097761104264275,0.15494505022222352,0.364803193525525,0.46750655803603713
113,0.2597726960845894,0.22935139672205526,0.6343083945770264,0.17311537704229438,0.3937088842658625,0.47354079823565864
115,0.25447935758446233,0.22524162741554202,0.7419062210641866,0.22924018059966236,0.4495107241469567,0.5786867346030392
117,0.22935213139662936,0.2242555337232664,0.692674047005835,0.17606441685677574,0.419748630748536,0.5086666053953338
119,0.24099020403524007,0.207009684662048,0.5652487095696173,0.1780553567388811,0.377861390441942,0.43037113703061725
121,0.277147368390583,0.2532960842899701,0.6850439145496522,0.2135828136624266,0.4619401147606165,0.5737511837543946
123,0.25829445336468076,0.24835015794844786,0.6739828674346877,0.21572426018461002,0.468336415842897,0.5668601696795463
125,0.23380914369576428,0.22455777557310708,0.586001687841464,0.21625021376271503,0.4295045530878355,0.4800833113819068
127,0.2355396136080202,0.22993360737092777,0.6022269894618821,0.2107492908637819,0.41402168928315514,0.4490394251965932
129,0.23355998201051908,0.22288855514024158,0.6479573461529308,0.181525982106257,0.4221196021089362,0.4978626436596697
131,0.23491915911455066,0.2177740135014683,0.6007791306097447,0.19164286241650125,0.3964555616610639,0.47938144542928185
133,0.2296855634683946,0.2172634841077278,0.6205173791733,0.20177931434660487,0.42695476316861186,0.47698481455269987
135,0.22997180629550146,0.22011513605842364,0.6414470884322541,0.20205539231875388,0.40863220141479434,0.4584507631982208
137,0.2348121049364338,0.2394688710954815,0.6396857873262078,0.21627815369759998,0.4287872873694668,0.4961973678522995
139,0.25649698467016163,0.2371686898391959,0.6417855572809359,0.20251888103051896,0.4316244252789585,0.5271580260928898
141,0.2642479673933618,0.2561801608340117,0.6891942422317303,0.213395429183647,0.4446635508625374,0.542891856418086
143,0.2516046759616849,0.2404468391662145,0.6677143407488781,0.2067403252106242,0.43771926709045456,0.5110125226025998
145,0.27790357866023624,0.24956821537742804,0.6498045295439663,0.20869084473587202,0.4585096769140372,0.5688569908936667
147,0.23057973365389905,0.22758900787348652,0.5943617462689599,0.24146651193880095,0.44911042499098985,0.46307032047571006
149,0.24464580976371725,0.22290857835619965,0.6072911521290655,0.19708037729166616,0.41178580191056335,0.4895740857088395
151,0.24259794126778203,0.21494561306093218,0.5973856956895323,0.19930059428858823,0.39849999339840014,0.4552527341244
153,0.22700580087864836,0.21610641243595455,0.6150345440044945,0.19423106481348432,0.42838682595055844,0.4935075401730353
155,0.2694973115357696,0.22768323914642258,0.6063940912229842,0.2049496159301092,0.443545063331128,0.544900810139771
157,0.28481354254911045,0.2518722203712257,0.6212691646527588,0.21643709049497162,0.46139948606959663,0.5945214657169291
159,0.2455158344266405,0.2169375375620518,0.5935955631495281,0.19281809187716456,0.44184351764059154,0.5351778229422077
161,0.24095523937812824,0.2024341976888231,0.5407372189516211,0.18892862138670513,0.3658641371288991,0.43678421635930637
163,0.30592821997467096,0.23681117207326302,0.6359597038737247,0.1821455060366316,0.474250990606002,0.5451217740393596
165,0.2573496413477601,0.22431493080807963,0.6154980845310319,0.17619968005195177,0.4806643367849918,0.626991732369414
167,0.27964999970728444,0.23973367544588164,0.6330583232062594,0.16436452153505807,0.49125947876786613,0.6435678273757665
169,0.29843291018366913,0.2523462315021315,0.7827343882486022,0.17126185005247885,0.4766991678943992,0.607436224575257
171,0.3171655795692428,0.24891952962619932,0.7004961576148143,0.16681153121039766,0.5071781442363832,0.6169356046600276
173,0.28880570084850776,0.25024918614221864,0.7252019345826178,0.16720122593954084,0.4929957703641348,0.6525314386258989
175,0.22932974487966062,0.2138063261672723,0.6017464806016782,0.152763208116726,0.4223342878670232,0.533905176398907
177,0.27258826467708525,0.2351017855000005,0.5936486017291674,0.1452072661874992,0.4446432901875006,0.5608632616562491
179,0.2902272225409609,0.24513887144934027,0.6039265022847812,0.13540894296192305,0.4418841375582696,0.5455220253819477
181,0.23562666355818335,0.1914887880466759,0.5536029896866973,0.20308706351023215,0.4096464449296679,0.4929547539418102
183,0.28759479744245187,0.23590959382596283,0.6206961086809455,0.14344967552255727,0.43842157351058636,0.5504332839272512
185,0.25406654504565857,0.21374228207762608,0.5774855655286197,0.14732784532841353,0.4001702296575371,0.4955473855338831
187,0.2686492800724451,0.21401113449413187,0.578003482715482,0.11618309354808709,0.3870623711991035,0.49044578345241535
189,0.21436990972784287,0.1758565860243748,0.4756950288879661,0.30831486377526696,0.3007995490432405,0.357866103726826
191,0.21723861954430324,0.15816967066851342,0.425557992988659,0.3952856536016608,0.2598535961392527,0.3513288038931308
193,0.20311318941577777,0.14380835053656413,0.4282587571659409,0.3581391496623206,0.2605087145141911,0.3302825180153348
195,0.2334195996509978,0.1799924881862568,0.48065188761482863,0.2765214583453867,0.33482631127667106,0.38149367810850066
197,0.23431212361748827,0.16756126275583175,0.4685729850744076,0.35948862340988524,0.3012813543615674,0.3808457484971537
199,0.23799118065177555,0.2118461498566566,0.605325964337663,0.20560339190706417,0.37145776269613406,0.39610243041188203
201,0.24290256644142988,0.22910748536590775,0.6198468309539396,0.2080007822866437,0.41873085387304726,0.4803948619908878
203,0.21285944313189764,0.1709524546175434,0.49613024404537226,0.22719305660509526,0.3008653007950156,0.3521203769042311
205,0.21702545764427641,0.2042709492064591,0.558998364628794,0.20136882923663368,0.3663913437185007,0.41122677825289566
207,0.22570779819352282,0.20396916595813228,0.5563485164924695,0.19904493204655963,0.36282039431415536,0.39951209259113796
209,0.23142371921789315,0.2244098069737026,0.6176046017283187,0.20568733632055522,0.4119462393116728,0.46092476082398043
