branch,layer,ctype,correlation,p_value,reject_H0,p_adjusted
within_layer__clr_false__thickness_absolute,l1,Astro,0.09599795317762119,0.6773226773226774,False,0.8071318924977462
within_layer__clr_false__thickness_absolute,l1,Endo,0.1972635526253474,0.5694305694305695,False,0.7464157464157465
within_layer__clr_false__thickness_absolute,l1,Lamp5,0.26379012840822375,0.6283716283716284,False,0.7619005994005995
within_layer__clr_false__thickness_absolute,l1,Micro-PVM,0.5310684343178046,0.1958041958041958,False,0.41235360384296554
within_layer__clr_false__thickness_absolute,l1,OPC,0.28676330392681976,0.4695304695304695,False,0.6726214961509079
within_layer__clr_false__thickness_absolute,l1,Pax6,0.15874122373084543,0.34265734265734266,False,0.5715640291911479
within_layer__clr_false__thickness_absolute,l1,Sncg,0.3569530212317264,0.4695304695304695,False,0.6726214961509079
within_layer__clr_false__thickness_absolute,l1,VLMC,-0.1411417888201071,0.6213786213786214,False,0.7619005994005995
within_layer__clr_false__thickness_absolute,l2,Astro,0.36319932484027473,0.2907092907092907,False,0.5375379337643489
within_layer__clr_false__thickness_absolute,l2,Chandelier,0.09205971573629167,0.8221778221778222,False,0.904791837376107
within_layer__clr_false__thickness_absolute,l2,Endo,0.13493364038577751,0.6023976023976024,False,0.7588645121112655
within_layer__clr_false__thickness_absolute,l2,L2/3 IT,-0.34811172489293835,0.1998001998001998,False,0.41235360384296554
within_layer__clr_false__thickness_absolute,l2,Lamp5,0.5534719225738667,0.02197802197802198,False,0.1392982017982018
within_layer__clr_false__thickness_absolute,l2,Lamp5_Lhx6,0.20977640994261554,0.5634365634365635,False,0.7464157464157465
within_layer__clr_false__thickness_absolute,l2,Micro-PVM,0.38641817636846276,0.23176823176823177,False,0.45880649962282616
within_layer__clr_false__thickness_absolute,l2,OPC,0.34785052698128444,0.26573426573426573,False,0.5155244755244756
within_layer__clr_false__thickness_absolute,l2,Pax6,0.6369452315364534,0.002997002997002997,False,0.05814185814185815
within_layer__clr_false__thickness_absolute,l2,Pvalb,-0.08351399019684089,0.8501498501498501,False,0.9162726162726162
within_layer__clr_false__thickness_absolute,l2,Sncg,0.6365101608583222,0.005994005994005994,False,0.08305979734551164
within_layer__clr_false__thickness_absolute,l2,Sst,0.19735992561645707,0.37362637362637363,False,0.5906474477903049
within_layer__clr_false__thickness_absolute,l2,Vip,0.4617449183198365,0.0939060939060939,False,0.3036297036297036
within_layer__clr_false__thickness_absolute,l3,Astro,0.36064723639264334,0.15084915084915085,False,0.3850623061149377
within_layer__clr_false__thickness_absolute,l3,Chandelier,0.23657474622273544,0.4155844155844156,False,0.6298701298701299
within_layer__clr_false__thickness_absolute,l3,Endo,0.25783102214823783,0.1888111888111888,False,0.41235360384296554
within_layer__clr_false__thickness_absolute,l3,L2/3 IT,0.12927890663156452,0.7322677322677322,False,0.8455948813091669
within_layer__clr_false__thickness_absolute,l3,L4 IT,-0.45297071131122985,0.04495504495504495,False,0.22950733477049265
within_layer__clr_false__thickness_absolute,l3,L5 ET,-0.07501284092911062,0.8301698301698301,False,0.904791837376107
within_layer__clr_false__thickness_absolute,l3,L5 IT,-0.2043031975397684,0.5314685314685315,False,0.7260908105978529
within_layer__clr_false__thickness_absolute,l3,L5/6 NP,-0.26156358143997754,0.3836163836163836,False,0.5906474477903049
within_layer__clr_false__thickness_absolute,l3,L6 CT,-0.3226473461090382,0.16083916083916083,False,0.4000358615743231
within_layer__clr_false__thickness_absolute,l3,L6 IT,-0.47826536538937814,0.029970029970029972,False,0.1710054651231122
within_layer__clr_false__thickness_absolute,l3,L6 IT Car3,0.018505555187137965,0.9310689310689311,False,0.9589368964368964
within_layer__clr_false__thickness_absolute,l3,L6b,-0.13248029339094938,0.6283716283716284,False,0.7619005994005995
within_layer__clr_false__thickness_absolute,l3,Lamp5,0.4061726847692192,0.052947052947052944,False,0.24456495885067311
within_layer__clr_false__thickness_absolute,l3,Lamp5_Lhx6,-0.016591314513059775,0.949050949050949,False,0.9589368964368964
within_layer__clr_false__thickness_absolute,l3,Micro-PVM,0.38905247881680605,0.10989010989010989,False,0.32475632475632477
within_layer__clr_false__thickness_absolute,l3,OPC,0.1948909516483221,0.5014985014985015,False,0.7050051397877485
within_layer__clr_false__thickness_absolute,l3,Oligo,0.03549053622672394,0.9020979020979021,False,0.9408978118655538
within_layer__clr_false__thickness_absolute,l3,Pax6,0.3362290143027,0.1878121878121878,False,0.41235360384296554
within_layer__clr_false__thickness_absolute,l3,Pvalb,0.1064894140190129,0.7142857142857143,False,0.8347676419965577
within_layer__clr_false__thickness_absolute,l3,Sncg,0.38993273282685975,0.060939060939060936,False,0.2570038656995179
within_layer__clr_false__thickness_absolute,l3,Sst,0.36635299594045023,0.12187812187812187,False,0.32475632475632477
within_layer__clr_false__thickness_absolute,l3,Vip,0.574720329510431,0.008991008991008992,False,0.10767010767010766
within_layer__clr_false__thickness_absolute,l4,Astro,0.27787436953175243,0.34765234765234765,False,0.5715640291911479
within_layer__clr_false__thickness_absolute,l4,Chandelier,0.17237882535269022,0.6823176823176823,False,0.8071318924977462
within_layer__clr_false__thickness_absolute,l4,Endo,0.03950284807031206,0.8941058941058941,False,0.9408978118655538
within_layer__clr_false__thickness_absolute,l4,L2/3 IT,0.5319302911568367,0.07092907092907093,False,0.26834703757780687
within_layer__clr_false__thickness_absolute,l4,L4 IT,0.44709976532481777,0.19880119880119881,False,0.41235360384296554
within_layer__clr_false__thickness_absolute,l4,L5 ET,0.37316172185743557,0.11188811188811189,False,0.32475632475632477
within_layer__clr_false__thickness_absolute,l4,L5 IT,0.2949457901086744,0.3246753246753247,False,0.5641144569715999
within_layer__clr_false__thickness_absolute,l4,L5/6 NP,0.6306363498349936,0.014985014985014986,False,0.12112887112887114
within_layer__clr_false__thickness_absolute,l4,Lamp5,0.5043572308187989,0.07792207792207792,False,0.27994227994227994
within_layer__clr_false__thickness_absolute,l4,Lamp5_Lhx6,0.6070439497691339,0.02197802197802198,False,0.1392982017982018
within_layer__clr_false__thickness_absolute,l4,Micro-PVM,-0.024569920263871458,0.9430569430569431,False,0.9589368964368964
within_layer__clr_false__thickness_absolute,l4,OPC,0.35378119353799725,0.19480519480519481,False,0.41235360384296554
within_layer__clr_false__thickness_absolute,l4,Oligo,0.5734405574144518,0.04895104895104895,False,0.23741258741258742
within_layer__clr_false__thickness_absolute,l4,Pax6,0.5107147329918623,0.07192807192807193,False,0.26834703757780687
within_layer__clr_false__thickness_absolute,l4,Pvalb,0.4386897723432481,0.17882117882117882,False,0.41235360384296554
within_layer__clr_false__thickness_absolute,l4,Sncg,0.23643807058013488,0.37362637362637363,False,0.5906474477903049
within_layer__clr_false__thickness_absolute,l4,Sst,0.3197298354831252,0.33666333666333664,False,0.5715640291911479
within_layer__clr_false__thickness_absolute,l4,Vip,0.3479587507225456,0.2937062937062937,False,0.5375379337643489
within_layer__clr_false__thickness_absolute,l5,Astro,0.5270612997625029,0.022977022977022976,False,0.1392982017982018
within_layer__clr_false__thickness_absolute,l5,Chandelier,0.4915186678751989,0.22077922077922077,False,0.44615800865800864
within_layer__clr_false__thickness_absolute,l5,Endo,0.19602442892468125,0.3826173826173826,False,0.5906474477903049
within_layer__clr_false__thickness_absolute,l5,L4 IT,0.25350036701192985,0.5494505494505495,False,0.7402319902319903
within_layer__clr_false__thickness_absolute,l5,L5 ET,0.42797832120268375,0.3256743256743257,False,0.5641144569715999
within_layer__clr_false__thickness_absolute,l5,L5 IT,-0.4298698254571957,0.1918081918081918,False,0.41235360384296554
within_layer__clr_false__thickness_absolute,l5,L5/6 NP,-0.3040389259622562,0.47152847152847155,False,0.6726214961509079
within_layer__clr_false__thickness_absolute,l5,L6 CT,-0.07500071885754378,0.8621378621378621,False,0.9189821167843146
within_layer__clr_false__thickness_absolute,l5,L6 IT,-0.35481897921052796,0.0899100899100899,False,0.3007337490096111
within_layer__clr_false__thickness_absolute,l5,L6 IT Car3,0.10177811979813499,0.8021978021978022,False,0.894404446128584
within_layer__clr_false__thickness_absolute,l5,L6b,-0.2156496373480441,0.30569430569430567,False,0.5491175491175491
within_layer__clr_false__thickness_absolute,l5,Lamp5,0.1469387470100972,0.7622377622377622,False,0.8597332899658481
within_layer__clr_false__thickness_absolute,l5,Lamp5_Lhx6,-0.24881509244050035,0.5784215784215784,False,0.748091908091908
within_layer__clr_false__thickness_absolute,l5,Micro-PVM,0.6642011295934673,0.000999000999000999,True,0.024225774225774228
within_layer__clr_false__thickness_absolute,l5,OPC,0.5634367765067635,0.060939060939060936,False,0.2570038656995179
within_layer__clr_false__thickness_absolute,l5,Oligo,0.11619567542147731,0.7622377622377622,False,0.8597332899658481
within_layer__clr_false__thickness_absolute,l5,Pvalb,0.5955485418334692,0.000999000999000999,True,0.024225774225774228
within_layer__clr_false__thickness_absolute,l5,Sst,0.2836699328775569,0.2827172827172827,False,0.5375379337643489
within_layer__clr_false__thickness_absolute,l5,Vip,0.5133732061993257,0.11388611388611389,False,0.32475632475632477
within_layer__clr_false__thickness_absolute,l6,Astro,0.694145249291151,0.011988011988011988,False,0.11452184179456908
within_layer__clr_false__thickness_absolute,l6,Chandelier,0.6538695040628564,0.04495504495504495,False,0.22950733477049265
within_layer__clr_false__thickness_absolute,l6,Endo,0.4489726230508535,0.08091908091908091,False,0.28032681604110177
within_layer__clr_false__thickness_absolute,l6,L5 ET,-0.4306001732250878,0.12387612387612387,False,0.32475632475632477
within_layer__clr_false__thickness_absolute,l6,L5 IT,-0.794289996485027,0.000999000999000999,True,0.024225774225774228
within_layer__clr_false__thickness_absolute,l6,L5/6 NP,-0.4679607178237221,0.11988011988011989,False,0.32475632475632477
within_layer__clr_false__thickness_absolute,l6,L6 CT,-0.6331523735205611,0.003996003996003996,False,0.0646020646020646
within_layer__clr_false__thickness_absolute,l6,L6 IT,-0.2884861761833012,0.5954045954045954,False,0.7588645121112655
within_layer__clr_false__thickness_absolute,l6,L6 IT Car3,0.0011801223603240942,0.999000999000999,False,0.999000999000999
within_layer__clr_false__thickness_absolute,l6,L6b,-0.23196696589844665,0.43356643356643354,False,0.6470145239376008
within_layer__clr_false__thickness_absolute,l6,Lamp5,0.6080880559818458,0.012987012987012988,False,0.11452184179456908
within_layer__clr_false__thickness_absolute,l6,Lamp5_Lhx6,0.5893006221634153,0.06593406593406594,False,0.2664835164835165
within_layer__clr_false__thickness_absolute,l6,Micro-PVM,0.7881092947121925,0.000999000999000999,True,0.024225774225774228
within_layer__clr_false__thickness_absolute,l6,OPC,0.6827123149073883,0.022977022977022976,False,0.1392982017982018
within_layer__clr_false__thickness_absolute,l6,Oligo,0.6015298371057344,0.00999000999000999,False,0.10767010767010766
within_layer__clr_false__thickness_absolute,l6,Pvalb,0.40050001139108443,0.1068931068931069,False,0.32475632475632477
within_layer__clr_false__thickness_absolute,l6,Sst,0.26032940634629104,0.5314685314685315,False,0.7260908105978529
within_layer__clr_false__thickness_relative,l1,Astro,-0.042369563927088606,0.8421578421578422,False,0.9498757056896593
within_layer__clr_false__thickness_relative,l1,Endo,-0.03226696996332104,0.9010989010989011,False,0.9711843711843712
within_layer__clr_false__thickness_relative,l1,Lamp5,0.18897184002105413,0.6413586413586414,False,0.8522162768738112
within_layer__clr_false__thickness_relative,l1,Micro-PVM,0.026264700466373705,0.938061938061938,False,0.9890435651305217
within_layer__clr_false__thickness_relative,l1,OPC,0.14156791220792703,0.6923076923076923,False,0.860014985014985
within_layer__clr_false__thickness_relative,l1,Pax6,-0.0807123416140182,0.7042957042957043,False,0.860014985014985
within_layer__clr_false__thickness_relative,l1,Sncg,0.5123154804499209,0.059940059940059943,False,0.3606948606948607
within_layer__clr_false__thickness_relative,l1,VLMC,0.0230354518752154,0.9180819180819181,False,0.978614791801605
within_layer__clr_false__thickness_relative,l2,Astro,0.010449490741332312,0.954045954045954,False,0.9945317840054683
within_layer__clr_false__thickness_relative,l2,Chandelier,-0.15693548897669207,0.35864135864135865,False,0.7730713730713731
within_layer__clr_false__thickness_relative,l2,Endo,-0.07949893235363012,0.6723276723276723,False,0.8581024238918976
within_layer__clr_false__thickness_relative,l2,L2/3 IT,-0.10908324813266781,0.5144855144855145,False,0.8259125489894722
within_layer__clr_false__thickness_relative,l2,Lamp5,0.17637602443890274,0.21678321678321677,False,0.606336520622235
within_layer__clr_false__thickness_relative,l2,Lamp5_Lhx6,0.07570088434824551,0.6653346653346653,False,0.8581024238918976
within_layer__clr_false__thickness_relative,l2,Micro-PVM,-0.008563552407484566,0.97002997002997,False,0.9945317840054683
within_layer__clr_false__thickness_relative,l2,OPC,0.05184955277299201,0.7612387612387612,False,0.9004897541482907
within_layer__clr_false__thickness_relative,l2,Pax6,0.25045889961015966,0.1108891108891109,False,0.4137016829324522
within_layer__clr_false__thickness_relative,l2,Pvalb,-0.10048246974505466,0.5964035964035964,False,0.8305979734551163
within_layer__clr_false__thickness_relative,l2,Sncg,0.2866736393783881,0.07592407592407592,False,0.36233331885505804
within_layer__clr_false__thickness_relative,l2,Sst,0.09023312230737938,0.5854145854145855,False,0.8305979734551163
within_layer__clr_false__thickness_relative,l2,Vip,0.1814777755064852,0.34465534465534464,False,0.7598083734447371
within_layer__clr_false__thickness_relative,l3,Astro,-0.18972088763895975,0.44455544455544455,False,0.7956254272043746
within_layer__clr_false__thickness_relative,l3,Chandelier,-0.21064195157171406,0.4675324675324675,False,0.7956254272043746
within_layer__clr_false__thickness_relative,l3,Endo,0.14927424580460974,0.46053946053946054,False,0.7956254272043746
within_layer__clr_false__thickness_relative,l3,L2/3 IT,0.33610629835674904,0.21878121878121878,False,0.606336520622235
within_layer__clr_false__thickness_relative,l3,L4 IT,-0.5508742794116801,0.002997002997002997,False,0.0646020646020646
within_layer__clr_false__thickness_relative,l3,L5 ET,0.08307552171027748,0.8181818181818182,False,0.9448051948051949
within_layer__clr_false__thickness_relative,l3,L5 IT,-0.1011930595512057,0.7092907092907093,False,0.860014985014985
within_layer__clr_false__thickness_relative,l3,L5/6 NP,0.17882366833192312,0.5534465534465535,False,0.8259125489894722
within_layer__clr_false__thickness_relative,l3,L6 CT,0.16897314641430922,0.43756243756243757,False,0.7956254272043746
within_layer__clr_false__thickness_relative,l3,L6 IT,-0.12077337159609394,0.6333666333666333,False,0.8522162768738112
within_layer__clr_false__thickness_relative,l3,L6 IT Car3,0.27134802964593446,0.17482517482517482,False,0.5652680652680652
within_layer__clr_false__thickness_relative,l3,L6b,0.29959253313394435,0.2097902097902098,False,0.606336520622235
within_layer__clr_false__thickness_relative,l3,Lamp5,0.10061606901054765,0.5674325674325674,False,0.8305979734551163
within_layer__clr_false__thickness_relative,l3,Lamp5_Lhx6,0.2548326012936139,0.2887112887112887,False,0.7001248751248752
within_layer__clr_false__thickness_relative,l3,Micro-PVM,-0.12563161790831373,0.6213786213786214,False,0.8489257221651589
within_layer__clr_false__thickness_relative,l3,OPC,-0.23420985358549765,0.4075924075924076,False,0.7956254272043746
within_layer__clr_false__thickness_relative,l3,Oligo,-0.001217777412732691,0.995004995004995,False,0.995004995004995
within_layer__clr_false__thickness_relative,l3,Pax6,-0.06693590627867912,0.8321678321678322,False,0.9496503496503497
within_layer__clr_false__thickness_relative,l3,Pvalb,-0.2000926242929062,0.37462537462537465,False,0.7899708986665509
within_layer__clr_false__thickness_relative,l3,Sncg,0.1509628021002008,0.4385614385614386,False,0.7956254272043746
within_layer__clr_false__thickness_relative,l3,Sst,0.384828503203568,0.061938061938061936,False,0.3606948606948607
within_layer__clr_false__thickness_relative,l3,Vip,0.39708428863994905,0.08591408591408592,False,0.36233331885505804
within_layer__clr_false__thickness_relative,l4,Astro,0.17612060724106668,0.5974025974025974,False,0.8305979734551163
within_layer__clr_false__thickness_relative,l4,Chandelier,0.008726285978327253,0.974025974025974,False,0.9945317840054683
within_layer__clr_false__thickness_relative,l4,Endo,-0.03717407502834491,0.8621378621378621,False,0.9612341681307198
within_layer__clr_false__thickness_relative,l4,L2/3 IT,0.5001501512093417,0.06693306693306693,False,0.3606948606948607
within_layer__clr_false__thickness_relative,l4,L4 IT,0.3576958510263252,0.3386613386613387,False,0.7598083734447371
within_layer__clr_false__thickness_relative,l4,L5 ET,0.33431405393248365,0.15584415584415584,False,0.5433495076352219
within_layer__clr_false__thickness_relative,l4,L5 IT,0.23271962644800262,0.4645354645354645,False,0.7956254272043746
within_layer__clr_false__thickness_relative,l4,L5/6 NP,0.6487216495527641,0.006993006993006993,False,0.07536907536907536
within_layer__clr_false__thickness_relative,l4,Lamp5,0.4670563846322956,0.08091908091908091,False,0.36233331885505804
within_layer__clr_false__thickness_relative,l4,Lamp5_Lhx6,0.6170436703879112,0.012987012987012988,False,0.125974025974026
within_layer__clr_false__thickness_relative,l4,Micro-PVM,-0.15594017149654912,0.5994005994005994,False,0.8305979734551163
within_layer__clr_false__thickness_relative,l4,OPC,0.31262778920538453,0.24775224775224775,False,0.6495126495126495
within_layer__clr_false__thickness_relative,l4,Oligo,0.5117795740298662,0.057942057942057944,False,0.3606948606948607
within_layer__clr_false__thickness_relative,l4,Pax6,0.49501369920322974,0.06393606393606394,False,0.3606948606948607
within_layer__clr_false__thickness_relative,l4,Pvalb,0.3444904942751055,0.3386613386613387,False,0.7598083734447371
within_layer__clr_false__thickness_relative,l4,Sncg,0.18221761626718336,0.5194805194805194,False,0.8259125489894722
within_layer__clr_false__thickness_relative,l4,Sst,0.2289134955731657,0.5364635364635365,False,0.8259125489894722
within_layer__clr_false__thickness_relative,l4,Vip,0.2722876662804684,0.44955044955044954,False,0.7956254272043746
within_layer__clr_false__thickness_relative,l5,Astro,0.28132298214514523,0.24675324675324675,False,0.6495126495126495
within_layer__clr_false__thickness_relative,l5,Chandelier,0.4809611884298379,0.08591408591408592,False,0.36233331885505804
within_layer__clr_false__thickness_relative,l5,Endo,0.002187902208266278,0.985014985014985,False,0.995004995004995
within_layer__clr_false__thickness_relative,l5,L4 IT,0.21579932826707243,0.5344655344655345,False,0.8259125489894722
within_layer__clr_false__thickness_relative,l5,L5 ET,0.4298034970874,0.15684315684315683,False,0.5433495076352219
within_layer__clr_false__thickness_relative,l5,L5 IT,-0.31810785092325355,0.27172827172827174,False,0.6758369835292912
within_layer__clr_false__thickness_relative,l5,L5/6 NP,-0.23607955884471465,0.45454545454545453,False,0.7956254272043746
within_layer__clr_false__thickness_relative,l5,L6 CT,0.1796118931829792,0.5474525474525475,False,0.8259125489894722
within_layer__clr_false__thickness_relative,l5,L6 IT,-0.15856144922789586,0.4565434565434565,False,0.7956254272043746
within_layer__clr_false__thickness_relative,l5,L6 IT Car3,-0.21710410812755204,0.4385614385614386,False,0.7956254272043746
within_layer__clr_false__thickness_relative,l5,L6b,-0.0851897320327428,0.6673326673326674,False,0.8581024238918976
within_layer__clr_false__thickness_relative,l5,Lamp5,0.23936948918318612,0.4935064935064935,False,0.8253470667263771
within_layer__clr_false__thickness_relative,l5,Lamp5_Lhx6,-0.060224539506336064,0.8741258741258742,False,0.963525111252384
within_layer__clr_false__thickness_relative,l5,Micro-PVM,0.3426163096693439,0.16383616383616384,False,0.5480037204175136
within_layer__clr_false__thickness_relative,l5,OPC,0.45202959990481495,0.08591408591408592,False,0.36233331885505804
within_layer__clr_false__thickness_relative,l5,Oligo,0.04439751757632981,0.8981018981018981,False,0.9711843711843712
within_layer__clr_false__thickness_relative,l5,Pvalb,0.2575696834834973,0.1998001998001998,False,0.6056443556443557
within_layer__clr_false__thickness_relative,l5,Sst,0.14771997661279074,0.5354645354645354,False,0.8259125489894722
within_layer__clr_false__thickness_relative,l5,Vip,0.42445443991311027,0.1088911088911089,False,0.4137016829324522
within_layer__clr_false__thickness_relative,l6,Astro,0.6961507506855696,0.004995004995004995,False,0.06921649778792636
within_layer__clr_false__thickness_relative,l6,Chandelier,0.7737150703869827,0.000999000999000999,False,0.0646020646020646
within_layer__clr_false__thickness_relative,l6,Endo,0.44026031852224956,0.09290709290709291,False,0.3754995004995005
within_layer__clr_false__thickness_relative,l6,L5 ET,-0.35702598937521396,0.26373626373626374,False,0.6732215153267785
within_layer__clr_false__thickness_relative,l6,L5 IT,-0.7280857193051432,0.003996003996003996,False,0.0646020646020646
within_layer__clr_false__thickness_relative,l6,L5/6 NP,-0.15638612875043267,0.6853146853146853,False,0.860014985014985
within_layer__clr_false__thickness_relative,l6,L6 CT,-0.608511369983206,0.001998001998001998,False,0.0646020646020646
within_layer__clr_false__thickness_relative,l6,L6 IT,-0.553652042996571,0.1928071928071928,False,0.603299925880571
within_layer__clr_false__thickness_relative,l6,L6 IT Car3,0.07454925967188035,0.8101898101898102,False,0.9448051948051949
within_layer__clr_false__thickness_relative,l6,L6b,-0.08768007276918065,0.7402597402597403,False,0.8864838864838864
within_layer__clr_false__thickness_relative,l6,Lamp5,0.6290853402152958,0.003996003996003996,False,0.0646020646020646
within_layer__clr_false__thickness_relative,l6,Lamp5_Lhx6,0.645039841429572,0.024975024975024976,False,0.22023431114340206
within_layer__clr_false__thickness_relative,l6,Micro-PVM,0.7240542935458649,0.005994005994005994,False,0.07267732267732267
within_layer__clr_false__thickness_relative,l6,OPC,0.7669530515228389,0.003996003996003996,False,0.0646020646020646
within_layer__clr_false__thickness_relative,l6,Oligo,0.47158209527198275,0.05194805194805195,False,0.3606948606948607
within_layer__clr_false__thickness_relative,l6,Pvalb,0.4632358826625424,0.04795204795204795,False,0.3606948606948607
within_layer__clr_false__thickness_relative,l6,Sst,0.3925673519319462,0.3436563436563437,False,0.7598083734447371
within_layer__clr_true__thickness_absolute,l1,Astro,-0.4613513993887188,0.2087912087912088,False,0.4050549450549451
within_layer__clr_true__thickness_absolute,l1,Endo,0.18226279775141044,0.5114885114885115,False,0.6796491180052824
within_layer__clr_true__thickness_absolute,l1,Lamp5,-0.17731744335965932,0.7452547452547452,False,0.9128032461365794
within_layer__clr_true__thickness_absolute,l1,Micro-PVM,0.5061504155192811,0.19080919080919082,False,0.3937976916700321
within_layer__clr_true__thickness_absolute,l1,OPC,-0.3468949792056083,0.12987012987012986,False,0.32301032301032295
within_layer__clr_true__thickness_absolute,l1,Pax6,-0.34606677645503586,0.2947052947052947,False,0.5015160278318173
within_layer__clr_true__thickness_absolute,l1,Sncg,0.2773821125749454,0.5504495504495505,False,0.711914751914752
within_layer__clr_true__thickness_absolute,l1,VLMC,-0.3633792384596383,0.26173826173826176,False,0.46028971028971033
within_layer__clr_true__thickness_absolute,l2,Astro,-0.05471750275412014,0.8631368631368631,False,0.952513395695214
within_layer__clr_true__thickness_absolute,l2,Chandelier,0.06628782622526971,0.8771228771228772,False,0.9559653829316752
within_layer__clr_true__thickness_absolute,l2,Endo,-0.0018172287314671264,0.99000999000999,False,0.99000999000999
within_layer__clr_true__thickness_absolute,l2,L2/3 IT,-0.4038080649262989,0.2057942057942058,False,0.4050549450549451
within_layer__clr_true__thickness_absolute,l2,Lamp5,-0.08753975874350058,0.8121878121878122,False,0.9496503496503497
within_layer__clr_true__thickness_absolute,l2,Lamp5_Lhx6,-0.309838307113569,0.26573426573426573,False,0.46028971028971033
within_layer__clr_true__thickness_absolute,l2,Micro-PVM,0.4756523345542392,0.11188811188811189,False,0.2856091277143909
within_layer__clr_true__thickness_absolute,l2,OPC,0.028619089837103102,0.9330669330669331,False,0.9628456649733246
within_layer__clr_true__thickness_absolute,l2,Pax6,0.6584909521871629,0.000999000999000999,True,0.013843299557585273
within_layer__clr_true__thickness_absolute,l2,Pvalb,-0.4385247105432439,0.14385614385614387,False,0.3403425842450233
within_layer__clr_true__thickness_absolute,l2,Sncg,0.555288604126588,0.013986013986013986,False,0.07536907536907536
within_layer__clr_true__thickness_absolute,l2,Sst,-0.366986264637424,0.22477522477522477,False,0.41929224621532313
within_layer__clr_true__thickness_absolute,l2,Vip,-0.07433792271513352,0.8631368631368631,False,0.952513395695214
within_layer__clr_true__thickness_absolute,l3,Astro,0.2905529341472497,0.3026973026973027,False,0.5062351441661787
within_layer__clr_true__thickness_absolute,l3,Chandelier,0.2630877342843294,0.3626373626373626,False,0.5583464154892726
within_layer__clr_true__thickness_absolute,l3,Endo,0.18553701632362637,0.4155844155844156,False,0.6031133046058419
within_layer__clr_true__thickness_absolute,l3,L2/3 IT,-0.21616598857952635,0.4435564435564436,False,0.6235503626807974
within_layer__clr_true__thickness_absolute,l3,L4 IT,-0.519865343452803,0.006993006993006993,True,0.048451548451548455
within_layer__clr_true__thickness_absolute,l3,L5 ET,-0.2502338956782906,0.4095904095904096,False,0.6031133046058419
within_layer__clr_true__thickness_absolute,l3,L5 IT,-0.48908556029619826,0.04095904095904096,False,0.1737572772055531
within_layer__clr_true__thickness_absolute,l3,L5/6 NP,-0.33469722885209946,0.22377622377622378,False,0.41929224621532313
within_layer__clr_true__thickness_absolute,l3,L6 CT,-0.3593466390296314,0.14385614385614387,False,0.3403425842450233
within_layer__clr_true__thickness_absolute,l3,L6 IT,-0.5857183381563033,0.002997002997002997,True,0.026428117337208245
within_layer__clr_true__thickness_absolute,l3,L6 IT Car3,-0.21567402088363882,0.4165834165834166,False,0.6031133046058419
within_layer__clr_true__thickness_absolute,l3,L6b,-0.2637088065510828,0.3356643356643357,False,0.5353498960056337
within_layer__clr_true__thickness_absolute,l3,Lamp5,0.07403667747562763,0.8321678321678322,False,0.9496503496503497
within_layer__clr_true__thickness_absolute,l3,Lamp5_Lhx6,-0.266227855456036,0.3356643356643357,False,0.5353498960056337
within_layer__clr_true__thickness_absolute,l3,Micro-PVM,0.424805494038473,0.0899100899100899,False,0.24225774225774224
within_layer__clr_true__thickness_absolute,l3,OPC,0.058493726514235934,0.8641358641358642,False,0.952513395695214
within_layer__clr_true__thickness_absolute,l3,Oligo,-0.09626193139787666,0.7542457542457542,False,0.9128032461365794
within_layer__clr_true__thickness_absolute,l3,Pax6,0.41892509110334863,0.06693306693306693,False,0.2164169164169164
within_layer__clr_true__thickness_absolute,l3,Pvalb,-0.4454042547665038,0.04495504495504495,False,0.1737572772055531
within_layer__clr_true__thickness_absolute,l3,Sncg,0.28983166425901713,0.15084915084915085,False,0.3470483005366727
within_layer__clr_true__thickness_absolute,l3,Sst,-0.10531706202434452,0.7622377622377622,False,0.9128032461365794
within_layer__clr_true__thickness_absolute,l3,Vip,0.3589705801298421,0.24675324675324675,False,0.445036445036445
within_layer__clr_true__thickness_absolute,l4,Astro,-0.35972137337940796,0.15384615384615385,False,0.3470483005366727
within_layer__clr_true__thickness_absolute,l4,Chandelier,-0.20437289672736103,0.46653346653346656,False,0.637376707799243
within_layer__clr_true__thickness_absolute,l4,Endo,0.021031067271509506,0.9070929070929071,False,0.9574447291838597
within_layer__clr_true__thickness_absolute,l4,L2/3 IT,0.3660537183695791,0.04895104895104895,False,0.1737572772055531
within_layer__clr_true__thickness_absolute,l4,L4 IT,0.43061316717763726,0.1978021978021978,False,0.3997252747252747
within_layer__clr_true__thickness_absolute,l4,L5 ET,-0.1332256461779779,0.7502497502497503,False,0.9128032461365794
within_layer__clr_true__thickness_absolute,l4,L5 IT,-0.26574322447644166,0.1048951048951049,False,0.27499527499527504
within_layer__clr_true__thickness_absolute,l4,L5/6 NP,0.4859544958181216,0.05194805194805195,False,0.1737572772055531
within_layer__clr_true__thickness_absolute,l4,Lamp5,0.20695045014949903,0.42857142857142855,False,0.6113445378151261
within_layer__clr_true__thickness_absolute,l4,Lamp5_Lhx6,0.43136711564499497,0.05194805194805195,False,0.1737572772055531
within_layer__clr_true__thickness_absolute,l4,Micro-PVM,-0.4863894200248913,0.030969030969030968,False,0.15810505284189494
within_layer__clr_true__thickness_absolute,l4,OPC,-0.20645825340112564,0.5314685314685315,False,0.6966546966546967
within_layer__clr_true__thickness_absolute,l4,Oligo,0.4866334032013974,0.03296703296703297,False,0.1598901098901099
within_layer__clr_true__thickness_absolute,l4,Pax6,0.2430677383192617,0.33666333666333664,False,0.5353498960056337
within_layer__clr_true__thickness_absolute,l4,Pvalb,0.2795371469882206,0.17882117882117882,False,0.3770794422968336
within_layer__clr_true__thickness_absolute,l4,Sncg,-0.3655433115142844,0.07692307692307693,False,0.2261072261072261
within_layer__clr_true__thickness_absolute,l4,Sst,-0.2453254267551983,0.17382617382617382,False,0.3746919746919747
within_layer__clr_true__thickness_absolute,l4,Vip,-0.031815041758343175,0.9080919080919081,False,0.9574447291838597
within_layer__clr_true__thickness_absolute,l5,Astro,0.07140033373817915,0.8311688311688312,False,0.9496503496503497
within_layer__clr_true__thickness_absolute,l5,Chandelier,0.5714247846781706,0.08391608391608392,False,0.23940765117235707
within_layer__clr_true__thickness_absolute,l5,Endo,0.2897587693705934,0.34765234765234765,False,0.5439077051980278
within_layer__clr_true__thickness_absolute,l5,L4 IT,-0.29211140943836317,0.24775224775224775,False,0.445036445036445
within_layer__clr_true__thickness_absolute,l5,L5 ET,0.4082448213183592,0.3806193806193806,False,0.5768762487512488
within_layer__clr_true__thickness_absolute,l5,L5 IT,-0.5585299048953104,0.04495504495504495,False,0.1737572772055531
within_layer__clr_true__thickness_absolute,l5,L5/6 NP,-0.462512991794279,0.17382617382617382,False,0.3746919746919747
within_layer__clr_true__thickness_absolute,l5,L6 CT,-0.5904507585505435,0.001998001998001998,True,0.021534021534021532
within_layer__clr_true__thickness_absolute,l5,L6 IT,-0.6806000573375169,0.000999000999000999,True,0.013843299557585273
within_layer__clr_true__thickness_absolute,l5,L6 IT Car3,-0.1976727363770791,0.6683316683316683,False,0.8530022608969978
within_layer__clr_true__thickness_absolute,l5,L6b,-0.5375165275250603,0.005994005994005994,True,0.044724506262967804
within_layer__clr_true__thickness_absolute,l5,Lamp5,-0.31808000534068265,0.46253746253746253,False,0.637376707799243
within_layer__clr_true__thickness_absolute,l5,Lamp5_Lhx6,-0.5860721113690422,0.04395604395604396,False,0.1737572772055531
within_layer__clr_true__thickness_absolute,l5,Micro-PVM,0.7287406337795225,0.001998001998001998,True,0.021534021534021532
within_layer__clr_true__thickness_absolute,l5,OPC,0.4988826558777079,0.07392607392607392,False,0.2261072261072261
within_layer__clr_true__thickness_absolute,l5,Oligo,-0.1471510120181289,0.7182817182817183,False,0.904848398354892
within_layer__clr_true__thickness_absolute,l5,Pvalb,-0.2814523716652187,0.5114885114885115,False,0.6796491180052824
within_layer__clr_true__thickness_absolute,l5,Sst,-0.4643486117457056,0.05094905094905095,False,0.1737572772055531
within_layer__clr_true__thickness_absolute,l5,Vip,0.009186850710116332,0.9760239760239761,False,0.99000999000999
within_layer__clr_true__thickness_absolute,l6,Astro,0.0908127614375785,0.8261738261738262,False,0.9496503496503497
within_layer__clr_true__thickness_absolute,l6,Chandelier,0.7277217019286317,0.007992007992007992,False,0.05168165168165168
within_layer__clr_true__thickness_absolute,l6,Endo,0.549229933329427,0.04695304695304695,False,0.1737572772055531
within_layer__clr_true__thickness_absolute,l6,L5 ET,-0.6393089980210165,0.012987012987012988,False,0.07536907536907536
within_layer__clr_true__thickness_absolute,l6,L5 IT,-0.8111789571923133,0.000999000999000999,True,0.013843299557585273
within_layer__clr_true__thickness_absolute,l6,L5/6 NP,-0.731823627333403,0.002997002997002997,True,0.026428117337208245
within_layer__clr_true__thickness_absolute,l6,L6 CT,-0.7896871163732799,0.000999000999000999,True,0.013843299557585273
within_layer__clr_true__thickness_absolute,l6,L6 IT,-0.6174737023882269,0.07592407592407592,False,0.2261072261072261
within_layer__clr_true__thickness_absolute,l6,L6 IT Car3,-0.4445019821889853,0.08691308691308691,False,0.24087341230198372
within_layer__clr_true__thickness_absolute,l6,L6b,-0.7419219202014609,0.000999000999000999,True,0.013843299557585273
within_layer__clr_true__thickness_absolute,l6,Lamp5,0.0037784303943154203,0.99000999000999,False,0.99000999000999
within_layer__clr_true__thickness_absolute,l6,Lamp5_Lhx6,-0.05610932649881557,0.9070929070929071,False,0.9574447291838597
within_layer__clr_true__thickness_absolute,l6,Micro-PVM,0.8146053051183644,0.000999000999000999,True,0.013843299557585273
within_layer__clr_true__thickness_absolute,l6,OPC,0.657932772683745,0.013986013986013986,False,0.07536907536907536
within_layer__clr_true__thickness_absolute,l6,Oligo,0.03761823309000358,0.9300699300699301,False,0.9628456649733246
within_layer__clr_true__thickness_absolute,l6,Pvalb,-0.6820430196526197,0.004995004995004995,True,0.040376290376290376
within_layer__clr_true__thickness_absolute,l6,Sst,-0.6732294431746632,0.000999000999000999,True,0.013843299557585273
within_layer__clr_true__thickness_relative,l1,Astro,-0.249407215063676,0.44655344655344653,False,0.7017659759595244
within_layer__clr_true__thickness_relative,l1,Endo,0.04796759209969305,0.8401598401598401,False,0.969030969030969
within_layer__clr_true__thickness_relative,l1,Lamp5,-0.03340000882063975,0.9180819180819181,False,0.978614791801605
within_layer__clr_true__thickness_relative,l1,Micro-PVM,-0.02210072211523427,0.9560439560439561,False,0.981018981018981
within_layer__clr_true__thickness_relative,l1,OPC,-0.1656955129166203,0.43956043956043955,False,0.7017659759595244
within_layer__clr_true__thickness_relative,l1,Pax6,-0.3193650752562584,0.2177822177822178,False,0.5002904072671515
within_layer__clr_true__thickness_relative,l1,Sncg,0.4149829162353019,0.14185814185814186,False,0.3931497074354217
within_layer__clr_true__thickness_relative,l1,VLMC,-0.1346273984795634,0.6293706293706294,False,0.8721278721278721
within_layer__clr_true__thickness_relative,l2,Astro,0.034518095965015684,0.8521478521478522,False,0.969030969030969
within_layer__clr_true__thickness_relative,l2,Chandelier,-0.16378698525498855,0.34665334665334663,False,0.6226921226921226
within_layer__clr_true__thickness_relative,l2,Endo,-0.19278531139006305,0.2057942057942058,False,0.4868789746838527
within_layer__clr_true__thickness_relative,l2,L2/3 IT,-0.04563800120345189,0.7882117882117882,False,0.969030969030969
within_layer__clr_true__thickness_relative,l2,Lamp5,0.1384692085845596,0.4485514485514486,False,0.7017659759595244
within_layer__clr_true__thickness_relative,l2,Lamp5_Lhx6,0.0380590708843532,0.8531468531468531,False,0.969030969030969
within_layer__clr_true__thickness_relative,l2,Micro-PVM,0.042597353759681,0.8151848151848152,False,0.969030969030969
within_layer__clr_true__thickness_relative,l2,OPC,0.10705980110009436,0.4865134865134865,False,0.737372002997003
within_layer__clr_true__thickness_relative,l2,Pax6,0.5480356842235126,0.000999000999000999,True,0.01938061938061938
within_layer__clr_true__thickness_relative,l2,Pvalb,-0.07788715881437408,0.6643356643356644,False,0.8827473895967047
within_layer__clr_true__thickness_relative,l2,Sncg,0.5573842741399945,0.000999000999000999,True,0.01938061938061938
within_layer__clr_true__thickness_relative,l2,Sst,-0.0032182407301138863,0.981018981018981,False,0.981018981018981
within_layer__clr_true__thickness_relative,l2,Vip,0.232382215810869,0.12187812187812187,False,0.36944305694305696
within_layer__clr_true__thickness_relative,l3,Astro,-0.2306551681975282,0.35664335664335667,False,0.6289891926255563
within_layer__clr_true__thickness_relative,l3,Chandelier,-0.2071602314852768,0.4825174825174825,False,0.737372002997003
within_layer__clr_true__thickness_relative,l3,Endo,-0.09189652883008859,0.6603396603396603,False,0.8827473895967047
within_layer__clr_true__thickness_relative,l3,L2/3 IT,0.1537131074424335,0.5704295704295704,False,0.8383586110858838
within_layer__clr_true__thickness_relative,l3,L4 IT,-0.28352192574708157,0.06893106893106893,False,0.2785964035964036
within_layer__clr_true__thickness_relative,l3,L5 ET,0.10891513196672269,0.7422577422577422,False,0.9473552763026447
within_layer__clr_true__thickness_relative,l3,L5 IT,-0.07372078068489112,0.7942057942057942,False,0.969030969030969
within_layer__clr_true__thickness_relative,l3,L5/6 NP,0.1510454994363117,0.5914085914085914,False,0.8436269612740201
within_layer__clr_true__thickness_relative,l3,L6 CT,0.1289748354722376,0.6003996003996004,False,0.8440400179530614
within_layer__clr_true__thickness_relative,l3,L6 IT,-0.07609551621216047,0.7622377622377622,False,0.960221596585233
within_layer__clr_true__thickness_relative,l3,L6 IT Car3,0.19215319731650446,0.42857142857142855,False,0.7017659759595244
within_layer__clr_true__thickness_relative,l3,L6b,0.24919465776572775,0.32167832167832167,False,0.6106723465214032
within_layer__clr_true__thickness_relative,l3,Lamp5,0.22122048793569563,0.32967032967032966,False,0.6106723465214032
within_layer__clr_true__thickness_relative,l3,Lamp5_Lhx6,0.18201125690614395,0.4995004995004995,False,0.7454084377161301
within_layer__clr_true__thickness_relative,l3,Micro-PVM,-0.12700914828801385,0.6413586413586414,False,0.8762223691801158
within_layer__clr_true__thickness_relative,l3,OPC,-0.33915519716241593,0.18681318681318682,False,0.4696073157611619
within_layer__clr_true__thickness_relative,l3,Oligo,0.006548972362558354,0.9790209790209791,False,0.981018981018981
within_layer__clr_true__thickness_relative,l3,Pax6,-0.0165956475259843,0.9590409590409591,False,0.981018981018981
within_layer__clr_true__thickness_relative,l3,Pvalb,-0.25923336407489944,0.26073926073926074,False,0.562037962037962
within_layer__clr_true__thickness_relative,l3,Sncg,0.22598829186861408,0.1888111888111888,False,0.4696073157611619
within_layer__clr_true__thickness_relative,l3,Sst,0.2546679535094926,0.3046953046953047,False,0.6031723378662155
within_layer__clr_true__thickness_relative,l3,Vip,0.4429753319926435,0.09090909090909091,False,0.31744117951014506
within_layer__clr_true__thickness_relative,l4,Astro,-0.3923443070435686,0.1038961038961039,False,0.3359307359307359
within_layer__clr_true__thickness_relative,l4,Chandelier,-0.4024295373304011,0.06593406593406594,False,0.2785964035964036
within_layer__clr_true__thickness_relative,l4,Endo,-0.017417465918933863,0.8851148851148851,False,0.9754911754911755
within_layer__clr_true__thickness_relative,l4,L2/3 IT,0.48007141551568033,0.001998001998001998,True,0.027686599115170546
within_layer__clr_true__thickness_relative,l4,L4 IT,0.3692002826058859,0.27472527472527475,False,0.5772950453801519
within_layer__clr_true__thickness_relative,l4,L5 ET,-0.07950833955528566,0.8191808191808192,False,0.969030969030969
within_layer__clr_true__thickness_relative,l4,L5 IT,-0.19338889196439185,0.2977022977022977,False,0.6016067266067266
within_layer__clr_true__thickness_relative,l4,L5/6 NP,0.5954776050591774,0.004995004995004995,True,0.0372704218858065
within_layer__clr_true__thickness_relative,l4,Lamp5,0.3252400495373034,0.13386613386613386,False,0.39046247869777284
within_layer__clr_true__thickness_relative,l4,Lamp5_Lhx6,0.554012003902627,0.008991008991008992,False,0.062294848009133735
within_layer__clr_true__thickness_relative,l4,Micro-PVM,-0.5923262345219077,0.012987012987012988,False,0.07873376623376624
within_layer__clr_true__thickness_relative,l4,OPC,-0.08540595198387742,0.8051948051948052,False,0.969030969030969
within_layer__clr_true__thickness_relative,l4,Oligo,0.44349989069381407,0.05194805194805195,False,0.2399505256648114
within_layer__clr_true__thickness_relative,l4,Pax6,0.37991422111978257,0.07192807192807193,False,0.27908091908091914
within_layer__clr_true__thickness_relative,l4,Pvalb,0.20182067944927556,0.3336663336663337,False,0.6106723465214032
within_layer__clr_true__thickness_relative,l4,Sncg,-0.2737160732195808,0.19880119880119881,False,0.48209290709290714
within_layer__clr_true__thickness_relative,l4,Sst,-0.24042731539808307,0.23876123876123875,False,0.5263600036327309
within_layer__clr_true__thickness_relative,l4,Vip,-0.007656938738619604,0.971028971028971,False,0.981018981018981
within_layer__clr_true__thickness_relative,l5,Astro,-0.05392475494417974,0.8691308691308691,False,0.969030969030969
within_layer__clr_true__thickness_relative,l5,Chandelier,0.5589377833778737,0.01098901098901099,False,0.07106227106227106
within_layer__clr_true__thickness_relative,l5,Endo,0.11604029054052602,0.6803196803196803,False,0.8917703917703917
within_layer__clr_true__thickness_relative,l5,L4 IT,-0.17871710358072837,0.4155844155844156,False,0.6950291088222124
within_layer__clr_true__thickness_relative,l5,L5 ET,0.4778088104284933,0.0919080919080919,False,0.31744117951014506
within_layer__clr_true__thickness_relative,l5,L5 IT,-0.39966798434717066,0.13686313686313686,False,0.39046247869777284
within_layer__clr_true__thickness_relative,l5,L5/6 NP,-0.33609493213571506,0.27972027972027974,False,0.5772950453801519
within_layer__clr_true__thickness_relative,l5,L6 CT,-0.1848230711411271,0.3866133866133866,False,0.6579210263420789
within_layer__clr_true__thickness_relative,l5,L6 IT,-0.40192521130756714,0.09490509490509491,False,0.31744117951014506
within_layer__clr_true__thickness_relative,l5,L6 IT Car3,-0.36272969895230606,0.16583416583416583,False,0.4468309468309468
within_layer__clr_true__thickness_relative,l5,L6b,-0.2988322042578301,0.17682317682317683,False,0.4635634635634636
within_layer__clr_true__thickness_relative,l5,Lamp5,-0.06138300831967556,0.8651348651348651,False,0.969030969030969
within_layer__clr_true__thickness_relative,l5,Lamp5_Lhx6,-0.31303278592864114,0.3246753246753247,False,0.6106723465214032
within_layer__clr_true__thickness_relative,l5,Micro-PVM,0.4240210320808992,0.08591408591408592,False,0.31744117951014506
within_layer__clr_true__thickness_relative,l5,OPC,0.4675245572101108,0.03396603396603397,False,0.1785057048214943
within_layer__clr_true__thickness_relative,l5,Oligo,-0.19082147180560258,0.5894105894105894,False,0.8436269612740201
within_layer__clr_true__thickness_relative,l5,Pvalb,-0.35123124708735487,0.2217782217782218,False,0.5002904072671515
within_layer__clr_true__thickness_relative,l5,Sst,-0.3604456348130328,0.11588411588411589,False,0.3626051367986852
within_layer__clr_true__thickness_relative,l5,Vip,0.16764459262183895,0.3646353646353646,False,0.6316005423148281
within_layer__clr_true__thickness_relative,l6,Astro,0.035636524937889005,0.9430569430569431,False,0.981018981018981
within_layer__clr_true__thickness_relative,l6,Chandelier,0.8020440017359809,0.000999000999000999,True,0.01938061938061938
within_layer__clr_true__thickness_relative,l6,Endo,0.5565697883101006,0.03696303696303696,False,0.17927072927072926
within_layer__clr_true__thickness_relative,l6,L5 ET,-0.6165046987477029,0.02197802197802198,False,0.12540400775694896
within_layer__clr_true__thickness_relative,l6,L5 IT,-0.8005566424308312,0.002997002997002997,True,0.0323010323010323
within_layer__clr_true__thickness_relative,l6,L5/6 NP,-0.5271431281170882,0.03496503496503497,False,0.1785057048214943
within_layer__clr_true__thickness_relative,l6,L6 CT,-0.8138236419168188,0.000999000999000999,True,0.01938061938061938
within_layer__clr_true__thickness_relative,l6,L6 IT,-0.8033736636959601,0.000999000999000999,True,0.01938061938061938
within_layer__clr_true__thickness_relative,l6,L6 IT Car3,-0.4350887385877684,0.06693306693306693,False,0.2785964035964036
within_layer__clr_true__thickness_relative,l6,L6b,-0.6849603749066785,0.001998001998001998,True,0.027686599115170546
within_layer__clr_true__thickness_relative,l6,Lamp5,-0.05104649687094863,0.9050949050949051,False,0.9754911754911755
within_layer__clr_true__thickness_relative,l6,Lamp5_Lhx6,-0.057219395477827284,0.9010989010989011,False,0.9754911754911755
within_layer__clr_true__thickness_relative,l6,Micro-PVM,0.7363872344834013,0.004995004995004995,True,0.0372704218858065
within_layer__clr_true__thickness_relative,l6,OPC,0.7225867265551409,0.003996003996003996,True,0.03523748978294433
within_layer__clr_true__thickness_relative,l6,Oligo,-0.1541619256985463,0.7412587412587412,False,0.9473552763026447
within_layer__clr_true__thickness_relative,l6,Pvalb,-0.6975055103205658,0.003996003996003996,True,0.03523748978294433
within_layer__clr_true__thickness_relative,l6,Sst,-0.6297469757122526,0.002997002997002997,True,0.0323010323010323
within_region_cross_layer__clr_false__thickness_absolute,l1,Astro,0.3251727669990703,0.4045954045954046,False,0.6132149100899101
within_region_cross_layer__clr_false__thickness_absolute,l1,Endo,0.13499749854809828,0.3996003996003996,False,0.6132149100899101
within_region_cross_layer__clr_false__thickness_absolute,l1,Lamp5,0.571548833497111,0.17782217782217782,False,0.3749728532337228
within_region_cross_layer__clr_false__thickness_absolute,l1,Micro-PVM,-0.20330051686170206,0.6033966033966034,False,0.7316183816183817
within_region_cross_layer__clr_false__thickness_absolute,l1,OPC,0.28461612014855614,0.4305694305694306,False,0.6398454486689782
within_region_cross_layer__clr_false__thickness_absolute,l1,Pax6,0.2410637866840686,0.4485514485514486,False,0.6398454486689782
within_region_cross_layer__clr_false__thickness_absolute,l1,Sncg,0.4028867363695447,0.4485514485514486,False,0.6398454486689782
within_region_cross_layer__clr_false__thickness_absolute,l1,VLMC,0.28086677311136793,0.13386613386613386,False,0.31147424004566865
within_region_cross_layer__clr_false__thickness_absolute,l2,Astro,0.12329717937988866,0.5804195804195804,False,0.7316183816183817
within_region_cross_layer__clr_false__thickness_absolute,l2,Chandelier,-0.20038549764771912,0.5444555444555444,False,0.7136782136782137
within_region_cross_layer__clr_false__thickness_absolute,l2,Endo,-0.11581130404332736,0.6023976023976024,False,0.7316183816183817
within_region_cross_layer__clr_false__thickness_absolute,l2,L2/3 IT,0.10602349371309669,0.6863136863136863,False,0.7925288996717568
within_region_cross_layer__clr_false__thickness_absolute,l2,Lamp5,0.3630323780323368,0.19880119880119881,False,0.4017440892440893
within_region_cross_layer__clr_false__thickness_absolute,l2,Lamp5_Lhx6,0.3822331439692468,0.16083916083916083,False,0.3531579531579532
within_region_cross_layer__clr_false__thickness_absolute,l2,Micro-PVM,0.07001026074124068,0.8091908091908092,False,0.8985559894650804
within_region_cross_layer__clr_false__thickness_absolute,l2,OPC,0.18340667277460593,0.6123876123876124,False,0.7333530666864
within_region_cross_layer__clr_false__thickness_absolute,l2,Pax6,0.5667402839133808,0.015984015984015984,False,0.062017982017982025
within_region_cross_layer__clr_false__thickness_absolute,l2,Pvalb,-0.17898702145454762,0.5314685314685315,False,0.7061979116773637
within_region_cross_layer__clr_false__thickness_absolute,l2,Sncg,0.4829392752995095,0.07692307692307693,False,0.21945701357466066
within_region_cross_layer__clr_false__thickness_absolute,l2,Sst,-0.0058314972569506835,0.988011988011988,False,0.988011988011988
within_region_cross_layer__clr_false__thickness_absolute,l2,Vip,0.2944071641029334,0.15184815184815184,False,0.3425411797504821
within_region_cross_layer__clr_false__thickness_absolute,l3,Astro,0.235282653726714,0.3246753246753247,False,0.5248917748917749
within_region_cross_layer__clr_false__thickness_absolute,l3,Chandelier,0.24678391039818393,0.24475524475524477,False,0.4668967396240123
within_region_cross_layer__clr_false__thickness_absolute,l3,Endo,0.12238696709754011,0.5074925074925075,False,0.6933348341799047
within_region_cross_layer__clr_false__thickness_absolute,l3,L2/3 IT,0.051359757446851576,0.8991008991008991,False,0.9578106104421894
within_region_cross_layer__clr_false__thickness_absolute,l3,L4 IT,-0.25018466109723,0.47352647352647353,False,0.661709718852576
within_region_cross_layer__clr_false__thickness_absolute,l3,L5 ET,-0.02626964476842442,0.938061938061938,False,0.9578106104421894
within_region_cross_layer__clr_false__thickness_absolute,l3,L5 IT,-0.2940123529852907,0.24975024975024976,False,0.4668967396240123
within_region_cross_layer__clr_false__thickness_absolute,l3,L5/6 NP,-0.09647030198697665,0.7862137862137862,False,0.8867760146829915
within_region_cross_layer__clr_false__thickness_absolute,l3,L6 CT,-0.028517346615582792,0.9330669330669331,False,0.9578106104421894
within_region_cross_layer__clr_false__thickness_absolute,l3,L6 IT,-0.5400448204550341,0.002997002997002997,True,0.01530048898469951
within_region_cross_layer__clr_false__thickness_absolute,l3,L6 IT Car3,-0.09916688798950639,0.8151848151848152,False,0.8985559894650804
within_region_cross_layer__clr_false__thickness_absolute,l3,L6b,0.040290187285486244,0.9100899100899101,False,0.9578106104421894
within_region_cross_layer__clr_false__thickness_absolute,l3,Lamp5,0.14828436501705983,0.6353646353646354,False,0.7425345738598751
within_region_cross_layer__clr_false__thickness_absolute,l3,Lamp5_Lhx6,0.09259641593892572,0.7762237762237763,False,0.8858083093377211
within_region_cross_layer__clr_false__thickness_absolute,l3,Micro-PVM,0.24339973828089384,0.23076923076923078,False,0.456828885400314
within_region_cross_layer__clr_false__thickness_absolute,l3,OPC,-0.055915308983289475,0.8641358641358642,False,0.9313464313464314
within_region_cross_layer__clr_false__thickness_absolute,l3,Oligo,-0.15694006994503795,0.5894105894105894,False,0.7316183816183817
within_region_cross_layer__clr_false__thickness_absolute,l3,Pax6,0.17155001277637935,0.5234765234765235,False,0.7052392052392052
within_region_cross_layer__clr_false__thickness_absolute,l3,Pvalb,-0.21107321144085484,0.2627372627372627,False,0.4668967396240123
within_region_cross_layer__clr_false__thickness_absolute,l3,Sncg,0.008871869549537543,0.98001998001998,False,0.988011988011988
within_region_cross_layer__clr_false__thickness_absolute,l3,Sst,-0.02698643178075239,0.9270729270729271,False,0.9578106104421894
within_region_cross_layer__clr_false__thickness_absolute,l3,Vip,0.17797213709502613,0.5874125874125874,False,0.7316183816183817
within_region_cross_layer__clr_false__thickness_absolute,l4,Astro,0.7817279893473628,0.000999000999000999,True,0.00646020646020646
within_region_cross_layer__clr_false__thickness_absolute,l4,Chandelier,0.7306040405731531,0.000999000999000999,True,0.00646020646020646
within_region_cross_layer__clr_false__thickness_absolute,l4,Endo,0.6721060502981079,0.003996003996003996,True,0.01938061938061938
within_region_cross_layer__clr_false__thickness_absolute,l4,L2/3 IT,0.76668091812835,0.000999000999000999,True,0.00646020646020646
within_region_cross_layer__clr_false__thickness_absolute,l4,L4 IT,0.6568924043884459,0.014985014985014986,False,0.062017982017982025
within_region_cross_layer__clr_false__thickness_absolute,l4,L5 ET,0.7827374428418942,0.000999000999000999,True,0.00646020646020646
within_region_cross_layer__clr_false__thickness_absolute,l4,L5 IT,0.6569895631003796,0.015984015984015984,False,0.062017982017982025
within_region_cross_layer__clr_false__thickness_absolute,l4,L5/6 NP,0.7792602425120677,0.000999000999000999,True,0.00646020646020646
within_region_cross_layer__clr_false__thickness_absolute,l4,Lamp5,0.7903856000606927,0.000999000999000999,True,0.00646020646020646
within_region_cross_layer__clr_false__thickness_absolute,l4,Lamp5_Lhx6,0.7816137369384698,0.000999000999000999,True,0.00646020646020646
within_region_cross_layer__clr_false__thickness_absolute,l4,Micro-PVM,0.7715032963132228,0.000999000999000999,True,0.00646020646020646
within_region_cross_layer__clr_false__thickness_absolute,l4,OPC,0.7799689874724776,0.000999000999000999,True,0.00646020646020646
within_region_cross_layer__clr_false__thickness_absolute,l4,Oligo,0.79693944548569,0.000999000999000999,True,0.00646020646020646
within_region_cross_layer__clr_false__thickness_absolute,l4,Pax6,0.7693074202372625,0.000999000999000999,True,0.00646020646020646
within_region_cross_layer__clr_false__thickness_absolute,l4,Pvalb,0.7515811420887598,0.000999000999000999,True,0.00646020646020646
within_region_cross_layer__clr_false__thickness_absolute,l4,Sncg,0.7605437874182343,0.000999000999000999,True,0.00646020646020646
within_region_cross_layer__clr_false__thickness_absolute,l4,Sst,0.7177946693278598,0.002997002997002997,True,0.01530048898469951
within_region_cross_layer__clr_false__thickness_absolute,l4,Vip,0.7546210554144414,0.000999000999000999,True,0.00646020646020646
within_region_cross_layer__clr_false__thickness_absolute,l5,Astro,0.43147418743350546,0.0939060939060939,False,0.253024753024753
within_region_cross_layer__clr_false__thickness_absolute,l5,Chandelier,0.4496035192703005,0.3126873126873127,False,0.5229425746667127
within_region_cross_layer__clr_false__thickness_absolute,l5,Endo,0.22407858033296638,0.4485514485514486,False,0.6398454486689782
within_region_cross_layer__clr_false__thickness_absolute,l5,L4 IT,0.49429398016706466,0.16383616383616384,False,0.3531579531579532
within_region_cross_layer__clr_false__thickness_absolute,l5,L5 ET,0.5878603568931365,0.07592407592407592,False,0.21945701357466066
within_region_cross_layer__clr_false__thickness_absolute,l5,L5 IT,0.601871816808798,0.022977022977022976,False,0.08254708254708254
within_region_cross_layer__clr_false__thickness_absolute,l5,L5/6 NP,0.7658207036700897,0.000999000999000999,True,0.00646020646020646
within_region_cross_layer__clr_false__thickness_absolute,l5,L6 CT,0.4968397930394383,0.13486513486513488,False,0.31147424004566865
within_region_cross_layer__clr_false__thickness_absolute,l5,L6 IT,0.35426641849183893,0.27972027972027974,False,0.4845154845154846
within_region_cross_layer__clr_false__thickness_absolute,l5,L6 IT Car3,0.4351172402245531,0.12687312687312688,False,0.3076673326673327
within_region_cross_layer__clr_false__thickness_absolute,l5,L6b,0.4929730020649027,0.056943056943056944,False,0.1781766620476298
within_region_cross_layer__clr_false__thickness_absolute,l5,Lamp5,0.30285912274011395,0.4775224775224775,False,0.661709718852576
within_region_cross_layer__clr_false__thickness_absolute,l5,Lamp5_Lhx6,0.4369011959631732,0.2627372627372627,False,0.4668967396240123
within_region_cross_layer__clr_false__thickness_absolute,l5,Micro-PVM,0.5314593208684122,0.03696303696303696,False,0.12805052090766378
within_region_cross_layer__clr_false__thickness_absolute,l5,OPC,0.5422915790461846,0.07092907092907093,False,0.21500374625374624
within_region_cross_layer__clr_false__thickness_absolute,l5,Oligo,0.45911551245078047,0.054945054945054944,False,0.17765567765567764
within_region_cross_layer__clr_false__thickness_absolute,l5,Pvalb,0.6212414341203424,0.022977022977022976,False,0.08254708254708254
within_region_cross_layer__clr_false__thickness_absolute,l5,Sst,0.5363538434484194,0.0989010989010989,False,0.2592812592812593
within_region_cross_layer__clr_false__thickness_absolute,l5,Vip,0.4137844669385213,0.34065934065934067,False,0.5417041974419023
within_region_cross_layer__clr_false__thickness_absolute,l6,Astro,0.4201073543578511,0.32367632367632365,False,0.5248917748917749
within_region_cross_layer__clr_false__thickness_absolute,l6,Chandelier,0.617509980894191,0.1108891108891109,False,0.28305904621694095
within_region_cross_layer__clr_false__thickness_absolute,l6,Endo,0.48208180294592123,0.001998001998001998,True,0.011400364341540813
within_region_cross_layer__clr_false__thickness_absolute,l6,L5 ET,-0.5552563662511119,0.001998001998001998,True,0.011400364341540813
within_region_cross_layer__clr_false__thickness_absolute,l6,L5 IT,0.08466302427373058,0.8371628371628371,False,0.9124134292673618
within_region_cross_layer__clr_false__thickness_absolute,l6,L5/6 NP,0.3193670683632153,0.5884115884115884,False,0.7316183816183817
within_region_cross_layer__clr_false__thickness_absolute,l6,L6 CT,0.295546750395442,0.25274725274725274,False,0.4668967396240123
within_region_cross_layer__clr_false__thickness_absolute,l6,L6 IT,0.5868635064629829,0.005994005994005994,True,0.027686599115170542
within_region_cross_layer__clr_false__thickness_absolute,l6,L6 IT Car3,0.26737697492931783,0.6203796203796204,False,0.7338636972783315
within_region_cross_layer__clr_false__thickness_absolute,l6,L6b,0.533715929114708,0.18581418581418582,False,0.38348885157395796
within_region_cross_layer__clr_false__thickness_absolute,l6,Lamp5,0.5770251662598748,0.11988011988011989,False,0.298163375086452
within_region_cross_layer__clr_false__thickness_absolute,l6,Lamp5_Lhx6,0.6957781405399014,0.012987012987012988,False,0.05726092089728454
within_region_cross_layer__clr_false__thickness_absolute,l6,Micro-PVM,0.42645366582216687,0.2887112887112887,False,0.4913157018420176
within_region_cross_layer__clr_false__thickness_absolute,l6,OPC,0.6356818514569808,0.07992007992007992,False,0.22149279292136434
within_region_cross_layer__clr_false__thickness_absolute,l6,Oligo,0.6448924848935148,0.04795204795204795,False,0.1603913328051259
within_region_cross_layer__clr_false__thickness_absolute,l6,Pvalb,0.5168259867959726,0.2647352647352647,False,0.4668967396240123
within_region_cross_layer__clr_false__thickness_absolute,l6,Sst,0.4568041558017034,0.3936063936063936,False,0.6132149100899101
within_region_cross_layer__clr_false__thickness_relative,l1,Astro,0.3780391246138385,0.16983016983016982,False,0.245873529455619
within_region_cross_layer__clr_false__thickness_relative,l1,Endo,0.2594581773945786,0.1038961038961039,False,0.17680565048986102
within_region_cross_layer__clr_false__thickness_relative,l1,Lamp5,0.459403790674443,0.16883116883116883,False,0.245873529455619
within_region_cross_layer__clr_false__thickness_relative,l1,Micro-PVM,0.17427050376721182,0.5624375624375625,False,0.6129937478252085
within_region_cross_layer__clr_false__thickness_relative,l1,OPC,0.22423740530816735,0.46853146853146854,False,0.5410422910422911
within_region_cross_layer__clr_false__thickness_relative,l1,Pax6,0.3724306340639624,0.1108891108891109,False,0.18545247855592684
within_region_cross_layer__clr_false__thickness_relative,l1,Sncg,0.5469549866249689,0.052947052947052944,False,0.11164922034487251
within_region_cross_layer__clr_false__thickness_relative,l1,VLMC,0.20466219430001054,0.2547452547452547,False,0.32091285338038583
within_region_cross_layer__clr_false__thickness_relative,l2,Astro,0.2708176729177512,0.07592407592407592,False,0.15310689310689313
within_region_cross_layer__clr_false__thickness_relative,l2,Chandelier,-0.17615228125108842,0.30569430569430567,False,0.3753461728145272
within_region_cross_layer__clr_false__thickness_relative,l2,Endo,-0.01742292838075311,0.906093906093906,False,0.9155323842823843
within_region_cross_layer__clr_false__thickness_relative,l2,L2/3 IT,0.30877505909120606,0.04995004995004995,False,0.11011715557170103
within_region_cross_layer__clr_false__thickness_relative,l2,Lamp5,0.37611152910165385,0.02097902097902098,False,0.06166560712015257
within_region_cross_layer__clr_false__thickness_relative,l2,Lamp5_Lhx6,0.22347613300534486,0.2007992007992008,False,0.2743313025003166
within_region_cross_layer__clr_false__thickness_relative,l2,Micro-PVM,0.0802237555926329,0.6903096903096904,False,0.7330929939625592
within_region_cross_layer__clr_false__thickness_relative,l2,OPC,0.2855131496227676,0.07892107892107893,False,0.15310689310689313
within_region_cross_layer__clr_false__thickness_relative,l2,Pax6,0.4788374278527446,0.002997002997002997,True,0.013843299557585271
within_region_cross_layer__clr_false__thickness_relative,l2,Pvalb,0.10818308837507629,0.47652347652347654,False,0.5437973790914967
within_region_cross_layer__clr_false__thickness_relative,l2,Sncg,0.3637851637535502,0.028971028971028972,False,0.07595107595107596
within_region_cross_layer__clr_false__thickness_relative,l2,Sst,0.15833645179669537,0.25074925074925075,False,0.3200352279299648
within_region_cross_layer__clr_false__thickness_relative,l2,Vip,0.12497332555312216,0.4405594405594406,False,0.5148706714971776
within_region_cross_layer__clr_false__thickness_relative,l3,Astro,0.3030594375069006,0.15784215784215785,False,0.2392295204795205
within_region_cross_layer__clr_false__thickness_relative,l3,Chandelier,0.295416669059338,0.12887112887112886,False,0.20162095968547583
within_region_cross_layer__clr_false__thickness_relative,l3,Endo,0.07228831129260879,0.6843156843156843,False,0.7330929939625592
within_region_cross_layer__clr_false__thickness_relative,l3,L2/3 IT,0.000571533834575411,0.999000999000999,False,0.999000999000999
within_region_cross_layer__clr_false__thickness_relative,l3,L4 IT,-0.5176137598466379,0.014985014985014986,True,0.04688859527569206
within_region_cross_layer__clr_false__thickness_relative,l3,L5 ET,0.43456446448526465,0.07792207792207792,False,0.15310689310689313
within_region_cross_layer__clr_false__thickness_relative,l3,L5 IT,-0.28335444939564497,0.22477522477522477,False,0.29463779463779466
within_region_cross_layer__clr_false__thickness_relative,l3,L5/6 NP,0.23862493549488745,0.4245754245754246,False,0.5022416607782462
within_region_cross_layer__clr_false__thickness_relative,l3,L6 CT,0.38639406125187664,0.11588411588411589,False,0.19052134306371596
within_region_cross_layer__clr_false__thickness_relative,l3,L6 IT,-0.038767546032564014,0.8721278721278721,False,0.8904884589095116
within_region_cross_layer__clr_false__thickness_relative,l3,L6 IT Car3,0.37183211418213574,0.16183816183816183,False,0.24151233382002613
within_region_cross_layer__clr_false__thickness_relative,l3,L6b,0.4484833846180517,0.061938061938061936,False,0.12782961719131933
within_region_cross_layer__clr_false__thickness_relative,l3,Lamp5,0.43002922323080817,0.09090909090909091,False,0.1603305785123967
within_region_cross_layer__clr_false__thickness_relative,l3,Lamp5_Lhx6,0.38869375434573494,0.12487512487512488,False,0.19857191988339531
within_region_cross_layer__clr_false__thickness_relative,l3,Micro-PVM,0.06553905971718615,0.7112887112887113,False,0.7418817741398387
within_region_cross_layer__clr_false__thickness_relative,l3,OPC,0.22557019885838056,0.3936063936063936,False,0.4772477522477523
within_region_cross_layer__clr_false__thickness_relative,l3,Oligo,0.17225907571894283,0.5584415584415584,False,0.6129937478252085
within_region_cross_layer__clr_false__thickness_relative,l3,Pax6,-0.09937929458694425,0.6953046953046953,False,0.7330929939625592
within_region_cross_layer__clr_false__thickness_relative,l3,Pvalb,-0.3407391850330616,0.04595404595404595,False,0.1081708988685733
within_region_cross_layer__clr_false__thickness_relative,l3,Sncg,0.35876433225202065,0.2177822177822178,False,0.2934010434010434
within_region_cross_layer__clr_false__thickness_relative,l3,Sst,0.24685923361640383,0.42157842157842157,False,0.5022416607782462
within_region_cross_layer__clr_false__thickness_relative,l3,Vip,0.2913883889369586,0.2967032967032967,False,0.3689771766694844
within_region_cross_layer__clr_false__thickness_relative,l4,Astro,0.8332912105294836,0.000999000999000999,True,0.0074540843771613
within_region_cross_layer__clr_false__thickness_relative,l4,Chandelier,0.7125313789654921,0.001998001998001998,True,0.010767010767010766
within_region_cross_layer__clr_false__thickness_relative,l4,Endo,0.7618446071288499,0.002997002997002997,True,0.013843299557585271
within_region_cross_layer__clr_false__thickness_relative,l4,L2/3 IT,0.816378695320483,0.001998001998001998,True,0.010767010767010766
within_region_cross_layer__clr_false__thickness_relative,l4,L4 IT,0.6273961789751169,0.008991008991008992,True,0.031147424004566868
within_region_cross_layer__clr_false__thickness_relative,l4,L5 ET,0.8349806542468898,0.000999000999000999,True,0.0074540843771613
within_region_cross_layer__clr_false__thickness_relative,l4,L5 IT,0.6434127749034932,0.006993006993006993,True,0.02512302512302512
within_region_cross_layer__clr_false__thickness_relative,l4,L5/6 NP,0.8414719205421746,0.000999000999000999,True,0.0074540843771613
within_region_cross_layer__clr_false__thickness_relative,l4,Lamp5,0.87052215821139,0.000999000999000999,True,0.0074540843771613
within_region_cross_layer__clr_false__thickness_relative,l4,Lamp5_Lhx6,0.8572777987512191,0.000999000999000999,True,0.0074540843771613
within_region_cross_layer__clr_false__thickness_relative,l4,Micro-PVM,0.829375039152461,0.000999000999000999,True,0.0074540843771613
within_region_cross_layer__clr_false__thickness_relative,l4,OPC,0.8662183716248197,0.000999000999000999,True,0.0074540843771613
within_region_cross_layer__clr_false__thickness_relative,l4,Oligo,0.8571371258485935,0.000999000999000999,True,0.0074540843771613
within_region_cross_layer__clr_false__thickness_relative,l4,Pax6,0.8889007040146669,0.000999000999000999,True,0.0074540843771613
within_region_cross_layer__clr_false__thickness_relative,l4,Pvalb,0.759391010104556,0.001998001998001998,True,0.010767010767010766
within_region_cross_layer__clr_false__thickness_relative,l4,Sncg,0.8357859689510759,0.000999000999000999,True,0.0074540843771613
within_region_cross_layer__clr_false__thickness_relative,l4,Sst,0.7185628404510195,0.002997002997002997,True,0.013843299557585271
within_region_cross_layer__clr_false__thickness_relative,l4,Vip,0.8065586345618595,0.000999000999000999,True,0.0074540843771613
within_region_cross_layer__clr_false__thickness_relative,l5,Astro,0.3281443642601883,0.15284715284715283,False,0.2353360924789496
within_region_cross_layer__clr_false__thickness_relative,l5,Chandelier,0.5059254199384274,0.052947052947052944,False,0.11164922034487251
within_region_cross_layer__clr_false__thickness_relative,l5,Endo,0.1418328015986267,0.5244755244755245,False,0.5915596031875102
within_region_cross_layer__clr_false__thickness_relative,l5,L4 IT,0.49438739333194415,0.04795204795204795,False,0.1081708988685733
within_region_cross_layer__clr_false__thickness_relative,l5,L5 ET,0.5633589407667989,0.00999000999000999,True,0.0334148610010679
within_region_cross_layer__clr_false__thickness_relative,l5,L5 IT,0.5906328313610281,0.001998001998001998,True,0.010767010767010766
within_region_cross_layer__clr_false__thickness_relative,l5,L5/6 NP,0.5624685165308494,0.005994005994005994,True,0.022362253131483902
within_region_cross_layer__clr_false__thickness_relative,l5,L6 CT,0.6139296518997627,0.000999000999000999,True,0.0074540843771613
within_region_cross_layer__clr_false__thickness_relative,l5,L6 IT,0.4584637485689953,0.03496503496503497,False,0.0869643177335485
within_region_cross_layer__clr_false__thickness_relative,l5,L6 IT Car3,0.05624284891804156,0.8361638361638362,False,0.8628499160414054
within_region_cross_layer__clr_false__thickness_relative,l5,L6b,0.4636888515166451,0.01998001998001998,False,0.06056443556443557
within_region_cross_layer__clr_false__thickness_relative,l5,Lamp5,0.35090003025937155,0.2217782217782218,False,0.29463779463779466
within_region_cross_layer__clr_false__thickness_relative,l5,Lamp5_Lhx6,0.5133424815464095,0.029970029970029972,False,0.07650244492349756
within_region_cross_layer__clr_false__thickness_relative,l5,Micro-PVM,0.39791427729049694,0.0899100899100899,False,0.1603305785123967
within_region_cross_layer__clr_false__thickness_relative,l5,OPC,0.49737995422407033,0.03996003996003996,False,0.09690309690309691
within_region_cross_layer__clr_false__thickness_relative,l5,Oligo,0.37398315068885807,0.08391608391608392,False,0.15839929301467762
within_region_cross_layer__clr_false__thickness_relative,l5,Pvalb,0.5233746121060655,0.028971028971028972,False,0.07595107595107596
within_region_cross_layer__clr_false__thickness_relative,l5,Sst,0.5268840109301766,0.02197802197802198,False,0.06270200387847448
within_region_cross_layer__clr_false__thickness_relative,l5,Vip,0.4552310660113942,0.0939060939060939,False,0.16265876980162697
within_region_cross_layer__clr_false__thickness_relative,l6,Astro,0.559402370473005,0.11888111888111888,False,0.1921911421911422
within_region_cross_layer__clr_false__thickness_relative,l6,Chandelier,0.7769837295501831,0.003996003996003996,True,0.01615051615051615
within_region_cross_layer__clr_false__thickness_relative,l6,Endo,0.4236902703830324,0.004995004995004995,True,0.01938061938061938
within_region_cross_layer__clr_false__thickness_relative,l6,L5 ET,-0.486284454243267,0.001998001998001998,True,0.010767010767010766
within_region_cross_layer__clr_false__thickness_relative,l6,L5 IT,0.26910504112913175,0.5414585414585414,False,0.6036951554192933
within_region_cross_layer__clr_false__thickness_relative,l6,L5/6 NP,0.6087583435763572,0.18981018981018982,False,0.2707586531115943
within_region_cross_layer__clr_false__thickness_relative,l6,L6 CT,0.39624327364976125,0.09090909090909091,False,0.1603305785123967
within_region_cross_layer__clr_false__thickness_relative,l6,L6 IT,0.39022285103208865,0.1968031968031968,False,0.2727130012844299
within_region_cross_layer__clr_false__thickness_relative,l6,L6 IT Car3,0.55062941959571,0.1968031968031968,False,0.2727130012844299
within_region_cross_layer__clr_false__thickness_relative,l6,L6b,0.737067175445468,0.01098901098901099,True,0.03553113553113553
within_region_cross_layer__clr_false__thickness_relative,l6,Lamp5,0.6683090948438816,0.04795204795204795,False,0.1081708988685733
within_region_cross_layer__clr_false__thickness_relative,l6,Lamp5_Lhx6,0.8066906590709662,0.000999000999000999,True,0.0074540843771613
within_region_cross_layer__clr_false__thickness_relative,l6,Micro-PVM,0.48115621012389037,0.23276723276723277,False,0.30104562104562105
within_region_cross_layer__clr_false__thickness_relative,l6,OPC,0.7710145109030383,0.003996003996003996,True,0.01615051615051615
within_region_cross_layer__clr_false__thickness_relative,l6,Oligo,0.745562523467019,0.003996003996003996,True,0.01615051615051615
within_region_cross_layer__clr_false__thickness_relative,l6,Pvalb,0.7228000245237286,0.025974025974025976,False,0.07198515769944341
within_region_cross_layer__clr_false__thickness_relative,l6,Sst,0.6771263488428749,0.08491508491508491,False,0.15839929301467762
within_region_cross_layer__clr_true__thickness_absolute,l1,Astro,0.03247258680849755,0.935064935064935,False,1.0
within_region_cross_layer__clr_true__thickness_absolute,l1,Endo,-0.12001275314919968,0.5524475524475524,False,0.893123543123543
within_region_cross_layer__clr_true__thickness_absolute,l1,Lamp5,0.5040526114830859,0.24775224775224775,False,0.6837051837051837
within_region_cross_layer__clr_true__thickness_absolute,l1,Micro-PVM,-0.3810535861516194,0.3996003996003996,False,0.7657244716068246
within_region_cross_layer__clr_true__thickness_absolute,l1,OPC,-0.006881395345370485,0.978021978021978,False,1.0
within_region_cross_layer__clr_true__thickness_absolute,l1,Pax6,-0.2720699264531307,0.13986013986013987,False,0.5112473733163388
within_region_cross_layer__clr_true__thickness_absolute,l1,Sncg,0.40338880508508856,0.45554445554445555,False,0.8182928182928183
within_region_cross_layer__clr_true__thickness_absolute,l1,VLMC,-0.36316674839209945,0.3086913086913087,False,0.7485764235764236
within_region_cross_layer__clr_true__thickness_absolute,l2,Astro,-0.0159965428130574,0.9210789210789211,False,1.0
within_region_cross_layer__clr_true__thickness_absolute,l2,Chandelier,-0.2913911602980964,0.4015984015984016,False,0.7657244716068246
within_region_cross_layer__clr_true__thickness_absolute,l2,Endo,-0.1999216194469494,0.3946053946053946,False,0.7657244716068246
within_region_cross_layer__clr_true__thickness_absolute,l2,L2/3 IT,-0.09610844938257991,0.7332667332667333,False,0.9526707059174593
within_region_cross_layer__clr_true__thickness_absolute,l2,Lamp5,0.33412952191502787,0.2857142857142857,False,0.7293233082706767
within_region_cross_layer__clr_true__thickness_absolute,l2,Lamp5_Lhx6,0.364078355052202,0.21178821178821178,False,0.641983016983017
within_region_cross_layer__clr_true__thickness_absolute,l2,Micro-PVM,0.017015271682481802,0.972027972027972,False,1.0
within_region_cross_layer__clr_true__thickness_absolute,l2,OPC,0.09275778636410924,0.8161838161838162,False,0.9909495266638124
within_region_cross_layer__clr_true__thickness_absolute,l2,Pax6,0.5435077926677196,0.01898101898101898,False,0.11507242757242757
within_region_cross_layer__clr_true__thickness_absolute,l2,Pvalb,-0.34774075477071353,0.2987012987012987,False,0.7429237429237429
within_region_cross_layer__clr_true__thickness_absolute,l2,Sncg,0.4311805653624599,0.14085914085914086,False,0.5112473733163388
within_region_cross_layer__clr_true__thickness_absolute,l2,Sst,-0.20637626527818764,0.45054945054945056,False,0.8182928182928183
within_region_cross_layer__clr_true__thickness_absolute,l2,Vip,0.11856129354091424,0.7332667332667333,False,0.9526707059174593
within_region_cross_layer__clr_true__thickness_absolute,l3,Astro,0.3060646045550655,0.24175824175824176,False,0.6837051837051837
within_region_cross_layer__clr_true__thickness_absolute,l3,Chandelier,0.23726270032769783,0.36563436563436563,False,0.7657244716068246
within_region_cross_layer__clr_true__thickness_absolute,l3,Endo,0.06419751533723084,0.7142857142857143,False,0.9526707059174593
within_region_cross_layer__clr_true__thickness_absolute,l3,L2/3 IT,0.06712446780627059,0.8581418581418582,False,0.9909495266638124
within_region_cross_layer__clr_true__thickness_absolute,l3,L4 IT,-0.1443420245118577,0.6803196803196803,False,0.9526707059174593
within_region_cross_layer__clr_true__thickness_absolute,l3,L5 ET,0.0008212507315957355,1.0,False,1.0
within_region_cross_layer__clr_true__thickness_absolute,l3,L5 IT,-0.24031314355503283,0.43956043956043955,False,0.8182928182928183
within_region_cross_layer__clr_true__thickness_absolute,l3,L5/6 NP,-0.08297277832022464,0.7562437562437563,False,0.9526707059174593
within_region_cross_layer__clr_true__thickness_absolute,l3,L6 CT,-0.0020964770066976865,0.996003996003996,False,1.0
within_region_cross_layer__clr_true__thickness_absolute,l3,L6 IT,-0.6844068817436624,0.000999000999000999,True,0.048451548451548455
within_region_cross_layer__clr_true__thickness_absolute,l3,L6 IT Car3,-0.12065852152574051,0.7432567432567433,False,0.9526707059174593
within_region_cross_layer__clr_true__thickness_absolute,l3,L6b,0.12180426987332073,0.7172827172827173,False,0.9526707059174593
within_region_cross_layer__clr_true__thickness_absolute,l3,Lamp5,0.3492047856165896,0.1838161838161838,False,0.5751667687151558
within_region_cross_layer__clr_true__thickness_absolute,l3,Lamp5_Lhx6,0.17870518900999957,0.5164835164835165,False,0.8491339169305273
within_region_cross_layer__clr_true__thickness_absolute,l3,Micro-PVM,0.23127277213731032,0.4675324675324675,False,0.8245572609208973
within_region_cross_layer__clr_true__thickness_absolute,l3,OPC,-0.04456970844454396,0.8471528471528471,False,0.9909495266638124
within_region_cross_layer__clr_true__thickness_absolute,l3,Oligo,-0.22222687742502834,0.3786213786213786,False,0.7657244716068246
within_region_cross_layer__clr_true__thickness_absolute,l3,Pax6,0.17248182708466883,0.6013986013986014,False,0.9175511988011988
within_region_cross_layer__clr_true__thickness_absolute,l3,Pvalb,-0.08236739155389036,0.8191808191808192,False,0.9909495266638124
within_region_cross_layer__clr_true__thickness_absolute,l3,Sncg,0.11631461430130711,0.6993006993006993,False,0.9526707059174593
within_region_cross_layer__clr_true__thickness_absolute,l3,Sst,0.013985579072256683,0.961038961038961,False,1.0
within_region_cross_layer__clr_true__thickness_absolute,l3,Vip,0.31023470196239006,0.16783216783216784,False,0.5426573426573427
within_region_cross_layer__clr_true__thickness_absolute,l4,Astro,-0.3617883328704846,0.12387612387612387,False,0.5006660006660006
within_region_cross_layer__clr_true__thickness_absolute,l4,Chandelier,0.09850201047368251,0.7472527472527473,False,0.9526707059174593
within_region_cross_layer__clr_true__thickness_absolute,l4,Endo,0.25745277692218516,0.11488511488511488,False,0.5006660006660006
within_region_cross_layer__clr_true__thickness_absolute,l4,L2/3 IT,-0.39919866243296653,0.07692307692307693,False,0.37307692307692314
within_region_cross_layer__clr_true__thickness_absolute,l4,L4 IT,-0.4790070989313569,0.007992007992007992,False,0.08613608613608613
within_region_cross_layer__clr_true__thickness_absolute,l4,L5 ET,-0.25537569964776735,0.4005994005994006,False,0.7657244716068246
within_region_cross_layer__clr_true__thickness_absolute,l4,L5 IT,-0.6345217264469556,0.002997002997002997,False,0.07267732267732267
within_region_cross_layer__clr_true__thickness_absolute,l4,L5/6 NP,0.20201805947306103,0.3306693306693307,False,0.7657244716068246
within_region_cross_layer__clr_true__thickness_absolute,l4,Lamp5,0.32188894992133865,0.03296703296703297,False,0.17340554182659446
within_region_cross_layer__clr_true__thickness_absolute,l4,Lamp5_Lhx6,0.08460518461282876,0.6053946053946054,False,0.9175511988011988
within_region_cross_layer__clr_true__thickness_absolute,l4,Micro-PVM,-0.06799119616274134,0.5724275724275725,False,0.9065128419967131
within_region_cross_layer__clr_true__thickness_absolute,l4,OPC,-0.10878515787206303,0.7342657342657343,False,0.9526707059174593
within_region_cross_layer__clr_true__thickness_absolute,l4,Oligo,0.02882769463904953,0.8751248751248751,False,0.9986719163189751
within_region_cross_layer__clr_true__thickness_absolute,l4,Pax6,0.5534014318704757,0.012987012987012988,False,0.10982350982350983
within_region_cross_layer__clr_true__thickness_absolute,l4,Pvalb,-0.4778439578917066,0.008991008991008992,False,0.08721278721278723
within_region_cross_layer__clr_true__thickness_absolute,l4,Sncg,0.02939197458814509,0.8981018981018981,False,1.0
within_region_cross_layer__clr_true__thickness_absolute,l4,Sst,-0.5386179299450583,0.006993006993006993,False,0.08479020979020979
within_region_cross_layer__clr_true__thickness_absolute,l4,Vip,-0.3935834116469094,0.022977022977022976,False,0.13110418992771936
within_region_cross_layer__clr_true__thickness_absolute,l5,Astro,-0.38810772253320897,0.3516483516483517,False,0.7657244716068246
within_region_cross_layer__clr_true__thickness_absolute,l5,Chandelier,0.4143107875691415,0.4025974025974026,False,0.7657244716068246
within_region_cross_layer__clr_true__thickness_absolute,l5,Endo,-0.004880157507066676,0.981018981018981,False,1.0
within_region_cross_layer__clr_true__thickness_absolute,l5,L4 IT,0.5279304076129209,0.11888111888111888,False,0.5006660006660006
within_region_cross_layer__clr_true__thickness_absolute,l5,L5 ET,0.6945331773114015,0.014985014985014986,False,0.10982350982350983
within_region_cross_layer__clr_true__thickness_absolute,l5,L5 IT,-0.3828657015170861,0.27472527472527475,False,0.7202257202257203
within_region_cross_layer__clr_true__thickness_absolute,l5,L5/6 NP,-0.02407560197619122,0.961038961038961,False,1.0
within_region_cross_layer__clr_true__thickness_absolute,l5,L6 CT,-0.2882670000939391,0.15284715284715283,False,0.5112473733163388
within_region_cross_layer__clr_true__thickness_absolute,l5,L6 IT,-0.4921724481321307,0.014985014985014986,False,0.10982350982350983
within_region_cross_layer__clr_true__thickness_absolute,l5,L6 IT Car3,-0.13744356643335243,0.7972027972027972,False,0.9909495266638124
within_region_cross_layer__clr_true__thickness_absolute,l5,L6b,-0.36112698025039086,0.14385614385614387,False,0.5112473733163388
within_region_cross_layer__clr_true__thickness_absolute,l5,Lamp5,-0.39409866983643477,0.24475524475524477,False,0.6837051837051837
within_region_cross_layer__clr_true__thickness_absolute,l5,Lamp5_Lhx6,-0.5402138178881541,0.03396603396603397,False,0.17340554182659446
within_region_cross_layer__clr_true__thickness_absolute,l5,Micro-PVM,0.0614909656676973,0.8501498501498501,False,0.9909495266638124
within_region_cross_layer__clr_true__thickness_absolute,l5,OPC,0.03809023632798668,0.9080919080919081,False,1.0
within_region_cross_layer__clr_true__thickness_absolute,l5,Oligo,-0.2922276384570929,0.5064935064935064,False,0.8470667263770711
within_region_cross_layer__clr_true__thickness_absolute,l5,Pvalb,0.5335214238957457,0.016983016983016984,False,0.10982350982350983
within_region_cross_layer__clr_true__thickness_absolute,l5,Sst,0.1942225215085648,0.5794205794205795,False,0.9065128419967131
within_region_cross_layer__clr_true__thickness_absolute,l5,Vip,0.16551447513567175,0.7422577422577422,False,0.9526707059174593
within_region_cross_layer__clr_true__thickness_absolute,l6,Astro,-0.26260896107619663,0.4995004995004995,False,0.8470667263770711
within_region_cross_layer__clr_true__thickness_absolute,l6,Chandelier,0.7151896944129525,0.006993006993006993,False,0.08479020979020979
within_region_cross_layer__clr_true__thickness_absolute,l6,Endo,0.28900655770673755,0.0999000999000999,False,0.4614433185861757
within_region_cross_layer__clr_true__thickness_absolute,l6,L5 ET,-0.7128067037899917,0.002997002997002997,False,0.07267732267732267
within_region_cross_layer__clr_true__thickness_absolute,l6,L5 IT,-0.511015214945331,0.015984015984015984,False,0.10982350982350983
within_region_cross_layer__clr_true__thickness_absolute,l6,L5/6 NP,-0.04363077317523876,0.9230769230769231,False,1.0
within_region_cross_layer__clr_true__thickness_absolute,l6,L6 CT,-0.5903578029505021,0.15284715284715283,False,0.5112473733163388
within_region_cross_layer__clr_true__thickness_absolute,l6,L6 IT,-0.3733803727657797,0.4855144855144855,False,0.8409804481233053
within_region_cross_layer__clr_true__thickness_absolute,l6,L6 IT Car3,-0.464201502120251,0.006993006993006993,False,0.08479020979020979
within_region_cross_layer__clr_true__thickness_absolute,l6,L6b,-0.4151702916221645,0.34265734265734266,False,0.7657244716068246
within_region_cross_layer__clr_true__thickness_absolute,l6,Lamp5,0.25957573944862683,0.25374625374625376,False,0.6837051837051837
within_region_cross_layer__clr_true__thickness_absolute,l6,Lamp5_Lhx6,0.7913491121391665,0.000999000999000999,True,0.048451548451548455
within_region_cross_layer__clr_true__thickness_absolute,l6,Micro-PVM,-0.14799031068801577,0.7332667332667333,False,0.9526707059174593
within_region_cross_layer__clr_true__thickness_absolute,l6,OPC,0.6720224303714487,0.003996003996003996,False,0.07752247752247753
within_region_cross_layer__clr_true__thickness_absolute,l6,Oligo,0.325434889795744,0.3986013986013986,False,0.7657244716068246
within_region_cross_layer__clr_true__thickness_absolute,l6,Pvalb,0.14746155515648982,0.6933066933066933,False,0.9526707059174593
within_region_cross_layer__clr_true__thickness_absolute,l6,Sst,0.11698931667725615,0.8431568431568431,False,0.9909495266638124
within_region_cross_layer__clr_true__thickness_relative,l1,Astro,-0.06120033891735961,0.7902097902097902,False,0.8743302152393062
within_region_cross_layer__clr_true__thickness_relative,l1,Endo,0.008517769192730862,0.958041958041958,False,0.9680215617715617
within_region_cross_layer__clr_true__thickness_relative,l1,Lamp5,0.11764806193122755,0.7922077922077922,False,0.8743302152393062
within_region_cross_layer__clr_true__thickness_relative,l1,Micro-PVM,-0.03688309693997014,0.9180819180819181,False,0.9465902518534098
within_region_cross_layer__clr_true__thickness_relative,l1,OPC,-0.2968967144552545,0.24875124875124874,False,0.5201125405207038
within_region_cross_layer__clr_true__thickness_relative,l1,Pax6,-0.29650645811271276,0.07692307692307693,False,0.2984615384615385
within_region_cross_layer__clr_true__thickness_relative,l1,Sncg,0.3878002936383456,0.28771228771228774,False,0.5366940751556137
within_region_cross_layer__clr_true__thickness_relative,l1,VLMC,-0.4776011355046647,0.052947052947052944,False,0.24456495885067311
within_region_cross_layer__clr_true__thickness_relative,l2,Astro,0.10624802293964615,0.4805194805194805,False,0.7076862531407986
within_region_cross_layer__clr_true__thickness_relative,l2,Chandelier,-0.3214221428409026,0.07192807192807193,False,0.29070929070929075
within_region_cross_layer__clr_true__thickness_relative,l2,Endo,-0.11875516867813135,0.4305694305694306,False,0.6798598227169655
within_region_cross_layer__clr_true__thickness_relative,l2,L2/3 IT,0.026939484027749837,0.8991008991008991,False,0.9465902518534098
within_region_cross_layer__clr_true__thickness_relative,l2,Lamp5,0.28509887992362265,0.052947052947052944,False,0.24456495885067311
within_region_cross_layer__clr_true__thickness_relative,l2,Lamp5_Lhx6,0.11700884664040663,0.4905094905094905,False,0.7087769373483659
within_region_cross_layer__clr_true__thickness_relative,l2,Micro-PVM,-0.02163135924375547,0.9270729270729271,False,0.9465902518534098
within_region_cross_layer__clr_true__thickness_relative,l2,OPC,0.1802672180132895,0.2937062937062937,False,0.5375379337643489
within_region_cross_layer__clr_true__thickness_relative,l2,Pax6,0.3557188604075597,0.00999000999000999,False,0.074540843771613
within_region_cross_layer__clr_true__thickness_relative,l2,Pvalb,-0.10088798690510074,0.5774225774225774,False,0.7532600732600733
within_region_cross_layer__clr_true__thickness_relative,l2,Sncg,0.25419393205463425,0.13086913086913088,False,0.3793064078778365
within_region_cross_layer__clr_true__thickness_relative,l2,Sst,-0.09982779268486276,0.5374625374625375,False,0.7141625497789882
within_region_cross_layer__clr_true__thickness_relative,l2,Vip,-0.1916390291332736,0.24375624375624375,False,0.5201125405207038
within_region_cross_layer__clr_true__thickness_relative,l3,Astro,-0.11526568349908257,0.6573426573426573,False,0.795562462229129
within_region_cross_layer__clr_true__thickness_relative,l3,Chandelier,-0.11115835850001568,0.6643356643356644,False,0.795562462229129
within_region_cross_layer__clr_true__thickness_relative,l3,Endo,-0.030707824565182694,0.8641358641358642,False,0.9211118551777893
within_region_cross_layer__clr_true__thickness_relative,l3,L2/3 IT,-0.3017231749886689,0.26073926073926074,False,0.5201125405207038
within_region_cross_layer__clr_true__thickness_relative,l3,L4 IT,-0.5065369147434855,0.03196803196803197,False,0.17227217227217226
within_region_cross_layer__clr_true__thickness_relative,l3,L5 ET,0.4477651298357555,0.06693306693306693,False,0.2822829344568475
within_region_cross_layer__clr_true__thickness_relative,l3,L5 IT,-0.3897133900410327,0.11588411588411589,False,0.3746919746919747
within_region_cross_layer__clr_true__thickness_relative,l3,L5/6 NP,0.05799153516929304,0.8371628371628371,False,0.9065823065823067
within_region_cross_layer__clr_true__thickness_relative,l3,L6 CT,0.38689196126226355,0.09490509490509491,False,0.33223918938204655
within_region_cross_layer__clr_true__thickness_relative,l3,L6 IT,-0.27929721883274206,0.15984015984015984,False,0.41904041904041905
within_region_cross_layer__clr_true__thickness_relative,l3,L6 IT Car3,0.3238784922257246,0.24475524475524477,False,0.5201125405207038
within_region_cross_layer__clr_true__thickness_relative,l3,L6b,0.48471665507750206,0.02197802197802198,False,0.14212454212454212
within_region_cross_layer__clr_true__thickness_relative,l3,Lamp5,0.4023645274906591,0.0959040959040959,False,0.33223918938204655
within_region_cross_layer__clr_true__thickness_relative,l3,Lamp5_Lhx6,0.20334279776789002,0.44155844155844154,False,0.6798598227169655
within_region_cross_layer__clr_true__thickness_relative,l3,Micro-PVM,-0.1556554689457245,0.6033966033966034,False,0.7601229938892277
within_region_cross_layer__clr_true__thickness_relative,l3,OPC,-0.18343996026551024,0.3836163836163836,False,0.6415653312205036
within_region_cross_layer__clr_true__thickness_relative,l3,Oligo,0.01657133733020798,0.9690309690309691,False,0.9690309690309691
within_region_cross_layer__clr_true__thickness_relative,l3,Pax6,-0.23159109488878807,0.4355644355644356,False,0.6798598227169655
within_region_cross_layer__clr_true__thickness_relative,l3,Pvalb,-0.48377866869837705,0.03196803196803197,False,0.17227217227217226
within_region_cross_layer__clr_true__thickness_relative,l3,Sncg,0.3208868735992355,0.18681318681318682,False,0.4696073157611619
within_region_cross_layer__clr_true__thickness_relative,l3,Sst,-0.12980740842633248,0.6863136863136863,False,0.8118588728344825
within_region_cross_layer__clr_true__thickness_relative,l3,Vip,-0.0790732009949829,0.7402597402597403,False,0.8447669977081742
within_region_cross_layer__clr_true__thickness_relative,l4,Astro,-0.33967154599125116,0.13686313686313686,False,0.3793064078778365
within_region_cross_layer__clr_true__thickness_relative,l4,Chandelier,-0.11059039429973216,0.6343656343656343,False,0.7838111255832775
within_region_cross_layer__clr_true__thickness_relative,l4,Endo,0.24240975315125804,0.11988011988011989,False,0.37510876220553646
within_region_cross_layer__clr_true__thickness_relative,l4,L2/3 IT,-0.35880055209018985,0.11488511488511488,False,0.3746919746919747
within_region_cross_layer__clr_true__thickness_relative,l4,L4 IT,-0.6031054182366784,0.001998001998001998,True,0.01938061938061938
within_region_cross_layer__clr_true__thickness_relative,l4,L5 ET,-0.26726211415651574,0.31868131868131866,False,0.5641144569715999
within_region_cross_layer__clr_true__thickness_relative,l4,L5 IT,-0.6975304787183219,0.001998001998001998,True,0.01938061938061938
within_region_cross_layer__clr_true__thickness_relative,l4,L5/6 NP,0.2273839488222477,0.25374625374625376,False,0.5201125405207038
within_region_cross_layer__clr_true__thickness_relative,l4,Lamp5,0.43575564465178507,0.003996003996003996,True,0.03523748978294433
within_region_cross_layer__clr_true__thickness_relative,l4,Lamp5_Lhx6,0.18194840669111914,0.25674325674325676,False,0.5201125405207038
within_region_cross_layer__clr_true__thickness_relative,l4,Micro-PVM,-0.04145980499405287,0.7392607392607392,False,0.8447669977081742
within_region_cross_layer__clr_true__thickness_relative,l4,OPC,0.05801519539298917,0.8411588411588412,False,0.9065823065823067
within_region_cross_layer__clr_true__thickness_relative,l4,Oligo,0.04834202400670814,0.7932067932067932,False,0.8743302152393062
within_region_cross_layer__clr_true__thickness_relative,l4,Pax6,0.7161057059764824,0.000999000999000999,True,0.01938061938061938
within_region_cross_layer__clr_true__thickness_relative,l4,Pvalb,-0.6102586910635875,0.001998001998001998,True,0.01938061938061938
within_region_cross_layer__clr_true__thickness_relative,l4,Sncg,0.1480557149060168,0.47052947052947053,False,0.7076862531407986
within_region_cross_layer__clr_true__thickness_relative,l4,Sst,-0.6070127816696124,0.001998001998001998,True,0.01938061938061938
within_region_cross_layer__clr_true__thickness_relative,l4,Vip,-0.33474023949353754,0.059940059940059943,False,0.26428117337208246
within_region_cross_layer__clr_true__thickness_relative,l5,Astro,-0.47343389060153385,0.05194805194805195,False,0.24456495885067311
within_region_cross_layer__clr_true__thickness_relative,l5,Chandelier,0.5539270334434743,0.012987012987012988,False,0.08998144712430428
within_region_cross_layer__clr_true__thickness_relative,l5,Endo,-0.10802871742647144,0.48151848151848153,False,0.7076862531407986
within_region_cross_layer__clr_true__thickness_relative,l5,L4 IT,0.5194480237744903,0.026973026973026972,False,0.16352397602397603
within_region_cross_layer__clr_true__thickness_relative,l5,L5 ET,0.6525276858229697,0.001998001998001998,True,0.01938061938061938
within_region_cross_layer__clr_true__thickness_relative,l5,L5 IT,-0.3168507529017145,0.2627372627372627,False,0.5201125405207038
within_region_cross_layer__clr_true__thickness_relative,l5,L5/6 NP,-0.12999707614815498,0.7102897102897103,False,0.8300976132301434
within_region_cross_layer__clr_true__thickness_relative,l5,L6 CT,0.11114558926670513,0.5824175824175825,False,0.7532600732600733
within_region_cross_layer__clr_true__thickness_relative,l5,L6 IT,-0.24935223441180437,0.22277722277722278,False,0.5201125405207038
within_region_cross_layer__clr_true__thickness_relative,l5,L6 IT Car3,-0.3496901940502143,0.2517482517482518,False,0.5201125405207038
within_region_cross_layer__clr_true__thickness_relative,l5,L6b,-0.30978184118480867,0.13486513486513488,False,0.3793064078778365
within_region_cross_layer__clr_true__thickness_relative,l5,Lamp5,-0.20410775788748983,0.5084915084915085,False,0.7087769373483659
within_region_cross_layer__clr_true__thickness_relative,l5,Lamp5_Lhx6,-0.13366769994230623,0.6383616383616384,False,0.7838111255832775
within_region_cross_layer__clr_true__thickness_relative,l5,Micro-PVM,-0.18085156006163672,0.4155844155844156,False,0.6798598227169655
within_region_cross_layer__clr_true__thickness_relative,l5,OPC,0.030435324284762803,0.9100899100899101,False,0.9465902518534098
within_region_cross_layer__clr_true__thickness_relative,l5,Oligo,-0.31989180630712316,0.3226773226773227,False,0.5641144569715999
within_region_cross_layer__clr_true__thickness_relative,l5,Pvalb,0.28619076845696934,0.1888111888111888,False,0.4696073157611619
within_region_cross_layer__clr_true__thickness_relative,l5,Sst,0.28928825656440443,0.23676323676323677,False,0.5201125405207038
within_region_cross_layer__clr_true__thickness_relative,l5,Vip,0.3388357569423147,0.3256743256743257,False,0.5641144569715999
within_region_cross_layer__clr_true__thickness_relative,l6,Astro,-0.26515027888339815,0.5064935064935064,False,0.7087769373483659
within_region_cross_layer__clr_true__thickness_relative,l6,Chandelier,0.8316568529939241,0.000999000999000999,True,0.01938061938061938
within_region_cross_layer__clr_true__thickness_relative,l6,Endo,0.13499845410804812,0.38161838161838163,False,0.6415653312205036
within_region_cross_layer__clr_true__thickness_relative,l6,L5 ET,-0.7913021709680177,0.000999000999000999,True,0.01938061938061938
within_region_cross_layer__clr_true__thickness_relative,l6,L5 IT,-0.4042905771081884,0.08291708291708291,False,0.30934450165219396
within_region_cross_layer__clr_true__thickness_relative,l6,L5/6 NP,0.3045371889693853,0.5304695304695305,False,0.7141625497789882
within_region_cross_layer__clr_true__thickness_relative,l6,L6 CT,-0.7425914048779252,0.00999000999000999,False,0.074540843771613
within_region_cross_layer__clr_true__thickness_relative,l6,L6 IT,-0.6252111844257341,0.1258741258741259,False,0.3793064078778365
within_region_cross_layer__clr_true__thickness_relative,l6,L6 IT Car3,-0.23836696705205368,0.14185814185814186,False,0.3822288822288822
within_region_cross_layer__clr_true__thickness_relative,l6,L6b,-0.4752529413612892,0.2807192807192807,False,0.5339170633288279
within_region_cross_layer__clr_true__thickness_relative,l6,Lamp5,0.12397180411275668,0.5944055944055944,False,0.7586492454913507
within_region_cross_layer__clr_true__thickness_relative,l6,Lamp5_Lhx6,0.7972170380735779,0.000999000999000999,True,0.01938061938061938
within_region_cross_layer__clr_true__thickness_relative,l6,Micro-PVM,-0.2987822069516915,0.5114885114885115,False,0.7087769373483659
within_region_cross_layer__clr_true__thickness_relative,l6,OPC,0.6974169531320017,0.000999000999000999,True,0.01938061938061938
within_region_cross_layer__clr_true__thickness_relative,l6,Oligo,0.25291173955361346,0.5314685314685315,False,0.7141625497789882
within_region_cross_layer__clr_true__thickness_relative,l6,Pvalb,0.34871919923097877,0.2757242757242757,False,0.5339170633288279
within_region_cross_layer__clr_true__thickness_relative,l6,Sst,0.4124088424990175,0.4275724275724276,False,0.6798598227169655
