branch,layer,ctype,r_obs,p_value,n_perm_used,p_adjusted,reject_H0
within_layer__clr_false__thickness_absolute,l1,Astro,0.09599795317762119,0.6006655574043261,600,0.7469815265156363,False
within_layer__clr_false__thickness_absolute,l1,Endo,0.1972635526253474,0.40099833610648916,600,0.670635148316025,False
within_layer__clr_false__thickness_absolute,l1,Lamp5,0.26379012840822375,0.40099833610648916,600,0.670635148316025,False
within_layer__clr_false__thickness_absolute,l1,Micro-PVM,0.5310684343178046,0.20133111480865223,600,0.46497900324855396,False
within_layer__clr_false__thickness_absolute,l1,OPC,0.28676330392681976,0.0016638935108153079,600,0.006207602713426341,True
within_layer__clr_false__thickness_absolute,l1,Pax6,0.15874122373084543,0.800332778702163,600,0.8258753141926576,False
within_layer__clr_false__thickness_absolute,l1,Sncg,0.3569530212317264,0.0016638935108153079,600,0.006207602713426341,True
within_layer__clr_false__thickness_absolute,l1,VLMC,-0.1411417888201071,0.40099833610648916,600,0.670635148316025,False
within_layer__clr_false__thickness_absolute,l2,Astro,0.36319932484027473,0.6006655574043261,600,0.7469815265156363,False
within_layer__clr_false__thickness_absolute,l2,Chandelier,0.09205971573629167,0.6006655574043261,600,0.7469815265156363,False
within_layer__clr_false__thickness_absolute,l2,Endo,0.13493364038577751,0.6006655574043261,600,0.7469815265156363,False
within_layer__clr_false__thickness_absolute,l2,L2/3 IT,-0.34811172489293835,0.40099833610648916,600,0.670635148316025,False
within_layer__clr_false__thickness_absolute,l2,Lamp5,0.5534719225738667,0.40099833610648916,600,0.670635148316025,False
within_layer__clr_false__thickness_absolute,l2,Lamp5_Lhx6,0.20977640994261554,0.6006655574043261,600,0.7469815265156363,False
within_layer__clr_false__thickness_absolute,l2,Micro-PVM,0.38641817636846276,0.6006655574043261,600,0.7469815265156363,False
within_layer__clr_false__thickness_absolute,l2,OPC,0.34785052698128444,0.6006655574043261,600,0.7469815265156363,False
within_layer__clr_false__thickness_absolute,l2,Pax6,0.6369452315364534,0.6006655574043261,600,0.7469815265156363,False
within_layer__clr_false__thickness_absolute,l2,Pvalb,-0.08351399019684089,0.6006655574043261,600,0.7469815265156363,False
within_layer__clr_false__thickness_absolute,l2,Sncg,0.6365101608583222,0.6006655574043261,600,0.7469815265156363,False
within_layer__clr_false__thickness_absolute,l2,Sst,0.19735992561645707,0.6006655574043261,600,0.7469815265156363,False
within_layer__clr_false__thickness_absolute,l2,Vip,0.4617449183198365,0.6006655574043261,600,0.7469815265156363,False
within_layer__clr_false__thickness_absolute,l3,Astro,0.36064723639264334,0.800332778702163,600,0.8258753141926576,False
within_layer__clr_false__thickness_absolute,l3,Chandelier,0.23657474622273544,0.800332778702163,600,0.8258753141926576,False
within_layer__clr_false__thickness_absolute,l3,Endo,0.25783102214823783,0.20133111480865223,600,0.46497900324855396,False
within_layer__clr_false__thickness_absolute,l3,L2/3 IT,0.12927890663156452,0.20133111480865223,600,0.46497900324855396,False
within_layer__clr_false__thickness_absolute,l3,L4 IT,-0.45297071131122985,1.0,600,1.0,False
within_layer__clr_false__thickness_absolute,l3,L5 ET,-0.07501284092911062,0.20133111480865223,600,0.46497900324855396,False
within_layer__clr_false__thickness_absolute,l3,L5 IT,-0.2043031975397684,0.800332778702163,600,0.8258753141926576,False
within_layer__clr_false__thickness_absolute,l3,L5/6 NP,-0.26156358143997754,0.20133111480865223,600,0.46497900324855396,False
within_layer__clr_false__thickness_absolute,l3,L6 CT,-0.3226473461090382,0.20133111480865223,600,0.46497900324855396,False
within_layer__clr_false__thickness_absolute,l3,L6 IT,-0.47826536538937814,0.800332778702163,600,0.8258753141926576,False
within_layer__clr_false__thickness_absolute,l3,L6 IT Car3,0.018505555187137965,0.20133111480865223,600,0.46497900324855396,False
within_layer__clr_false__thickness_absolute,l3,L6b,-0.13248029339094938,0.20133111480865223,600,0.46497900324855396,False
within_layer__clr_false__thickness_absolute,l3,Lamp5,0.4061726847692192,0.6006655574043261,600,0.7469815265156363,False
within_layer__clr_false__thickness_absolute,l3,Lamp5_Lhx6,-0.016591314513059775,0.40099833610648916,600,0.670635148316025,False
within_layer__clr_false__thickness_absolute,l3,Micro-PVM,0.38905247881680605,0.800332778702163,600,0.8258753141926576,False
within_layer__clr_false__thickness_absolute,l3,OPC,0.1948909516483221,0.800332778702163,600,0.8258753141926576,False
within_layer__clr_false__thickness_absolute,l3,Oligo,0.03549053622672394,0.6006655574043261,600,0.7469815265156363,False
within_layer__clr_false__thickness_absolute,l3,Pax6,0.3362290143027,0.800332778702163,600,0.8258753141926576,False
within_layer__clr_false__thickness_absolute,l3,Pvalb,0.1064894140190129,0.800332778702163,600,0.8258753141926576,False
within_layer__clr_false__thickness_absolute,l3,Sncg,0.38993273282685975,0.800332778702163,600,0.8258753141926576,False
within_layer__clr_false__thickness_absolute,l3,Sst,0.36635299594045023,0.20133111480865223,600,0.46497900324855396,False
within_layer__clr_false__thickness_absolute,l3,Vip,0.574720329510431,0.20133111480865223,600,0.46497900324855396,False
within_layer__clr_false__thickness_absolute,l4,Astro,0.27787436953175243,0.0016638935108153079,600,0.006207602713426341,True
within_layer__clr_false__thickness_absolute,l4,Chandelier,0.17237882535269022,0.40099833610648916,600,0.670635148316025,False
within_layer__clr_false__thickness_absolute,l4,Endo,0.03950284807031206,0.40099833610648916,600,0.670635148316025,False
within_layer__clr_false__thickness_absolute,l4,L2/3 IT,0.5319302911568367,0.0016638935108153079,600,0.006207602713426341,True
within_layer__clr_false__thickness_absolute,l4,L4 IT,0.44709976532481777,0.0016638935108153079,600,0.006207602713426341,True
within_layer__clr_false__thickness_absolute,l4,L5 ET,0.37316172185743557,0.0016638935108153079,600,0.006207602713426341,True
within_layer__clr_false__thickness_absolute,l4,L5 IT,0.2949457901086744,0.0016638935108153079,600,0.006207602713426341,True
within_layer__clr_false__thickness_absolute,l4,L5/6 NP,0.6306363498349936,0.0016638935108153079,600,0.006207602713426341,True
within_layer__clr_false__thickness_absolute,l4,Lamp5,0.5043572308187989,0.0016638935108153079,600,0.006207602713426341,True
within_layer__clr_false__thickness_absolute,l4,Lamp5_Lhx6,0.6070439497691339,0.0016638935108153079,600,0.006207602713426341,True
within_layer__clr_false__thickness_absolute,l4,Micro-PVM,-0.024569920263871458,1.0,600,1.0,False
within_layer__clr_false__thickness_absolute,l4,OPC,0.35378119353799725,0.0016638935108153079,600,0.006207602713426341,True
within_layer__clr_false__thickness_absolute,l4,Oligo,0.5734405574144518,0.0016638935108153079,600,0.006207602713426341,True
within_layer__clr_false__thickness_absolute,l4,Pax6,0.5107147329918623,0.0016638935108153079,600,0.006207602713426341,True
within_layer__clr_false__thickness_absolute,l4,Pvalb,0.4386897723432481,0.0016638935108153079,600,0.006207602713426341,True
within_layer__clr_false__thickness_absolute,l4,Sncg,0.23643807058013488,0.0016638935108153079,600,0.006207602713426341,True
within_layer__clr_false__thickness_absolute,l4,Sst,0.3197298354831252,0.0016638935108153079,600,0.006207602713426341,True
within_layer__clr_false__thickness_absolute,l4,Vip,0.3479587507225456,0.0016638935108153079,600,0.006207602713426341,True
within_layer__clr_false__thickness_absolute,l5,Astro,0.5270612997625029,0.20133111480865223,600,0.46497900324855396,False
within_layer__clr_false__thickness_absolute,l5,Chandelier,0.4915186678751989,0.40099833610648916,600,0.670635148316025,False
within_layer__clr_false__thickness_absolute,l5,Endo,0.19602442892468125,0.40099833610648916,600,0.670635148316025,False
within_layer__clr_false__thickness_absolute,l5,L4 IT,0.25350036701192985,0.40099833610648916,600,0.670635148316025,False
within_layer__clr_false__thickness_absolute,l5,L5 ET,0.42797832120268375,0.20133111480865223,600,0.46497900324855396,False
within_layer__clr_false__thickness_absolute,l5,L5 IT,-0.4298698254571957,0.800332778702163,600,0.8258753141926576,False
within_layer__clr_false__thickness_absolute,l5,L5/6 NP,-0.3040389259622562,0.6006655574043261,600,0.7469815265156363,False
within_layer__clr_false__thickness_absolute,l5,L6 CT,-0.07500071885754378,0.40099833610648916,600,0.670635148316025,False
within_layer__clr_false__thickness_absolute,l5,L6 IT,-0.35481897921052796,0.800332778702163,600,0.8258753141926576,False
within_layer__clr_false__thickness_absolute,l5,L6 IT Car3,0.10177811979813499,0.800332778702163,600,0.8258753141926576,False
within_layer__clr_false__thickness_absolute,l5,L6b,-0.2156496373480441,0.6006655574043261,600,0.7469815265156363,False
within_layer__clr_false__thickness_absolute,l5,Lamp5,0.1469387470100972,0.20133111480865223,600,0.46497900324855396,False
within_layer__clr_false__thickness_absolute,l5,Lamp5_Lhx6,-0.24881509244050035,0.6006655574043261,600,0.7469815265156363,False
within_layer__clr_false__thickness_absolute,l5,Micro-PVM,0.6642011295934673,0.20133111480865223,600,0.46497900324855396,False
within_layer__clr_false__thickness_absolute,l5,OPC,0.5634367765067635,0.40099833610648916,600,0.670635148316025,False
within_layer__clr_false__thickness_absolute,l5,Oligo,0.11619567542147731,0.20133111480865223,600,0.46497900324855396,False
within_layer__clr_false__thickness_absolute,l5,Pvalb,0.5955485418334692,0.40099833610648916,600,0.670635148316025,False
within_layer__clr_false__thickness_absolute,l5,Sst,0.2836699328775569,0.6006655574043261,600,0.7469815265156363,False
within_layer__clr_false__thickness_absolute,l5,Vip,0.5133732061993257,0.40099833610648916,600,0.670635148316025,False
within_layer__clr_false__thickness_absolute,l6,Astro,0.694145249291151,0.0016638935108153079,600,0.006207602713426341,True
within_layer__clr_false__thickness_absolute,l6,Chandelier,0.6538695040628564,0.0016638935108153079,600,0.006207602713426341,True
within_layer__clr_false__thickness_absolute,l6,Endo,0.4489726230508535,0.0016638935108153079,600,0.006207602713426341,True
within_layer__clr_false__thickness_absolute,l6,L5 ET,-0.4306001732250878,0.800332778702163,600,0.8258753141926576,False
within_layer__clr_false__thickness_absolute,l6,L5 IT,-0.794289996485027,1.0,600,1.0,False
within_layer__clr_false__thickness_absolute,l6,L5/6 NP,-0.4679607178237221,0.6006655574043261,600,0.7469815265156363,False
within_layer__clr_false__thickness_absolute,l6,L6 CT,-0.6331523735205611,0.800332778702163,600,0.8258753141926576,False
within_layer__clr_false__thickness_absolute,l6,L6 IT,-0.2884861761833012,0.800332778702163,600,0.8258753141926576,False
within_layer__clr_false__thickness_absolute,l6,L6 IT Car3,0.0011801223603240942,0.40099833610648916,600,0.670635148316025,False
within_layer__clr_false__thickness_absolute,l6,L6b,-0.23196696589844665,0.6006655574043261,600,0.7469815265156363,False
within_layer__clr_false__thickness_absolute,l6,Lamp5,0.6080880559818458,0.0016638935108153079,600,0.006207602713426341,True
within_layer__clr_false__thickness_absolute,l6,Lamp5_Lhx6,0.5893006221634153,0.0016638935108153079,600,0.006207602713426341,True
within_layer__clr_false__thickness_absolute,l6,Micro-PVM,0.7881092947121925,0.0016638935108153079,600,0.006207602713426341,True
within_layer__clr_false__thickness_absolute,l6,OPC,0.6827123149073883,0.0016638935108153079,600,0.006207602713426341,True
within_layer__clr_false__thickness_absolute,l6,Oligo,0.6015298371057344,0.0016638935108153079,600,0.006207602713426341,True
within_layer__clr_false__thickness_absolute,l6,Pvalb,0.40050001139108443,0.0016638935108153079,600,0.006207602713426341,True
within_layer__clr_false__thickness_absolute,l6,Sst,0.26032940634629104,0.20133111480865223,600,0.46497900324855396,False
within_layer__clr_false__thickness_relative,l1,Astro,-0.042369563927088606,0.800332778702163,600,0.8438291253707588,False
within_layer__clr_false__thickness_relative,l1,Endo,-0.03226696996332104,0.6006655574043261,600,0.7666389351081531,False
within_layer__clr_false__thickness_relative,l1,Lamp5,0.18897184002105413,0.40099833610648916,600,0.6482806433721574,False
within_layer__clr_false__thickness_relative,l1,Micro-PVM,0.026264700466373705,0.6006655574043261,600,0.7666389351081531,False
within_layer__clr_false__thickness_relative,l1,OPC,0.14156791220792703,0.40099833610648916,600,0.6482806433721574,False
within_layer__clr_false__thickness_relative,l1,Pax6,-0.0807123416140182,0.800332778702163,600,0.8438291253707588,False
within_layer__clr_false__thickness_relative,l1,Sncg,0.5123154804499209,0.0016638935108153079,600,0.007685603359480231,True
within_layer__clr_false__thickness_relative,l1,VLMC,0.0230354518752154,0.40099833610648916,600,0.6482806433721574,False
within_layer__clr_false__thickness_relative,l2,Astro,0.010449490741332312,0.6006655574043261,600,0.7666389351081531,False
within_layer__clr_false__thickness_relative,l2,Chandelier,-0.15693548897669207,0.6006655574043261,600,0.7666389351081531,False
within_layer__clr_false__thickness_relative,l2,Endo,-0.07949893235363012,0.6006655574043261,600,0.7666389351081531,False
within_layer__clr_false__thickness_relative,l2,L2/3 IT,-0.10908324813266781,0.40099833610648916,600,0.6482806433721574,False
within_layer__clr_false__thickness_relative,l2,Lamp5,0.17637602443890274,0.40099833610648916,600,0.6482806433721574,False
within_layer__clr_false__thickness_relative,l2,Lamp5_Lhx6,0.07570088434824551,0.6006655574043261,600,0.7666389351081531,False
within_layer__clr_false__thickness_relative,l2,Micro-PVM,-0.008563552407484566,0.6006655574043261,600,0.7666389351081531,False
within_layer__clr_false__thickness_relative,l2,OPC,0.05184955277299201,0.6006655574043261,600,0.7666389351081531,False
within_layer__clr_false__thickness_relative,l2,Pax6,0.25045889961015966,0.40099833610648916,600,0.6482806433721574,False
within_layer__clr_false__thickness_relative,l2,Pvalb,-0.10048246974505466,0.6006655574043261,600,0.7666389351081531,False
within_layer__clr_false__thickness_relative,l2,Sncg,0.2866736393783881,0.40099833610648916,600,0.6482806433721574,False
within_layer__clr_false__thickness_relative,l2,Sst,0.09023312230737938,0.6006655574043261,600,0.7666389351081531,False
within_layer__clr_false__thickness_relative,l2,Vip,0.1814777755064852,0.40099833610648916,600,0.6482806433721574,False
within_layer__clr_false__thickness_relative,l3,Astro,-0.18972088763895975,0.800332778702163,600,0.8438291253707588,False
within_layer__clr_false__thickness_relative,l3,Chandelier,-0.21064195157171406,0.800332778702163,600,0.8438291253707588,False
within_layer__clr_false__thickness_relative,l3,Endo,0.14927424580460974,0.20133111480865223,600,0.44384359400998336,False
within_layer__clr_false__thickness_relative,l3,L2/3 IT,0.33610629835674904,0.20133111480865223,600,0.44384359400998336,False
within_layer__clr_false__thickness_relative,l3,L4 IT,-0.5508742794116801,1.0,600,1.0,False
within_layer__clr_false__thickness_relative,l3,L5 ET,0.08307552171027748,0.0016638935108153079,600,0.007685603359480231,True
within_layer__clr_false__thickness_relative,l3,L5 IT,-0.1011930595512057,0.800332778702163,600,0.8438291253707588,False
within_layer__clr_false__thickness_relative,l3,L5/6 NP,0.17882366833192312,0.20133111480865223,600,0.44384359400998336,False
within_layer__clr_false__thickness_relative,l3,L6 CT,0.16897314641430922,0.20133111480865223,600,0.44384359400998336,False
within_layer__clr_false__thickness_relative,l3,L6 IT,-0.12077337159609394,0.40099833610648916,600,0.6482806433721574,False
within_layer__clr_false__thickness_relative,l3,L6 IT Car3,0.27134802964593446,0.0016638935108153079,600,0.007685603359480231,True
within_layer__clr_false__thickness_relative,l3,L6b,0.29959253313394435,0.0016638935108153079,600,0.007685603359480231,True
within_layer__clr_false__thickness_relative,l3,Lamp5,0.10061606901054765,0.6006655574043261,600,0.7666389351081531,False
within_layer__clr_false__thickness_relative,l3,Lamp5_Lhx6,0.2548326012936139,0.20133111480865223,600,0.44384359400998336,False
within_layer__clr_false__thickness_relative,l3,Micro-PVM,-0.12563161790831373,0.800332778702163,600,0.8438291253707588,False
within_layer__clr_false__thickness_relative,l3,OPC,-0.23420985358549765,0.800332778702163,600,0.8438291253707588,False
within_layer__clr_false__thickness_relative,l3,Oligo,-0.001217777412732691,0.6006655574043261,600,0.7666389351081531,False
within_layer__clr_false__thickness_relative,l3,Pax6,-0.06693590627867912,0.800332778702163,600,0.8438291253707588,False
within_layer__clr_false__thickness_relative,l3,Pvalb,-0.2000926242929062,0.800332778702163,600,0.8438291253707588,False
within_layer__clr_false__thickness_relative,l3,Sncg,0.1509628021002008,0.800332778702163,600,0.8438291253707588,False
within_layer__clr_false__thickness_relative,l3,Sst,0.384828503203568,0.20133111480865223,600,0.44384359400998336,False
within_layer__clr_false__thickness_relative,l3,Vip,0.39708428863994905,0.20133111480865223,600,0.44384359400998336,False
within_layer__clr_false__thickness_relative,l4,Astro,0.17612060724106668,0.20133111480865223,600,0.44384359400998336,False
within_layer__clr_false__thickness_relative,l4,Chandelier,0.008726285978327253,0.40099833610648916,600,0.6482806433721574,False
within_layer__clr_false__thickness_relative,l4,Endo,-0.03717407502834491,0.40099833610648916,600,0.6482806433721574,False
within_layer__clr_false__thickness_relative,l4,L2/3 IT,0.5001501512093417,0.0016638935108153079,600,0.007685603359480231,True
within_layer__clr_false__thickness_relative,l4,L4 IT,0.3576958510263252,0.20133111480865223,600,0.44384359400998336,False
within_layer__clr_false__thickness_relative,l4,L5 ET,0.33431405393248365,0.0016638935108153079,600,0.007685603359480231,True
within_layer__clr_false__thickness_relative,l4,L5 IT,0.23271962644800262,0.20133111480865223,600,0.44384359400998336,False
within_layer__clr_false__thickness_relative,l4,L5/6 NP,0.6487216495527641,0.0016638935108153079,600,0.007685603359480231,True
within_layer__clr_false__thickness_relative,l4,Lamp5,0.4670563846322956,0.0016638935108153079,600,0.007685603359480231,True
within_layer__clr_false__thickness_relative,l4,Lamp5_Lhx6,0.6170436703879112,0.0016638935108153079,600,0.007685603359480231,True
within_layer__clr_false__thickness_relative,l4,Micro-PVM,-0.15594017149654912,0.800332778702163,600,0.8438291253707588,False
within_layer__clr_false__thickness_relative,l4,OPC,0.31262778920538453,0.0016638935108153079,600,0.007685603359480231,True
within_layer__clr_false__thickness_relative,l4,Oligo,0.5117795740298662,0.0016638935108153079,600,0.007685603359480231,True
within_layer__clr_false__thickness_relative,l4,Pax6,0.49501369920322974,0.0016638935108153079,600,0.007685603359480231,True
within_layer__clr_false__thickness_relative,l4,Pvalb,0.3444904942751055,0.20133111480865223,600,0.44384359400998336,False
within_layer__clr_false__thickness_relative,l4,Sncg,0.18221761626718336,0.20133111480865223,600,0.44384359400998336,False
within_layer__clr_false__thickness_relative,l4,Sst,0.2289134955731657,0.20133111480865223,600,0.44384359400998336,False
within_layer__clr_false__thickness_relative,l4,Vip,0.2722876662804684,0.20133111480865223,600,0.44384359400998336,False
within_layer__clr_false__thickness_relative,l5,Astro,0.28132298214514523,0.20133111480865223,600,0.44384359400998336,False
within_layer__clr_false__thickness_relative,l5,Chandelier,0.4809611884298379,0.20133111480865223,600,0.44384359400998336,False
within_layer__clr_false__thickness_relative,l5,Endo,0.002187902208266278,0.40099833610648916,600,0.6482806433721574,False
within_layer__clr_false__thickness_relative,l5,L4 IT,0.21579932826707243,0.40099833610648916,600,0.6482806433721574,False
within_layer__clr_false__thickness_relative,l5,L5 ET,0.4298034970874,0.20133111480865223,600,0.44384359400998336,False
within_layer__clr_false__thickness_relative,l5,L5 IT,-0.31810785092325355,0.800332778702163,600,0.8438291253707588,False
within_layer__clr_false__thickness_relative,l5,L5/6 NP,-0.23607955884471465,0.800332778702163,600,0.8438291253707588,False
within_layer__clr_false__thickness_relative,l5,L6 CT,0.1796118931829792,0.40099833610648916,600,0.6482806433721574,False
within_layer__clr_false__thickness_relative,l5,L6 IT,-0.15856144922789586,0.800332778702163,600,0.8438291253707588,False
within_layer__clr_false__thickness_relative,l5,L6 IT Car3,-0.21710410812755204,1.0,600,1.0,False
within_layer__clr_false__thickness_relative,l5,L6b,-0.0851897320327428,0.40099833610648916,600,0.6482806433721574,False
within_layer__clr_false__thickness_relative,l5,Lamp5,0.23936948918318612,0.20133111480865223,600,0.44384359400998336,False
within_layer__clr_false__thickness_relative,l5,Lamp5_Lhx6,-0.060224539506336064,0.6006655574043261,600,0.7666389351081531,False
within_layer__clr_false__thickness_relative,l5,Micro-PVM,0.3426163096693439,0.20133111480865223,600,0.44384359400998336,False
within_layer__clr_false__thickness_relative,l5,OPC,0.45202959990481495,0.20133111480865223,600,0.44384359400998336,False
within_layer__clr_false__thickness_relative,l5,Oligo,0.04439751757632981,0.6006655574043261,600,0.7666389351081531,False
within_layer__clr_false__thickness_relative,l5,Pvalb,0.2575696834834973,0.20133111480865223,600,0.44384359400998336,False
within_layer__clr_false__thickness_relative,l5,Sst,0.14771997661279074,0.6006655574043261,600,0.7666389351081531,False
within_layer__clr_false__thickness_relative,l5,Vip,0.42445443991311027,0.20133111480865223,600,0.44384359400998336,False
within_layer__clr_false__thickness_relative,l6,Astro,0.6961507506855696,0.0016638935108153079,600,0.007685603359480231,True
within_layer__clr_false__thickness_relative,l6,Chandelier,0.7737150703869827,0.0016638935108153079,600,0.007685603359480231,True
within_layer__clr_false__thickness_relative,l6,Endo,0.44026031852224956,0.0016638935108153079,600,0.007685603359480231,True
within_layer__clr_false__thickness_relative,l6,L5 ET,-0.35702598937521396,1.0,600,1.0,False
within_layer__clr_false__thickness_relative,l6,L5 IT,-0.7280857193051432,1.0,600,1.0,False
within_layer__clr_false__thickness_relative,l6,L5/6 NP,-0.15638612875043267,0.6006655574043261,600,0.7666389351081531,False
within_layer__clr_false__thickness_relative,l6,L6 CT,-0.608511369983206,0.800332778702163,600,0.8438291253707588,False
within_layer__clr_false__thickness_relative,l6,L6 IT,-0.553652042996571,1.0,600,1.0,False
within_layer__clr_false__thickness_relative,l6,L6 IT Car3,0.07454925967188035,0.40099833610648916,600,0.6482806433721574,False
within_layer__clr_false__thickness_relative,l6,L6b,-0.08768007276918065,0.800332778702163,600,0.8438291253707588,False
within_layer__clr_false__thickness_relative,l6,Lamp5,0.6290853402152958,0.0016638935108153079,600,0.007685603359480231,True
within_layer__clr_false__thickness_relative,l6,Lamp5_Lhx6,0.645039841429572,0.0016638935108153079,600,0.007685603359480231,True
within_layer__clr_false__thickness_relative,l6,Micro-PVM,0.7240542935458649,0.0016638935108153079,600,0.007685603359480231,True
within_layer__clr_false__thickness_relative,l6,OPC,0.7669530515228389,0.0016638935108153079,600,0.007685603359480231,True
within_layer__clr_false__thickness_relative,l6,Oligo,0.47158209527198275,0.0016638935108153079,600,0.007685603359480231,True
within_layer__clr_false__thickness_relative,l6,Pvalb,0.4632358826625424,0.0016638935108153079,600,0.007685603359480231,True
within_layer__clr_false__thickness_relative,l6,Sst,0.3925673519319462,0.20133111480865223,600,0.44384359400998336,False
within_layer__clr_true__thickness_absolute,l1,Astro,-0.4613513993887188,1.0,600,1.0,False
within_layer__clr_true__thickness_absolute,l1,Endo,0.18226279775141044,0.20133111480865223,600,0.5579748038982648,False
within_layer__clr_true__thickness_absolute,l1,Lamp5,-0.17731744335965932,0.800332778702163,600,0.9826870827102508,False
within_layer__clr_true__thickness_absolute,l1,Micro-PVM,0.5061504155192811,0.20133111480865223,600,0.5579748038982648,False
within_layer__clr_true__thickness_absolute,l1,OPC,-0.3468949792056083,0.800332778702163,600,0.9826870827102508,False
within_layer__clr_true__thickness_absolute,l1,Pax6,-0.34606677645503586,1.0,600,1.0,False
within_layer__clr_true__thickness_absolute,l1,Sncg,0.2773821125749454,0.0016638935108153079,600,0.010087354409317803,True
within_layer__clr_true__thickness_absolute,l1,VLMC,-0.3633792384596383,0.6006655574043261,600,0.9826870827102508,False
within_layer__clr_true__thickness_absolute,l2,Astro,-0.05471750275412014,0.6006655574043261,600,0.9826870827102508,False
within_layer__clr_true__thickness_absolute,l2,Chandelier,0.06628782622526971,0.6006655574043261,600,0.9826870827102508,False
within_layer__clr_true__thickness_absolute,l2,Endo,-0.0018172287314671264,0.800332778702163,600,0.9826870827102508,False
within_layer__clr_true__thickness_absolute,l2,L2/3 IT,-0.4038080649262989,0.40099833610648916,600,0.8103508042151968,False
within_layer__clr_true__thickness_absolute,l2,Lamp5,-0.08753975874350058,0.40099833610648916,600,0.8103508042151968,False
within_layer__clr_true__thickness_absolute,l2,Lamp5_Lhx6,-0.309838307113569,0.20133111480865223,600,0.5579748038982648,False
within_layer__clr_true__thickness_absolute,l2,Micro-PVM,0.4756523345542392,0.6006655574043261,600,0.9826870827102508,False
within_layer__clr_true__thickness_absolute,l2,OPC,0.028619089837103102,0.20133111480865223,600,0.5579748038982648,False
within_layer__clr_true__thickness_absolute,l2,Pax6,0.6584909521871629,0.0016638935108153079,600,0.010087354409317803,True
within_layer__clr_true__thickness_absolute,l2,Pvalb,-0.4385247105432439,0.40099833610648916,600,0.8103508042151968,False
within_layer__clr_true__thickness_absolute,l2,Sncg,0.555288604126588,0.0016638935108153079,600,0.010087354409317803,True
within_layer__clr_true__thickness_absolute,l2,Sst,-0.366986264637424,0.40099833610648916,600,0.8103508042151968,False
within_layer__clr_true__thickness_absolute,l2,Vip,-0.07433792271513352,0.40099833610648916,600,0.8103508042151968,False
within_layer__clr_true__thickness_absolute,l3,Astro,0.2905529341472497,0.800332778702163,600,0.9826870827102508,False
within_layer__clr_true__thickness_absolute,l3,Chandelier,0.2630877342843294,0.800332778702163,600,0.9826870827102508,False
within_layer__clr_true__thickness_absolute,l3,Endo,0.18553701632362637,0.6006655574043261,600,0.9826870827102508,False
within_layer__clr_true__thickness_absolute,l3,L2/3 IT,-0.21616598857952635,0.20133111480865223,600,0.5579748038982648,False
within_layer__clr_true__thickness_absolute,l3,L4 IT,-0.519865343452803,0.800332778702163,600,0.9826870827102508,False
within_layer__clr_true__thickness_absolute,l3,L5 ET,-0.2502338956782906,0.20133111480865223,600,0.5579748038982648,False
within_layer__clr_true__thickness_absolute,l3,L5 IT,-0.48908556029619826,0.40099833610648916,600,0.8103508042151968,False
within_layer__clr_true__thickness_absolute,l3,L5/6 NP,-0.33469722885209946,0.20133111480865223,600,0.5579748038982648,False
within_layer__clr_true__thickness_absolute,l3,L6 CT,-0.3593466390296314,0.20133111480865223,600,0.5579748038982648,False
within_layer__clr_true__thickness_absolute,l3,L6 IT,-0.5857183381563033,0.20133111480865223,600,0.5579748038982648,False
within_layer__clr_true__thickness_absolute,l3,L6 IT Car3,-0.21567402088363882,0.20133111480865223,600,0.5579748038982648,False
within_layer__clr_true__thickness_absolute,l3,L6b,-0.2637088065510828,0.20133111480865223,600,0.5579748038982648,False
within_layer__clr_true__thickness_absolute,l3,Lamp5,0.07403667747562763,0.40099833610648916,600,0.8103508042151968,False
within_layer__clr_true__thickness_absolute,l3,Lamp5_Lhx6,-0.266227855456036,0.20133111480865223,600,0.5579748038982648,False
within_layer__clr_true__thickness_absolute,l3,Micro-PVM,0.424805494038473,0.800332778702163,600,0.9826870827102508,False
within_layer__clr_true__thickness_absolute,l3,OPC,0.058493726514235934,0.800332778702163,600,0.9826870827102508,False
within_layer__clr_true__thickness_absolute,l3,Oligo,-0.09626193139787666,0.20133111480865223,600,0.5579748038982648,False
within_layer__clr_true__thickness_absolute,l3,Pax6,0.41892509110334863,0.800332778702163,600,0.9826870827102508,False
within_layer__clr_true__thickness_absolute,l3,Pvalb,-0.4454042547665038,1.0,600,1.0,False
within_layer__clr_true__thickness_absolute,l3,Sncg,0.28983166425901713,0.40099833610648916,600,0.8103508042151968,False
within_layer__clr_true__thickness_absolute,l3,Sst,-0.10531706202434452,0.20133111480865223,600,0.5579748038982648,False
within_layer__clr_true__thickness_absolute,l3,Vip,0.3589705801298421,0.0016638935108153079,600,0.010087354409317803,True
within_layer__clr_true__thickness_absolute,l4,Astro,-0.35972137337940796,1.0,600,1.0,False
within_layer__clr_true__thickness_absolute,l4,Chandelier,-0.20437289672736103,1.0,600,1.0,False
within_layer__clr_true__thickness_absolute,l4,Endo,0.021031067271509506,1.0,600,1.0,False
within_layer__clr_true__thickness_absolute,l4,L2/3 IT,0.3660537183695791,0.0016638935108153079,600,0.010087354409317803,True
within_layer__clr_true__thickness_absolute,l4,L4 IT,0.43061316717763726,0.0016638935108153079,600,0.010087354409317803,True
within_layer__clr_true__thickness_absolute,l4,L5 ET,-0.1332256461779779,0.800332778702163,600,0.9826870827102508,False
within_layer__clr_true__thickness_absolute,l4,L5 IT,-0.26574322447644166,1.0,600,1.0,False
within_layer__clr_true__thickness_absolute,l4,L5/6 NP,0.4859544958181216,0.0016638935108153079,600,0.010087354409317803,True
within_layer__clr_true__thickness_absolute,l4,Lamp5,0.20695045014949903,0.0016638935108153079,600,0.010087354409317803,True
within_layer__clr_true__thickness_absolute,l4,Lamp5_Lhx6,0.43136711564499497,0.0016638935108153079,600,0.010087354409317803,True
within_layer__clr_true__thickness_absolute,l4,Micro-PVM,-0.4863894200248913,1.0,600,1.0,False
within_layer__clr_true__thickness_absolute,l4,OPC,-0.20645825340112564,0.800332778702163,600,0.9826870827102508,False
within_layer__clr_true__thickness_absolute,l4,Oligo,0.4866334032013974,0.0016638935108153079,600,0.010087354409317803,True
within_layer__clr_true__thickness_absolute,l4,Pax6,0.2430677383192617,0.0016638935108153079,600,0.010087354409317803,True
within_layer__clr_true__thickness_absolute,l4,Pvalb,0.2795371469882206,0.0016638935108153079,600,0.010087354409317803,True
within_layer__clr_true__thickness_absolute,l4,Sncg,-0.3655433115142844,1.0,600,1.0,False
within_layer__clr_true__thickness_absolute,l4,Sst,-0.2453254267551983,1.0,600,1.0,False
within_layer__clr_true__thickness_absolute,l4,Vip,-0.031815041758343175,0.40099833610648916,600,0.8103508042151968,False
within_layer__clr_true__thickness_absolute,l5,Astro,0.07140033373817915,0.6006655574043261,600,0.9826870827102508,False
within_layer__clr_true__thickness_absolute,l5,Chandelier,0.5714247846781706,0.20133111480865223,600,0.5579748038982648,False
within_layer__clr_true__thickness_absolute,l5,Endo,0.2897587693705934,0.40099833610648916,600,0.8103508042151968,False
within_layer__clr_true__thickness_absolute,l5,L4 IT,-0.29211140943836317,0.800332778702163,600,0.9826870827102508,False
within_layer__clr_true__thickness_absolute,l5,L5 ET,0.4082448213183592,0.20133111480865223,600,0.5579748038982648,False
within_layer__clr_true__thickness_absolute,l5,L5 IT,-0.5585299048953104,0.800332778702163,600,0.9826870827102508,False
within_layer__clr_true__thickness_absolute,l5,L5/6 NP,-0.462512991794279,0.6006655574043261,600,0.9826870827102508,False
within_layer__clr_true__thickness_absolute,l5,L6 CT,-0.5904507585505435,0.40099833610648916,600,0.8103508042151968,False
within_layer__clr_true__thickness_absolute,l5,L6 IT,-0.6806000573375169,0.800332778702163,600,0.9826870827102508,False
within_layer__clr_true__thickness_absolute,l5,L6 IT Car3,-0.1976727363770791,0.800332778702163,600,0.9826870827102508,False
within_layer__clr_true__thickness_absolute,l5,L6b,-0.5375165275250603,0.800332778702163,600,0.9826870827102508,False
within_layer__clr_true__thickness_absolute,l5,Lamp5,-0.31808000534068265,0.20133111480865223,600,0.5579748038982648,False
within_layer__clr_true__thickness_absolute,l5,Lamp5_Lhx6,-0.5860721113690422,0.6006655574043261,600,0.9826870827102508,False
within_layer__clr_true__thickness_absolute,l5,Micro-PVM,0.7287406337795225,0.20133111480865223,600,0.5579748038982648,False
within_layer__clr_true__thickness_absolute,l5,OPC,0.4988826558777079,0.20133111480865223,600,0.5579748038982648,False
within_layer__clr_true__thickness_absolute,l5,Oligo,-0.1471510120181289,0.6006655574043261,600,0.9826870827102508,False
within_layer__clr_true__thickness_absolute,l5,Pvalb,-0.2814523716652187,0.6006655574043261,600,0.9826870827102508,False
within_layer__clr_true__thickness_absolute,l5,Sst,-0.4643486117457056,0.800332778702163,600,0.9826870827102508,False
within_layer__clr_true__thickness_absolute,l5,Vip,0.009186850710116332,0.40099833610648916,600,0.8103508042151968,False
within_layer__clr_true__thickness_absolute,l6,Astro,0.0908127614375785,0.40099833610648916,600,0.8103508042151968,False
within_layer__clr_true__thickness_absolute,l6,Chandelier,0.7277217019286317,0.0016638935108153079,600,0.010087354409317803,True
within_layer__clr_true__thickness_absolute,l6,Endo,0.549229933329427,0.0016638935108153079,600,0.010087354409317803,True
within_layer__clr_true__thickness_absolute,l6,L5 ET,-0.6393089980210165,1.0,600,1.0,False
within_layer__clr_true__thickness_absolute,l6,L5 IT,-0.8111789571923133,1.0,600,1.0,False
within_layer__clr_true__thickness_absolute,l6,L5/6 NP,-0.731823627333403,1.0,600,1.0,False
within_layer__clr_true__thickness_absolute,l6,L6 CT,-0.7896871163732799,1.0,600,1.0,False
within_layer__clr_true__thickness_absolute,l6,L6 IT,-0.6174737023882269,1.0,600,1.0,False
within_layer__clr_true__thickness_absolute,l6,L6 IT Car3,-0.4445019821889853,1.0,600,1.0,False
within_layer__clr_true__thickness_absolute,l6,L6b,-0.7419219202014609,1.0,600,1.0,False
within_layer__clr_true__thickness_absolute,l6,Lamp5,0.0037784303943154203,0.6006655574043261,600,0.9826870827102508,False
within_layer__clr_true__thickness_absolute,l6,Lamp5_Lhx6,-0.05610932649881557,0.800332778702163,600,0.9826870827102508,False
within_layer__clr_true__thickness_absolute,l6,Micro-PVM,0.8146053051183644,0.0016638935108153079,600,0.010087354409317803,True
within_layer__clr_true__thickness_absolute,l6,OPC,0.657932772683745,0.0016638935108153079,600,0.010087354409317803,True
within_layer__clr_true__thickness_absolute,l6,Oligo,0.03761823309000358,0.800332778702163,600,0.9826870827102508,False
within_layer__clr_true__thickness_absolute,l6,Pvalb,-0.6820430196526197,0.800332778702163,600,0.9826870827102508,False
within_layer__clr_true__thickness_absolute,l6,Sst,-0.6732294431746632,1.0,600,1.0,False
within_layer__clr_true__thickness_relative,l1,Astro,-0.249407215063676,0.6006655574043261,600,0.9551567060363875,False
within_layer__clr_true__thickness_relative,l1,Endo,0.04796759209969305,0.20133111480865223,600,0.5917914586799777,False
within_layer__clr_true__thickness_relative,l1,Lamp5,-0.03340000882063975,0.800332778702163,600,0.9584232041248124,False
within_layer__clr_true__thickness_relative,l1,Micro-PVM,-0.02210072211523427,0.6006655574043261,600,0.9551567060363875,False
within_layer__clr_true__thickness_relative,l1,OPC,-0.1656955129166203,0.6006655574043261,600,0.9551567060363875,False
within_layer__clr_true__thickness_relative,l1,Pax6,-0.3193650752562584,1.0,600,1.0,False
within_layer__clr_true__thickness_relative,l1,Sncg,0.4149829162353019,0.40099833610648916,600,0.8275923106878607,False
within_layer__clr_true__thickness_relative,l1,VLMC,-0.1346273984795634,0.6006655574043261,600,0.9551567060363875,False
within_layer__clr_true__thickness_relative,l2,Astro,0.034518095965015684,0.6006655574043261,600,0.9551567060363875,False
within_layer__clr_true__thickness_relative,l2,Chandelier,-0.16378698525498855,0.6006655574043261,600,0.9551567060363875,False
within_layer__clr_true__thickness_relative,l2,Endo,-0.19278531139006305,0.800332778702163,600,0.9584232041248124,False
within_layer__clr_true__thickness_relative,l2,L2/3 IT,-0.04563800120345189,0.40099833610648916,600,0.8275923106878607,False
within_layer__clr_true__thickness_relative,l2,Lamp5,0.1384692085845596,0.40099833610648916,600,0.8275923106878607,False
within_layer__clr_true__thickness_relative,l2,Lamp5_Lhx6,0.0380590708843532,0.40099833610648916,600,0.8275923106878607,False
within_layer__clr_true__thickness_relative,l2,Micro-PVM,0.042597353759681,0.6006655574043261,600,0.9551567060363875,False
within_layer__clr_true__thickness_relative,l2,OPC,0.10705980110009436,0.20133111480865223,600,0.5917914586799777,False
within_layer__clr_true__thickness_relative,l2,Pax6,0.5480356842235126,0.0016638935108153079,600,0.012415205426852682,True
within_layer__clr_true__thickness_relative,l2,Pvalb,-0.07788715881437408,0.6006655574043261,600,0.9551567060363875,False
within_layer__clr_true__thickness_relative,l2,Sncg,0.5573842741399945,0.0016638935108153079,600,0.012415205426852682,True
within_layer__clr_true__thickness_relative,l2,Sst,-0.0032182407301138863,0.40099833610648916,600,0.8275923106878607,False
within_layer__clr_true__thickness_relative,l2,Vip,0.232382215810869,0.40099833610648916,600,0.8275923106878607,False
within_layer__clr_true__thickness_relative,l3,Astro,-0.2306551681975282,0.800332778702163,600,0.9584232041248124,False
within_layer__clr_true__thickness_relative,l3,Chandelier,-0.2071602314852768,0.800332778702163,600,0.9584232041248124,False
within_layer__clr_true__thickness_relative,l3,Endo,-0.09189652883008859,0.6006655574043261,600,0.9551567060363875,False
within_layer__clr_true__thickness_relative,l3,L2/3 IT,0.1537131074424335,0.20133111480865223,600,0.5917914586799777,False
within_layer__clr_true__thickness_relative,l3,L4 IT,-0.28352192574708157,0.800332778702163,600,0.9584232041248124,False
within_layer__clr_true__thickness_relative,l3,L5 ET,0.10891513196672269,0.20133111480865223,600,0.5917914586799777,False
within_layer__clr_true__thickness_relative,l3,L5 IT,-0.07372078068489112,0.40099833610648916,600,0.8275923106878607,False
within_layer__clr_true__thickness_relative,l3,L5/6 NP,0.1510454994363117,0.20133111480865223,600,0.5917914586799777,False
within_layer__clr_true__thickness_relative,l3,L6 CT,0.1289748354722376,0.20133111480865223,600,0.5917914586799777,False
within_layer__clr_true__thickness_relative,l3,L6 IT,-0.07609551621216047,0.40099833610648916,600,0.8275923106878607,False
within_layer__clr_true__thickness_relative,l3,L6 IT Car3,0.19215319731650446,0.20133111480865223,600,0.5917914586799777,False
within_layer__clr_true__thickness_relative,l3,L6b,0.24919465776572775,0.20133111480865223,600,0.5917914586799777,False
within_layer__clr_true__thickness_relative,l3,Lamp5,0.22122048793569563,0.20133111480865223,600,0.5917914586799777,False
within_layer__clr_true__thickness_relative,l3,Lamp5_Lhx6,0.18201125690614395,0.20133111480865223,600,0.5917914586799777,False
within_layer__clr_true__thickness_relative,l3,Micro-PVM,-0.12700914828801385,0.800332778702163,600,0.9584232041248124,False
within_layer__clr_true__thickness_relative,l3,OPC,-0.33915519716241593,0.800332778702163,600,0.9584232041248124,False
within_layer__clr_true__thickness_relative,l3,Oligo,0.006548972362558354,0.20133111480865223,600,0.5917914586799777,False
within_layer__clr_true__thickness_relative,l3,Pax6,-0.0165956475259843,0.800332778702163,600,0.9584232041248124,False
within_layer__clr_true__thickness_relative,l3,Pvalb,-0.25923336407489944,0.800332778702163,600,0.9584232041248124,False
within_layer__clr_true__thickness_relative,l3,Sncg,0.22598829186861408,0.20133111480865223,600,0.5917914586799777,False
within_layer__clr_true__thickness_relative,l3,Sst,0.2546679535094926,0.20133111480865223,600,0.5917914586799777,False
within_layer__clr_true__thickness_relative,l3,Vip,0.4429753319926435,0.0016638935108153079,600,0.012415205426852682,True
within_layer__clr_true__thickness_relative,l4,Astro,-0.3923443070435686,1.0,600,1.0,False
within_layer__clr_true__thickness_relative,l4,Chandelier,-0.4024295373304011,1.0,600,1.0,False
within_layer__clr_true__thickness_relative,l4,Endo,-0.017417465918933863,0.40099833610648916,600,0.8275923106878607,False
within_layer__clr_true__thickness_relative,l4,L2/3 IT,0.48007141551568033,0.0016638935108153079,600,0.012415205426852682,True
within_layer__clr_true__thickness_relative,l4,L4 IT,0.3692002826058859,0.20133111480865223,600,0.5917914586799777,False
within_layer__clr_true__thickness_relative,l4,L5 ET,-0.07950833955528566,0.800332778702163,600,0.9584232041248124,False
within_layer__clr_true__thickness_relative,l4,L5 IT,-0.19338889196439185,1.0,600,1.0,False
within_layer__clr_true__thickness_relative,l4,L5/6 NP,0.5954776050591774,0.0016638935108153079,600,0.012415205426852682,True
within_layer__clr_true__thickness_relative,l4,Lamp5,0.3252400495373034,0.0016638935108153079,600,0.012415205426852682,True
within_layer__clr_true__thickness_relative,l4,Lamp5_Lhx6,0.554012003902627,0.0016638935108153079,600,0.012415205426852682,True
within_layer__clr_true__thickness_relative,l4,Micro-PVM,-0.5923262345219077,1.0,600,1.0,False
within_layer__clr_true__thickness_relative,l4,OPC,-0.08540595198387742,0.6006655574043261,600,0.9551567060363875,False
within_layer__clr_true__thickness_relative,l4,Oligo,0.44349989069381407,0.0016638935108153079,600,0.012415205426852682,True
within_layer__clr_true__thickness_relative,l4,Pax6,0.37991422111978257,0.0016638935108153079,600,0.012415205426852682,True
within_layer__clr_true__thickness_relative,l4,Pvalb,0.20182067944927556,0.40099833610648916,600,0.8275923106878607,False
within_layer__clr_true__thickness_relative,l4,Sncg,-0.2737160732195808,1.0,600,1.0,False
within_layer__clr_true__thickness_relative,l4,Sst,-0.24042731539808307,1.0,600,1.0,False
within_layer__clr_true__thickness_relative,l4,Vip,-0.007656938738619604,0.40099833610648916,600,0.8275923106878607,False
within_layer__clr_true__thickness_relative,l5,Astro,-0.05392475494417974,0.6006655574043261,600,0.9551567060363875,False
within_layer__clr_true__thickness_relative,l5,Chandelier,0.5589377833778737,0.20133111480865223,600,0.5917914586799777,False
within_layer__clr_true__thickness_relative,l5,Endo,0.11604029054052602,0.20133111480865223,600,0.5917914586799777,False
within_layer__clr_true__thickness_relative,l5,L4 IT,-0.17871710358072837,0.800332778702163,600,0.9584232041248124,False
within_layer__clr_true__thickness_relative,l5,L5 ET,0.4778088104284933,0.20133111480865223,600,0.5917914586799777,False
within_layer__clr_true__thickness_relative,l5,L5 IT,-0.39966798434717066,0.800332778702163,600,0.9584232041248124,False
within_layer__clr_true__thickness_relative,l5,L5/6 NP,-0.33609493213571506,0.800332778702163,600,0.9584232041248124,False
within_layer__clr_true__thickness_relative,l5,L6 CT,-0.1848230711411271,0.40099833610648916,600,0.8275923106878607,False
within_layer__clr_true__thickness_relative,l5,L6 IT,-0.40192521130756714,0.800332778702163,600,0.9584232041248124,False
within_layer__clr_true__thickness_relative,l5,L6 IT Car3,-0.36272969895230606,0.800332778702163,600,0.9584232041248124,False
within_layer__clr_true__thickness_relative,l5,L6b,-0.2988322042578301,0.800332778702163,600,0.9584232041248124,False
within_layer__clr_true__thickness_relative,l5,Lamp5,-0.06138300831967556,0.20133111480865223,600,0.5917914586799777,False
within_layer__clr_true__thickness_relative,l5,Lamp5_Lhx6,-0.31303278592864114,0.800332778702163,600,0.9584232041248124,False
within_layer__clr_true__thickness_relative,l5,Micro-PVM,0.4240210320808992,0.20133111480865223,600,0.5917914586799777,False
within_layer__clr_true__thickness_relative,l5,OPC,0.4675245572101108,0.20133111480865223,600,0.5917914586799777,False
within_layer__clr_true__thickness_relative,l5,Oligo,-0.19082147180560258,0.6006655574043261,600,0.9551567060363875,False
within_layer__clr_true__thickness_relative,l5,Pvalb,-0.35123124708735487,0.6006655574043261,600,0.9551567060363875,False
within_layer__clr_true__thickness_relative,l5,Sst,-0.3604456348130328,0.800332778702163,600,0.9584232041248124,False
within_layer__clr_true__thickness_relative,l5,Vip,0.16764459262183895,0.40099833610648916,600,0.8275923106878607,False
within_layer__clr_true__thickness_relative,l6,Astro,0.035636524937889005,0.40099833610648916,600,0.8275923106878607,False
within_layer__clr_true__thickness_relative,l6,Chandelier,0.8020440017359809,0.0016638935108153079,600,0.012415205426852682,True
within_layer__clr_true__thickness_relative,l6,Endo,0.5565697883101006,0.0016638935108153079,600,0.012415205426852682,True
within_layer__clr_true__thickness_relative,l6,L5 ET,-0.6165046987477029,1.0,600,1.0,False
within_layer__clr_true__thickness_relative,l6,L5 IT,-0.8005566424308312,1.0,600,1.0,False
within_layer__clr_true__thickness_relative,l6,L5/6 NP,-0.5271431281170882,1.0,600,1.0,False
within_layer__clr_true__thickness_relative,l6,L6 CT,-0.8138236419168188,1.0,600,1.0,False
within_layer__clr_true__thickness_relative,l6,L6 IT,-0.8033736636959601,1.0,600,1.0,False
within_layer__clr_true__thickness_relative,l6,L6 IT Car3,-0.4350887385877684,1.0,600,1.0,False
within_layer__clr_true__thickness_relative,l6,L6b,-0.6849603749066785,1.0,600,1.0,False
within_layer__clr_true__thickness_relative,l6,Lamp5,-0.05104649687094863,0.6006655574043261,600,0.9551567060363875,False
within_layer__clr_true__thickness_relative,l6,Lamp5_Lhx6,-0.057219395477827284,0.800332778702163,600,0.9584232041248124,False
within_layer__clr_true__thickness_relative,l6,Micro-PVM,0.7363872344834013,0.0016638935108153079,600,0.012415205426852682,True
within_layer__clr_true__thickness_relative,l6,OPC,0.7225867265551409,0.0016638935108153079,600,0.012415205426852682,True
within_layer__clr_true__thickness_relative,l6,Oligo,-0.1541619256985463,0.800332778702163,600,0.9584232041248124,False
within_layer__clr_true__thickness_relative,l6,Pvalb,-0.6975055103205658,1.0,600,1.0,False
within_layer__clr_true__thickness_relative,l6,Sst,-0.6297469757122526,1.0,600,1.0,False
within_region_cross_layer__clr_false__thickness_absolute,l1,Astro,0.3251727669990703,0.0016638935108153079,600,0.004362099204029321,True
within_region_cross_layer__clr_false__thickness_absolute,l1,Endo,0.13499749854809828,0.0016638935108153079,600,0.004362099204029321,True
within_region_cross_layer__clr_false__thickness_absolute,l1,Lamp5,0.571548833497111,0.0016638935108153079,600,0.004362099204029321,True
within_region_cross_layer__clr_false__thickness_absolute,l1,Micro-PVM,-0.20330051686170206,0.20133111480865223,600,0.25696208074262195,False
within_region_cross_layer__clr_false__thickness_absolute,l1,OPC,0.28461612014855614,0.0016638935108153079,600,0.004362099204029321,True
within_region_cross_layer__clr_false__thickness_absolute,l1,Pax6,0.2410637866840686,0.0016638935108153079,600,0.004362099204029321,True
within_region_cross_layer__clr_false__thickness_absolute,l1,Sncg,0.4028867363695447,0.0016638935108153079,600,0.004362099204029321,True
within_region_cross_layer__clr_false__thickness_absolute,l1,VLMC,0.28086677311136793,0.0016638935108153079,600,0.004362099204029321,True
within_region_cross_layer__clr_false__thickness_absolute,l2,Astro,0.12329717937988866,0.40099833610648916,600,0.4522888209573192,False
within_region_cross_layer__clr_false__thickness_absolute,l2,Chandelier,-0.20038549764771912,0.6006655574043261,600,0.6265006351421466,False
within_region_cross_layer__clr_false__thickness_absolute,l2,Endo,-0.11581130404332736,0.40099833610648916,600,0.4522888209573192,False
within_region_cross_layer__clr_false__thickness_absolute,l2,L2/3 IT,0.10602349371309669,0.20133111480865223,600,0.25696208074262195,False
within_region_cross_layer__clr_false__thickness_absolute,l2,Lamp5,0.3630323780323368,0.20133111480865223,600,0.25696208074262195,False
within_region_cross_layer__clr_false__thickness_absolute,l2,Lamp5_Lhx6,0.3822331439692468,0.6006655574043261,600,0.6265006351421466,False
within_region_cross_layer__clr_false__thickness_absolute,l2,Micro-PVM,0.07001026074124068,0.6006655574043261,600,0.6265006351421466,False
within_region_cross_layer__clr_false__thickness_absolute,l2,OPC,0.18340667277460593,0.40099833610648916,600,0.4522888209573192,False
within_region_cross_layer__clr_false__thickness_absolute,l2,Pax6,0.5667402839133808,0.20133111480865223,600,0.25696208074262195,False
within_region_cross_layer__clr_false__thickness_absolute,l2,Pvalb,-0.17898702145454762,0.6006655574043261,600,0.6265006351421466,False
within_region_cross_layer__clr_false__thickness_absolute,l2,Sncg,0.4829392752995095,0.20133111480865223,600,0.25696208074262195,False
within_region_cross_layer__clr_false__thickness_absolute,l2,Sst,-0.0058314972569506835,0.40099833610648916,600,0.4522888209573192,False
within_region_cross_layer__clr_false__thickness_absolute,l2,Vip,0.2944071641029334,0.6006655574043261,600,0.6265006351421466,False
within_region_cross_layer__clr_false__thickness_absolute,l3,Astro,0.235282653726714,0.20133111480865223,600,0.25696208074262195,False
within_region_cross_layer__clr_false__thickness_absolute,l3,Chandelier,0.24678391039818393,0.20133111480865223,600,0.25696208074262195,False
within_region_cross_layer__clr_false__thickness_absolute,l3,Endo,0.12238696709754011,0.20133111480865223,600,0.25696208074262195,False
within_region_cross_layer__clr_false__thickness_absolute,l3,L2/3 IT,0.051359757446851576,0.40099833610648916,600,0.4522888209573192,False
within_region_cross_layer__clr_false__thickness_absolute,l3,L4 IT,-0.25018466109723,0.800332778702163,600,0.8086695784803105,False
within_region_cross_layer__clr_false__thickness_absolute,l3,L5 ET,-0.02626964476842442,0.20133111480865223,600,0.25696208074262195,False
within_region_cross_layer__clr_false__thickness_absolute,l3,L5 IT,-0.2940123529852907,1.0,600,1.0,False
within_region_cross_layer__clr_false__thickness_absolute,l3,L5/6 NP,-0.09647030198697665,0.20133111480865223,600,0.25696208074262195,False
within_region_cross_layer__clr_false__thickness_absolute,l3,L6 CT,-0.028517346615582792,0.20133111480865223,600,0.25696208074262195,False
within_region_cross_layer__clr_false__thickness_absolute,l3,L6 IT,-0.5400448204550341,0.20133111480865223,600,0.25696208074262195,False
within_region_cross_layer__clr_false__thickness_absolute,l3,L6 IT Car3,-0.09916688798950639,0.20133111480865223,600,0.25696208074262195,False
within_region_cross_layer__clr_false__thickness_absolute,l3,L6b,0.040290187285486244,0.20133111480865223,600,0.25696208074262195,False
within_region_cross_layer__clr_false__thickness_absolute,l3,Lamp5,0.14828436501705983,0.20133111480865223,600,0.25696208074262195,False
within_region_cross_layer__clr_false__thickness_absolute,l3,Lamp5_Lhx6,0.09259641593892572,0.20133111480865223,600,0.25696208074262195,False
within_region_cross_layer__clr_false__thickness_absolute,l3,Micro-PVM,0.24339973828089384,0.6006655574043261,600,0.6265006351421466,False
within_region_cross_layer__clr_false__thickness_absolute,l3,OPC,-0.055915308983289475,0.20133111480865223,600,0.25696208074262195,False
within_region_cross_layer__clr_false__thickness_absolute,l3,Oligo,-0.15694006994503795,0.20133111480865223,600,0.25696208074262195,False
within_region_cross_layer__clr_false__thickness_absolute,l3,Pax6,0.17155001277637935,0.800332778702163,600,0.8086695784803105,False
within_region_cross_layer__clr_false__thickness_absolute,l3,Pvalb,-0.21107321144085484,0.800332778702163,600,0.8086695784803105,False
within_region_cross_layer__clr_false__thickness_absolute,l3,Sncg,0.008871869549537543,0.20133111480865223,600,0.25696208074262195,False
within_region_cross_layer__clr_false__thickness_absolute,l3,Sst,-0.02698643178075239,0.20133111480865223,600,0.25696208074262195,False
within_region_cross_layer__clr_false__thickness_absolute,l3,Vip,0.17797213709502613,0.40099833610648916,600,0.4522888209573192,False
within_region_cross_layer__clr_false__thickness_absolute,l4,Astro,0.7817279893473628,0.0016638935108153079,600,0.004362099204029321,True
within_region_cross_layer__clr_false__thickness_absolute,l4,Chandelier,0.7306040405731531,0.0016638935108153079,600,0.004362099204029321,True
within_region_cross_layer__clr_false__thickness_absolute,l4,Endo,0.6721060502981079,0.0016638935108153079,600,0.004362099204029321,True
within_region_cross_layer__clr_false__thickness_absolute,l4,L2/3 IT,0.76668091812835,0.0016638935108153079,600,0.004362099204029321,True
within_region_cross_layer__clr_false__thickness_absolute,l4,L4 IT,0.6568924043884459,0.0016638935108153079,600,0.004362099204029321,True
within_region_cross_layer__clr_false__thickness_absolute,l4,L5 ET,0.7827374428418942,0.0016638935108153079,600,0.004362099204029321,True
within_region_cross_layer__clr_false__thickness_absolute,l4,L5 IT,0.6569895631003796,0.0016638935108153079,600,0.004362099204029321,True
within_region_cross_layer__clr_false__thickness_absolute,l4,L5/6 NP,0.7792602425120677,0.0016638935108153079,600,0.004362099204029321,True
within_region_cross_layer__clr_false__thickness_absolute,l4,Lamp5,0.7903856000606927,0.0016638935108153079,600,0.004362099204029321,True
within_region_cross_layer__clr_false__thickness_absolute,l4,Lamp5_Lhx6,0.7816137369384698,0.0016638935108153079,600,0.004362099204029321,True
within_region_cross_layer__clr_false__thickness_absolute,l4,Micro-PVM,0.7715032963132228,0.0016638935108153079,600,0.004362099204029321,True
within_region_cross_layer__clr_false__thickness_absolute,l4,OPC,0.7799689874724776,0.0016638935108153079,600,0.004362099204029321,True
within_region_cross_layer__clr_false__thickness_absolute,l4,Oligo,0.79693944548569,0.0016638935108153079,600,0.004362099204029321,True
within_region_cross_layer__clr_false__thickness_absolute,l4,Pax6,0.7693074202372625,0.0016638935108153079,600,0.004362099204029321,True
within_region_cross_layer__clr_false__thickness_absolute,l4,Pvalb,0.7515811420887598,0.0016638935108153079,600,0.004362099204029321,True
within_region_cross_layer__clr_false__thickness_absolute,l4,Sncg,0.7605437874182343,0.0016638935108153079,600,0.004362099204029321,True
within_region_cross_layer__clr_false__thickness_absolute,l4,Sst,0.7177946693278598,0.0016638935108153079,600,0.004362099204029321,True
within_region_cross_layer__clr_false__thickness_absolute,l4,Vip,0.7546210554144414,0.0016638935108153079,600,0.004362099204029321,True
within_region_cross_layer__clr_false__thickness_absolute,l5,Astro,0.43147418743350546,0.20133111480865223,600,0.25696208074262195,False
within_region_cross_layer__clr_false__thickness_absolute,l5,Chandelier,0.4496035192703005,0.20133111480865223,600,0.25696208074262195,False
within_region_cross_layer__clr_false__thickness_absolute,l5,Endo,0.22407858033296638,0.40099833610648916,600,0.4522888209573192,False
within_region_cross_layer__clr_false__thickness_absolute,l5,L4 IT,0.49429398016706466,0.20133111480865223,600,0.25696208074262195,False
within_region_cross_layer__clr_false__thickness_absolute,l5,L5 ET,0.5878603568931365,0.20133111480865223,600,0.25696208074262195,False
within_region_cross_layer__clr_false__thickness_absolute,l5,L5 IT,0.601871816808798,0.20133111480865223,600,0.25696208074262195,False
within_region_cross_layer__clr_false__thickness_absolute,l5,L5/6 NP,0.7658207036700897,0.0016638935108153079,600,0.004362099204029321,True
within_region_cross_layer__clr_false__thickness_absolute,l5,L6 CT,0.4968397930394383,0.20133111480865223,600,0.25696208074262195,False
within_region_cross_layer__clr_false__thickness_absolute,l5,L6 IT,0.35426641849183893,0.40099833610648916,600,0.4522888209573192,False
within_region_cross_layer__clr_false__thickness_absolute,l5,L6 IT Car3,0.4351172402245531,0.40099833610648916,600,0.4522888209573192,False
within_region_cross_layer__clr_false__thickness_absolute,l5,L6b,0.4929730020649027,0.20133111480865223,600,0.25696208074262195,False
within_region_cross_layer__clr_false__thickness_absolute,l5,Lamp5,0.30285912274011395,0.20133111480865223,600,0.25696208074262195,False
within_region_cross_layer__clr_false__thickness_absolute,l5,Lamp5_Lhx6,0.4369011959631732,0.20133111480865223,600,0.25696208074262195,False
within_region_cross_layer__clr_false__thickness_absolute,l5,Micro-PVM,0.5314593208684122,0.20133111480865223,600,0.25696208074262195,False
within_region_cross_layer__clr_false__thickness_absolute,l5,OPC,0.5422915790461846,0.20133111480865223,600,0.25696208074262195,False
within_region_cross_layer__clr_false__thickness_absolute,l5,Oligo,0.45911551245078047,0.20133111480865223,600,0.25696208074262195,False
within_region_cross_layer__clr_false__thickness_absolute,l5,Pvalb,0.6212414341203424,0.20133111480865223,600,0.25696208074262195,False
within_region_cross_layer__clr_false__thickness_absolute,l5,Sst,0.5363538434484194,0.20133111480865223,600,0.25696208074262195,False
within_region_cross_layer__clr_false__thickness_absolute,l5,Vip,0.4137844669385213,0.40099833610648916,600,0.4522888209573192,False
within_region_cross_layer__clr_false__thickness_absolute,l6,Astro,0.4201073543578511,0.0016638935108153079,600,0.004362099204029321,True
within_region_cross_layer__clr_false__thickness_absolute,l6,Chandelier,0.617509980894191,0.0016638935108153079,600,0.004362099204029321,True
within_region_cross_layer__clr_false__thickness_absolute,l6,Endo,0.48208180294592123,0.0016638935108153079,600,0.004362099204029321,True
within_region_cross_layer__clr_false__thickness_absolute,l6,L5 ET,-0.5552563662511119,0.6006655574043261,600,0.6265006351421466,False
within_region_cross_layer__clr_false__thickness_absolute,l6,L5 IT,0.08466302427373058,0.0016638935108153079,600,0.004362099204029321,True
within_region_cross_layer__clr_false__thickness_absolute,l6,L5/6 NP,0.3193670683632153,0.20133111480865223,600,0.25696208074262195,False
within_region_cross_layer__clr_false__thickness_absolute,l6,L6 CT,0.295546750395442,0.0016638935108153079,600,0.004362099204029321,True
within_region_cross_layer__clr_false__thickness_absolute,l6,L6 IT,0.5868635064629829,0.20133111480865223,600,0.25696208074262195,False
within_region_cross_layer__clr_false__thickness_absolute,l6,L6 IT Car3,0.26737697492931783,0.20133111480865223,600,0.25696208074262195,False
within_region_cross_layer__clr_false__thickness_absolute,l6,L6b,0.533715929114708,0.20133111480865223,600,0.25696208074262195,False
within_region_cross_layer__clr_false__thickness_absolute,l6,Lamp5,0.5770251662598748,0.0016638935108153079,600,0.004362099204029321,True
within_region_cross_layer__clr_false__thickness_absolute,l6,Lamp5_Lhx6,0.6957781405399014,0.0016638935108153079,600,0.004362099204029321,True
within_region_cross_layer__clr_false__thickness_absolute,l6,Micro-PVM,0.42645366582216687,0.0016638935108153079,600,0.004362099204029321,True
within_region_cross_layer__clr_false__thickness_absolute,l6,OPC,0.6356818514569808,0.0016638935108153079,600,0.004362099204029321,True
within_region_cross_layer__clr_false__thickness_absolute,l6,Oligo,0.6448924848935148,0.20133111480865223,600,0.25696208074262195,False
within_region_cross_layer__clr_false__thickness_absolute,l6,Pvalb,0.5168259867959726,0.0016638935108153079,600,0.004362099204029321,True
within_region_cross_layer__clr_false__thickness_absolute,l6,Sst,0.4568041558017034,0.0016638935108153079,600,0.004362099204029321,True
within_region_cross_layer__clr_false__thickness_relative,l1,Astro,0.3780391246138385,0.0016638935108153079,600,0.004247307119712759,True
within_region_cross_layer__clr_false__thickness_relative,l1,Endo,0.2594581773945786,0.0016638935108153079,600,0.004247307119712759,True
within_region_cross_layer__clr_false__thickness_relative,l1,Lamp5,0.459403790674443,0.40099833610648916,600,0.4522888209573192,False
within_region_cross_layer__clr_false__thickness_relative,l1,Micro-PVM,0.17427050376721182,0.20133111480865223,600,0.250373309441529,False
within_region_cross_layer__clr_false__thickness_relative,l1,OPC,0.22423740530816735,0.20133111480865223,600,0.250373309441529,False
within_region_cross_layer__clr_false__thickness_relative,l1,Pax6,0.3724306340639624,0.20133111480865223,600,0.250373309441529,False
within_region_cross_layer__clr_false__thickness_relative,l1,Sncg,0.5469549866249689,0.40099833610648916,600,0.4522888209573192,False
within_region_cross_layer__clr_false__thickness_relative,l1,VLMC,0.20466219430001054,0.40099833610648916,600,0.4522888209573192,False
within_region_cross_layer__clr_false__thickness_relative,l2,Astro,0.2708176729177512,0.20133111480865223,600,0.250373309441529,False
within_region_cross_layer__clr_false__thickness_relative,l2,Chandelier,-0.17615228125108842,0.6006655574043261,600,0.6333104246545613,False
within_region_cross_layer__clr_false__thickness_relative,l2,Endo,-0.01742292838075311,0.6006655574043261,600,0.6333104246545613,False
within_region_cross_layer__clr_false__thickness_relative,l2,L2/3 IT,0.30877505909120606,0.20133111480865223,600,0.250373309441529,False
within_region_cross_layer__clr_false__thickness_relative,l2,Lamp5,0.37611152910165385,0.20133111480865223,600,0.250373309441529,False
within_region_cross_layer__clr_false__thickness_relative,l2,Lamp5_Lhx6,0.22347613300534486,0.40099833610648916,600,0.4522888209573192,False
within_region_cross_layer__clr_false__thickness_relative,l2,Micro-PVM,0.0802237555926329,0.800332778702163,600,0.8258753141926576,False
within_region_cross_layer__clr_false__thickness_relative,l2,OPC,0.2855131496227676,0.20133111480865223,600,0.250373309441529,False
within_region_cross_layer__clr_false__thickness_relative,l2,Pax6,0.4788374278527446,0.20133111480865223,600,0.250373309441529,False
within_region_cross_layer__clr_false__thickness_relative,l2,Pvalb,0.10818308837507629,0.40099833610648916,600,0.4522888209573192,False
within_region_cross_layer__clr_false__thickness_relative,l2,Sncg,0.3637851637535502,0.20133111480865223,600,0.250373309441529,False
within_region_cross_layer__clr_false__thickness_relative,l2,Sst,0.15833645179669537,0.20133111480865223,600,0.250373309441529,False
within_region_cross_layer__clr_false__thickness_relative,l2,Vip,0.12497332555312216,0.6006655574043261,600,0.6333104246545613,False
within_region_cross_layer__clr_false__thickness_relative,l3,Astro,0.3030594375069006,0.20133111480865223,600,0.250373309441529,False
within_region_cross_layer__clr_false__thickness_relative,l3,Chandelier,0.295416669059338,0.20133111480865223,600,0.250373309441529,False
within_region_cross_layer__clr_false__thickness_relative,l3,Endo,0.07228831129260879,0.20133111480865223,600,0.250373309441529,False
within_region_cross_layer__clr_false__thickness_relative,l3,L2/3 IT,0.000571533834575411,0.40099833610648916,600,0.4522888209573192,False
within_region_cross_layer__clr_false__thickness_relative,l3,L4 IT,-0.5176137598466379,1.0,600,1.0,False
within_region_cross_layer__clr_false__thickness_relative,l3,L5 ET,0.43456446448526465,0.20133111480865223,600,0.250373309441529,False
within_region_cross_layer__clr_false__thickness_relative,l3,L5 IT,-0.28335444939564497,1.0,600,1.0,False
within_region_cross_layer__clr_false__thickness_relative,l3,L5/6 NP,0.23862493549488745,0.20133111480865223,600,0.250373309441529,False
within_region_cross_layer__clr_false__thickness_relative,l3,L6 CT,0.38639406125187664,0.20133111480865223,600,0.250373309441529,False
within_region_cross_layer__clr_false__thickness_relative,l3,L6 IT,-0.038767546032564014,0.40099833610648916,600,0.4522888209573192,False
within_region_cross_layer__clr_false__thickness_relative,l3,L6 IT Car3,0.37183211418213574,0.0016638935108153079,600,0.004247307119712759,True
within_region_cross_layer__clr_false__thickness_relative,l3,L6b,0.4484833846180517,0.20133111480865223,600,0.250373309441529,False
within_region_cross_layer__clr_false__thickness_relative,l3,Lamp5,0.43002922323080817,0.20133111480865223,600,0.250373309441529,False
within_region_cross_layer__clr_false__thickness_relative,l3,Lamp5_Lhx6,0.38869375434573494,0.0016638935108153079,600,0.004247307119712759,True
within_region_cross_layer__clr_false__thickness_relative,l3,Micro-PVM,0.06553905971718615,0.6006655574043261,600,0.6333104246545613,False
within_region_cross_layer__clr_false__thickness_relative,l3,OPC,0.22557019885838056,0.20133111480865223,600,0.250373309441529,False
within_region_cross_layer__clr_false__thickness_relative,l3,Oligo,0.17225907571894283,0.20133111480865223,600,0.250373309441529,False
within_region_cross_layer__clr_false__thickness_relative,l3,Pax6,-0.09937929458694425,0.6006655574043261,600,0.6333104246545613,False
within_region_cross_layer__clr_false__thickness_relative,l3,Pvalb,-0.3407391850330616,1.0,600,1.0,False
within_region_cross_layer__clr_false__thickness_relative,l3,Sncg,0.35876433225202065,0.20133111480865223,600,0.250373309441529,False
within_region_cross_layer__clr_false__thickness_relative,l3,Sst,0.24685923361640383,0.20133111480865223,600,0.250373309441529,False
within_region_cross_layer__clr_false__thickness_relative,l3,Vip,0.2913883889369586,0.40099833610648916,600,0.4522888209573192,False
within_region_cross_layer__clr_false__thickness_relative,l4,Astro,0.8332912105294836,0.0016638935108153079,600,0.004247307119712759,True
within_region_cross_layer__clr_false__thickness_relative,l4,Chandelier,0.7125313789654921,0.0016638935108153079,600,0.004247307119712759,True
within_region_cross_layer__clr_false__thickness_relative,l4,Endo,0.7618446071288499,0.0016638935108153079,600,0.004247307119712759,True
within_region_cross_layer__clr_false__thickness_relative,l4,L2/3 IT,0.816378695320483,0.0016638935108153079,600,0.004247307119712759,True
within_region_cross_layer__clr_false__thickness_relative,l4,L4 IT,0.6273961789751169,0.0016638935108153079,600,0.004247307119712759,True
within_region_cross_layer__clr_false__thickness_relative,l4,L5 ET,0.8349806542468898,0.0016638935108153079,600,0.004247307119712759,True
within_region_cross_layer__clr_false__thickness_relative,l4,L5 IT,0.6434127749034932,0.0016638935108153079,600,0.004247307119712759,True
within_region_cross_layer__clr_false__thickness_relative,l4,L5/6 NP,0.8414719205421746,0.0016638935108153079,600,0.004247307119712759,True
within_region_cross_layer__clr_false__thickness_relative,l4,Lamp5,0.87052215821139,0.0016638935108153079,600,0.004247307119712759,True
within_region_cross_layer__clr_false__thickness_relative,l4,Lamp5_Lhx6,0.8572777987512191,0.0016638935108153079,600,0.004247307119712759,True
within_region_cross_layer__clr_false__thickness_relative,l4,Micro-PVM,0.829375039152461,0.0016638935108153079,600,0.004247307119712759,True
within_region_cross_layer__clr_false__thickness_relative,l4,OPC,0.8662183716248197,0.0016638935108153079,600,0.004247307119712759,True
within_region_cross_layer__clr_false__thickness_relative,l4,Oligo,0.8571371258485935,0.0016638935108153079,600,0.004247307119712759,True
within_region_cross_layer__clr_false__thickness_relative,l4,Pax6,0.8889007040146669,0.0016638935108153079,600,0.004247307119712759,True
within_region_cross_layer__clr_false__thickness_relative,l4,Pvalb,0.759391010104556,0.0016638935108153079,600,0.004247307119712759,True
within_region_cross_layer__clr_false__thickness_relative,l4,Sncg,0.8357859689510759,0.0016638935108153079,600,0.004247307119712759,True
within_region_cross_layer__clr_false__thickness_relative,l4,Sst,0.7185628404510195,0.0016638935108153079,600,0.004247307119712759,True
within_region_cross_layer__clr_false__thickness_relative,l4,Vip,0.8065586345618595,0.0016638935108153079,600,0.004247307119712759,True
within_region_cross_layer__clr_false__thickness_relative,l5,Astro,0.3281443642601883,0.20133111480865223,600,0.250373309441529,False
within_region_cross_layer__clr_false__thickness_relative,l5,Chandelier,0.5059254199384274,0.20133111480865223,600,0.250373309441529,False
within_region_cross_layer__clr_false__thickness_relative,l5,Endo,0.1418328015986267,0.20133111480865223,600,0.250373309441529,False
within_region_cross_layer__clr_false__thickness_relative,l5,L4 IT,0.49438739333194415,0.20133111480865223,600,0.250373309441529,False
within_region_cross_layer__clr_false__thickness_relative,l5,L5 ET,0.5633589407667989,0.20133111480865223,600,0.250373309441529,False
within_region_cross_layer__clr_false__thickness_relative,l5,L5 IT,0.5906328313610281,0.20133111480865223,600,0.250373309441529,False
within_region_cross_layer__clr_false__thickness_relative,l5,L5/6 NP,0.5624685165308494,0.20133111480865223,600,0.250373309441529,False
within_region_cross_layer__clr_false__thickness_relative,l5,L6 CT,0.6139296518997627,0.20133111480865223,600,0.250373309441529,False
within_region_cross_layer__clr_false__thickness_relative,l5,L6 IT,0.4584637485689953,0.20133111480865223,600,0.250373309441529,False
within_region_cross_layer__clr_false__thickness_relative,l5,L6 IT Car3,0.05624284891804156,0.6006655574043261,600,0.6333104246545613,False
within_region_cross_layer__clr_false__thickness_relative,l5,L6b,0.4636888515166451,0.20133111480865223,600,0.250373309441529,False
within_region_cross_layer__clr_false__thickness_relative,l5,Lamp5,0.35090003025937155,0.20133111480865223,600,0.250373309441529,False
within_region_cross_layer__clr_false__thickness_relative,l5,Lamp5_Lhx6,0.5133424815464095,0.20133111480865223,600,0.250373309441529,False
within_region_cross_layer__clr_false__thickness_relative,l5,Micro-PVM,0.39791427729049694,0.20133111480865223,600,0.250373309441529,False
within_region_cross_layer__clr_false__thickness_relative,l5,OPC,0.49737995422407033,0.20133111480865223,600,0.250373309441529,False
within_region_cross_layer__clr_false__thickness_relative,l5,Oligo,0.37398315068885807,0.20133111480865223,600,0.250373309441529,False
within_region_cross_layer__clr_false__thickness_relative,l5,Pvalb,0.5233746121060655,0.20133111480865223,600,0.250373309441529,False
within_region_cross_layer__clr_false__thickness_relative,l5,Sst,0.5268840109301766,0.20133111480865223,600,0.250373309441529,False
within_region_cross_layer__clr_false__thickness_relative,l5,Vip,0.4552310660113942,0.20133111480865223,600,0.250373309441529,False
within_region_cross_layer__clr_false__thickness_relative,l6,Astro,0.559402370473005,0.0016638935108153079,600,0.004247307119712759,True
within_region_cross_layer__clr_false__thickness_relative,l6,Chandelier,0.7769837295501831,0.0016638935108153079,600,0.004247307119712759,True
within_region_cross_layer__clr_false__thickness_relative,l6,Endo,0.4236902703830324,0.0016638935108153079,600,0.004247307119712759,True
within_region_cross_layer__clr_false__thickness_relative,l6,L5 ET,-0.486284454243267,0.800332778702163,600,0.8258753141926576,False
within_region_cross_layer__clr_false__thickness_relative,l6,L5 IT,0.26910504112913175,0.0016638935108153079,600,0.004247307119712759,True
within_region_cross_layer__clr_false__thickness_relative,l6,L5/6 NP,0.6087583435763572,0.0016638935108153079,600,0.004247307119712759,True
within_region_cross_layer__clr_false__thickness_relative,l6,L6 CT,0.39624327364976125,0.0016638935108153079,600,0.004247307119712759,True
within_region_cross_layer__clr_false__thickness_relative,l6,L6 IT,0.39022285103208865,0.0016638935108153079,600,0.004247307119712759,True
within_region_cross_layer__clr_false__thickness_relative,l6,L6 IT Car3,0.55062941959571,0.0016638935108153079,600,0.004247307119712759,True
within_region_cross_layer__clr_false__thickness_relative,l6,L6b,0.737067175445468,0.0016638935108153079,600,0.004247307119712759,True
within_region_cross_layer__clr_false__thickness_relative,l6,Lamp5,0.6683090948438816,0.0016638935108153079,600,0.004247307119712759,True
within_region_cross_layer__clr_false__thickness_relative,l6,Lamp5_Lhx6,0.8066906590709662,0.0016638935108153079,600,0.004247307119712759,True
within_region_cross_layer__clr_false__thickness_relative,l6,Micro-PVM,0.48115621012389037,0.0016638935108153079,600,0.004247307119712759,True
within_region_cross_layer__clr_false__thickness_relative,l6,OPC,0.7710145109030383,0.0016638935108153079,600,0.004247307119712759,True
within_region_cross_layer__clr_false__thickness_relative,l6,Oligo,0.745562523467019,0.0016638935108153079,600,0.004247307119712759,True
within_region_cross_layer__clr_false__thickness_relative,l6,Pvalb,0.7228000245237286,0.0016638935108153079,600,0.004247307119712759,True
within_region_cross_layer__clr_false__thickness_relative,l6,Sst,0.6771263488428749,0.0016638935108153079,600,0.004247307119712759,True
within_region_cross_layer__clr_true__thickness_absolute,l1,Astro,0.03247258680849755,0.6006655574043261,600,0.9248342709241212,False
within_region_cross_layer__clr_true__thickness_absolute,l1,Endo,-0.12001275314919968,0.6006655574043261,600,0.9248342709241212,False
within_region_cross_layer__clr_true__thickness_absolute,l1,Lamp5,0.5040526114830859,0.40099833610648916,600,0.9045776419146384,False
within_region_cross_layer__clr_true__thickness_absolute,l1,Micro-PVM,-0.3810535861516194,0.6006655574043261,600,0.9248342709241212,False
within_region_cross_layer__clr_true__thickness_absolute,l1,OPC,-0.006881395345370485,0.800332778702163,600,0.9467351162696319,False
within_region_cross_layer__clr_true__thickness_absolute,l1,Pax6,-0.2720699264531307,1.0,600,1.0,False
within_region_cross_layer__clr_true__thickness_absolute,l1,Sncg,0.40338880508508856,0.20133111480865223,600,0.6734178667737678,False
within_region_cross_layer__clr_true__thickness_absolute,l1,VLMC,-0.36316674839209945,1.0,600,1.0,False
within_region_cross_layer__clr_true__thickness_absolute,l2,Astro,-0.0159965428130574,0.20133111480865223,600,0.6734178667737678,False
within_region_cross_layer__clr_true__thickness_absolute,l2,Chandelier,-0.2913911602980964,0.6006655574043261,600,0.9248342709241212,False
within_region_cross_layer__clr_true__thickness_absolute,l2,Endo,-0.1999216194469494,0.800332778702163,600,0.9467351162696319,False
within_region_cross_layer__clr_true__thickness_absolute,l2,L2/3 IT,-0.09610844938257991,0.20133111480865223,600,0.6734178667737678,False
within_region_cross_layer__clr_true__thickness_absolute,l2,Lamp5,0.33412952191502787,0.40099833610648916,600,0.9045776419146384,False
within_region_cross_layer__clr_true__thickness_absolute,l2,Lamp5_Lhx6,0.364078355052202,0.6006655574043261,600,0.9248342709241212,False
within_region_cross_layer__clr_true__thickness_absolute,l2,Micro-PVM,0.017015271682481802,0.6006655574043261,600,0.9248342709241212,False
within_region_cross_layer__clr_true__thickness_absolute,l2,OPC,0.09275778636410924,0.40099833610648916,600,0.9045776419146384,False
within_region_cross_layer__clr_true__thickness_absolute,l2,Pax6,0.5435077926677196,0.0016638935108153079,600,0.013449805879090405,True
within_region_cross_layer__clr_true__thickness_absolute,l2,Pvalb,-0.34774075477071353,1.0,600,1.0,False
within_region_cross_layer__clr_true__thickness_absolute,l2,Sncg,0.4311805653624599,0.20133111480865223,600,0.6734178667737678,False
within_region_cross_layer__clr_true__thickness_absolute,l2,Sst,-0.20637626527818764,0.6006655574043261,600,0.9248342709241212,False
within_region_cross_layer__clr_true__thickness_absolute,l2,Vip,0.11856129354091424,0.6006655574043261,600,0.9248342709241212,False
within_region_cross_layer__clr_true__thickness_absolute,l3,Astro,0.3060646045550655,0.800332778702163,600,0.9467351162696319,False
within_region_cross_layer__clr_true__thickness_absolute,l3,Chandelier,0.23726270032769783,0.800332778702163,600,0.9467351162696319,False
within_region_cross_layer__clr_true__thickness_absolute,l3,Endo,0.06419751533723084,0.40099833610648916,600,0.9045776419146384,False
within_region_cross_layer__clr_true__thickness_absolute,l3,L2/3 IT,0.06712446780627059,0.800332778702163,600,0.9467351162696319,False
within_region_cross_layer__clr_true__thickness_absolute,l3,L4 IT,-0.1443420245118577,0.800332778702163,600,0.9467351162696319,False
within_region_cross_layer__clr_true__thickness_absolute,l3,L5 ET,0.0008212507315957355,0.20133111480865223,600,0.6734178667737678,False
within_region_cross_layer__clr_true__thickness_absolute,l3,L5 IT,-0.24031314355503283,0.800332778702163,600,0.9467351162696319,False
within_region_cross_layer__clr_true__thickness_absolute,l3,L5/6 NP,-0.08297277832022464,0.20133111480865223,600,0.6734178667737678,False
within_region_cross_layer__clr_true__thickness_absolute,l3,L6 CT,-0.0020964770066976865,0.20133111480865223,600,0.6734178667737678,False
within_region_cross_layer__clr_true__thickness_absolute,l3,L6 IT,-0.6844068817436624,0.800332778702163,600,0.9467351162696319,False
within_region_cross_layer__clr_true__thickness_absolute,l3,L6 IT Car3,-0.12065852152574051,0.20133111480865223,600,0.6734178667737678,False
within_region_cross_layer__clr_true__thickness_absolute,l3,L6b,0.12180426987332073,0.20133111480865223,600,0.6734178667737678,False
within_region_cross_layer__clr_true__thickness_absolute,l3,Lamp5,0.3492047856165896,0.20133111480865223,600,0.6734178667737678,False
within_region_cross_layer__clr_true__thickness_absolute,l3,Lamp5_Lhx6,0.17870518900999957,0.0016638935108153079,600,0.013449805879090405,True
within_region_cross_layer__clr_true__thickness_absolute,l3,Micro-PVM,0.23127277213731032,0.800332778702163,600,0.9467351162696319,False
within_region_cross_layer__clr_true__thickness_absolute,l3,OPC,-0.04456970844454396,1.0,600,1.0,False
within_region_cross_layer__clr_true__thickness_absolute,l3,Oligo,-0.22222687742502834,0.20133111480865223,600,0.6734178667737678,False
within_region_cross_layer__clr_true__thickness_absolute,l3,Pax6,0.17248182708466883,0.800332778702163,600,0.9467351162696319,False
within_region_cross_layer__clr_true__thickness_absolute,l3,Pvalb,-0.08236739155389036,0.800332778702163,600,0.9467351162696319,False
within_region_cross_layer__clr_true__thickness_absolute,l3,Sncg,0.11631461430130711,0.20133111480865223,600,0.6734178667737678,False
within_region_cross_layer__clr_true__thickness_absolute,l3,Sst,0.013985579072256683,0.800332778702163,600,0.9467351162696319,False
within_region_cross_layer__clr_true__thickness_absolute,l3,Vip,0.31023470196239006,0.6006655574043261,600,0.9248342709241212,False
within_region_cross_layer__clr_true__thickness_absolute,l4,Astro,-0.3617883328704846,1.0,600,1.0,False
within_region_cross_layer__clr_true__thickness_absolute,l4,Chandelier,0.09850201047368251,0.800332778702163,600,0.9467351162696319,False
within_region_cross_layer__clr_true__thickness_absolute,l4,Endo,0.25745277692218516,0.0016638935108153079,600,0.013449805879090405,True
within_region_cross_layer__clr_true__thickness_absolute,l4,L2/3 IT,-0.39919866243296653,1.0,600,1.0,False
within_region_cross_layer__clr_true__thickness_absolute,l4,L4 IT,-0.4790070989313569,1.0,600,1.0,False
within_region_cross_layer__clr_true__thickness_absolute,l4,L5 ET,-0.25537569964776735,1.0,600,1.0,False
within_region_cross_layer__clr_true__thickness_absolute,l4,L5 IT,-0.6345217264469556,1.0,600,1.0,False
within_region_cross_layer__clr_true__thickness_absolute,l4,L5/6 NP,0.20201805947306103,0.0016638935108153079,600,0.013449805879090405,True
within_region_cross_layer__clr_true__thickness_absolute,l4,Lamp5,0.32188894992133865,0.0016638935108153079,600,0.013449805879090405,True
within_region_cross_layer__clr_true__thickness_absolute,l4,Lamp5_Lhx6,0.08460518461282876,0.0016638935108153079,600,0.013449805879090405,True
within_region_cross_layer__clr_true__thickness_absolute,l4,Micro-PVM,-0.06799119616274134,0.40099833610648916,600,0.9045776419146384,False
within_region_cross_layer__clr_true__thickness_absolute,l4,OPC,-0.10878515787206303,0.40099833610648916,600,0.9045776419146384,False
within_region_cross_layer__clr_true__thickness_absolute,l4,Oligo,0.02882769463904953,0.20133111480865223,600,0.6734178667737678,False
within_region_cross_layer__clr_true__thickness_absolute,l4,Pax6,0.5534014318704757,0.0016638935108153079,600,0.013449805879090405,True
within_region_cross_layer__clr_true__thickness_absolute,l4,Pvalb,-0.4778439578917066,1.0,600,1.0,False
within_region_cross_layer__clr_true__thickness_absolute,l4,Sncg,0.02939197458814509,0.0016638935108153079,600,0.013449805879090405,True
within_region_cross_layer__clr_true__thickness_absolute,l4,Sst,-0.5386179299450583,1.0,600,1.0,False
within_region_cross_layer__clr_true__thickness_absolute,l4,Vip,-0.3935834116469094,1.0,600,1.0,False
within_region_cross_layer__clr_true__thickness_absolute,l5,Astro,-0.38810772253320897,0.6006655574043261,600,0.9248342709241212,False
within_region_cross_layer__clr_true__thickness_absolute,l5,Chandelier,0.4143107875691415,0.20133111480865223,600,0.6734178667737678,False
within_region_cross_layer__clr_true__thickness_absolute,l5,Endo,-0.004880157507066676,0.6006655574043261,600,0.9248342709241212,False
within_region_cross_layer__clr_true__thickness_absolute,l5,L4 IT,0.5279304076129209,0.40099833610648916,600,0.9045776419146384,False
within_region_cross_layer__clr_true__thickness_absolute,l5,L5 ET,0.6945331773114015,0.20133111480865223,600,0.6734178667737678,False
within_region_cross_layer__clr_true__thickness_absolute,l5,L5 IT,-0.3828657015170861,0.800332778702163,600,0.9467351162696319,False
within_region_cross_layer__clr_true__thickness_absolute,l5,L5/6 NP,-0.02407560197619122,0.6006655574043261,600,0.9248342709241212,False
within_region_cross_layer__clr_true__thickness_absolute,l5,L6 CT,-0.2882670000939391,0.40099833610648916,600,0.9045776419146384,False
within_region_cross_layer__clr_true__thickness_absolute,l5,L6 IT,-0.4921724481321307,0.6006655574043261,600,0.9248342709241212,False
within_region_cross_layer__clr_true__thickness_absolute,l5,L6 IT Car3,-0.13744356643335243,0.800332778702163,600,0.9467351162696319,False
within_region_cross_layer__clr_true__thickness_absolute,l5,L6b,-0.36112698025039086,0.800332778702163,600,0.9467351162696319,False
within_region_cross_layer__clr_true__thickness_absolute,l5,Lamp5,-0.39409866983643477,0.40099833610648916,600,0.9045776419146384,False
within_region_cross_layer__clr_true__thickness_absolute,l5,Lamp5_Lhx6,-0.5402138178881541,0.40099833610648916,600,0.9045776419146384,False
within_region_cross_layer__clr_true__thickness_absolute,l5,Micro-PVM,0.0614909656676973,0.6006655574043261,600,0.9248342709241212,False
within_region_cross_layer__clr_true__thickness_absolute,l5,OPC,0.03809023632798668,0.6006655574043261,600,0.9248342709241212,False
within_region_cross_layer__clr_true__thickness_absolute,l5,Oligo,-0.2922276384570929,0.6006655574043261,600,0.9248342709241212,False
within_region_cross_layer__clr_true__thickness_absolute,l5,Pvalb,0.5335214238957457,0.40099833610648916,600,0.9045776419146384,False
within_region_cross_layer__clr_true__thickness_absolute,l5,Sst,0.1942225215085648,0.40099833610648916,600,0.9045776419146384,False
within_region_cross_layer__clr_true__thickness_absolute,l5,Vip,0.16551447513567175,0.40099833610648916,600,0.9045776419146384,False
within_region_cross_layer__clr_true__thickness_absolute,l6,Astro,-0.26260896107619663,0.6006655574043261,600,0.9248342709241212,False
within_region_cross_layer__clr_true__thickness_absolute,l6,Chandelier,0.7151896944129525,0.0016638935108153079,600,0.013449805879090405,True
within_region_cross_layer__clr_true__thickness_absolute,l6,Endo,0.28900655770673755,0.6006655574043261,600,0.9248342709241212,False
within_region_cross_layer__clr_true__thickness_absolute,l6,L5 ET,-0.7128067037899917,1.0,600,1.0,False
within_region_cross_layer__clr_true__thickness_absolute,l6,L5 IT,-0.511015214945331,0.40099833610648916,600,0.9045776419146384,False
within_region_cross_layer__clr_true__thickness_absolute,l6,L5/6 NP,-0.04363077317523876,0.20133111480865223,600,0.6734178667737678,False
within_region_cross_layer__clr_true__thickness_absolute,l6,L6 CT,-0.5903578029505021,1.0,600,1.0,False
within_region_cross_layer__clr_true__thickness_absolute,l6,L6 IT,-0.3733803727657797,0.800332778702163,600,0.9467351162696319,False
within_region_cross_layer__clr_true__thickness_absolute,l6,L6 IT Car3,-0.464201502120251,0.6006655574043261,600,0.9248342709241212,False
within_region_cross_layer__clr_true__thickness_absolute,l6,L6b,-0.4151702916221645,1.0,600,1.0,False
within_region_cross_layer__clr_true__thickness_absolute,l6,Lamp5,0.25957573944862683,0.6006655574043261,600,0.9248342709241212,False
within_region_cross_layer__clr_true__thickness_absolute,l6,Lamp5_Lhx6,0.7913491121391665,0.0016638935108153079,600,0.013449805879090405,True
within_region_cross_layer__clr_true__thickness_absolute,l6,Micro-PVM,-0.14799031068801577,0.800332778702163,600,0.9467351162696319,False
within_region_cross_layer__clr_true__thickness_absolute,l6,OPC,0.6720224303714487,0.0016638935108153079,600,0.013449805879090405,True
within_region_cross_layer__clr_true__thickness_absolute,l6,Oligo,0.325434889795744,0.800332778702163,600,0.9467351162696319,False
within_region_cross_layer__clr_true__thickness_absolute,l6,Pvalb,0.14746155515648982,0.0016638935108153079,600,0.013449805879090405,True
within_region_cross_layer__clr_true__thickness_absolute,l6,Sst,0.11698931667725615,0.20133111480865223,600,0.6734178667737678,False
within_region_cross_layer__clr_true__thickness_relative,l1,Astro,-0.06120033891735961,0.6006655574043261,600,0.9704034941763727,False
within_region_cross_layer__clr_true__thickness_relative,l1,Endo,0.008517769192730862,0.6006655574043261,600,0.9704034941763727,False
within_region_cross_layer__clr_true__thickness_relative,l1,Lamp5,0.11764806193122755,0.40099833610648916,600,0.9261152048173678,False
within_region_cross_layer__clr_true__thickness_relative,l1,Micro-PVM,-0.03688309693997014,0.6006655574043261,600,0.9704034941763727,False
within_region_cross_layer__clr_true__thickness_relative,l1,OPC,-0.2968967144552545,1.0,600,1.0,False
within_region_cross_layer__clr_true__thickness_relative,l1,Pax6,-0.29650645811271276,1.0,600,1.0,False
within_region_cross_layer__clr_true__thickness_relative,l1,Sncg,0.3878002936383456,0.40099833610648916,600,0.9261152048173678,False
within_region_cross_layer__clr_true__thickness_relative,l1,VLMC,-0.4776011355046647,1.0,600,1.0,False
within_region_cross_layer__clr_true__thickness_relative,l2,Astro,0.10624802293964615,0.40099833610648916,600,0.9261152048173678,False
within_region_cross_layer__clr_true__thickness_relative,l2,Chandelier,-0.3214221428409026,0.800332778702163,600,0.9704034941763727,False
within_region_cross_layer__clr_true__thickness_relative,l2,Endo,-0.11875516867813135,0.800332778702163,600,0.9704034941763727,False
within_region_cross_layer__clr_true__thickness_relative,l2,L2/3 IT,0.026939484027749837,0.20133111480865223,600,0.6509706045479755,False
within_region_cross_layer__clr_true__thickness_relative,l2,Lamp5,0.28509887992362265,0.20133111480865223,600,0.6509706045479755,False
within_region_cross_layer__clr_true__thickness_relative,l2,Lamp5_Lhx6,0.11700884664040663,0.6006655574043261,600,0.9704034941763727,False
within_region_cross_layer__clr_true__thickness_relative,l2,Micro-PVM,-0.02163135924375547,0.6006655574043261,600,0.9704034941763727,False
within_region_cross_layer__clr_true__thickness_relative,l2,OPC,0.1802672180132895,0.40099833610648916,600,0.9261152048173678,False
within_region_cross_layer__clr_true__thickness_relative,l2,Pax6,0.3557188604075597,0.0016638935108153079,600,0.012415205426852682,True
within_region_cross_layer__clr_true__thickness_relative,l2,Pvalb,-0.10088798690510074,0.800332778702163,600,0.9704034941763727,False
within_region_cross_layer__clr_true__thickness_relative,l2,Sncg,0.25419393205463425,0.20133111480865223,600,0.6509706045479755,False
within_region_cross_layer__clr_true__thickness_relative,l2,Sst,-0.09982779268486276,0.800332778702163,600,0.9704034941763727,False
within_region_cross_layer__clr_true__thickness_relative,l2,Vip,-0.1916390291332736,0.6006655574043261,600,0.9704034941763727,False
within_region_cross_layer__clr_true__thickness_relative,l3,Astro,-0.11526568349908257,0.800332778702163,600,0.9704034941763727,False
within_region_cross_layer__clr_true__thickness_relative,l3,Chandelier,-0.11115835850001568,0.800332778702163,600,0.9704034941763727,False
within_region_cross_layer__clr_true__thickness_relative,l3,Endo,-0.030707824565182694,0.40099833610648916,600,0.9261152048173678,False
within_region_cross_layer__clr_true__thickness_relative,l3,L2/3 IT,-0.3017231749886689,0.800332778702163,600,0.9704034941763727,False
within_region_cross_layer__clr_true__thickness_relative,l3,L4 IT,-0.5065369147434855,0.800332778702163,600,0.9704034941763727,False
within_region_cross_layer__clr_true__thickness_relative,l3,L5 ET,0.4477651298357555,0.20133111480865223,600,0.6509706045479755,False
within_region_cross_layer__clr_true__thickness_relative,l3,L5 IT,-0.3897133900410327,1.0,600,1.0,False
within_region_cross_layer__clr_true__thickness_relative,l3,L5/6 NP,0.05799153516929304,0.20133111480865223,600,0.6509706045479755,False
within_region_cross_layer__clr_true__thickness_relative,l3,L6 CT,0.38689196126226355,0.20133111480865223,600,0.6509706045479755,False
within_region_cross_layer__clr_true__thickness_relative,l3,L6 IT,-0.27929721883274206,0.6006655574043261,600,0.9704034941763727,False
within_region_cross_layer__clr_true__thickness_relative,l3,L6 IT Car3,0.3238784922257246,0.0016638935108153079,600,0.012415205426852682,True
within_region_cross_layer__clr_true__thickness_relative,l3,L6b,0.48471665507750206,0.20133111480865223,600,0.6509706045479755,False
within_region_cross_layer__clr_true__thickness_relative,l3,Lamp5,0.4023645274906591,0.0016638935108153079,600,0.012415205426852682,True
within_region_cross_layer__clr_true__thickness_relative,l3,Lamp5_Lhx6,0.20334279776789002,0.0016638935108153079,600,0.012415205426852682,True
within_region_cross_layer__clr_true__thickness_relative,l3,Micro-PVM,-0.1556554689457245,0.800332778702163,600,0.9704034941763727,False
within_region_cross_layer__clr_true__thickness_relative,l3,OPC,-0.18343996026551024,1.0,600,1.0,False
within_region_cross_layer__clr_true__thickness_relative,l3,Oligo,0.01657133733020798,0.20133111480865223,600,0.6509706045479755,False
within_region_cross_layer__clr_true__thickness_relative,l3,Pax6,-0.23159109488878807,0.800332778702163,600,0.9704034941763727,False
within_region_cross_layer__clr_true__thickness_relative,l3,Pvalb,-0.48377866869837705,0.800332778702163,600,0.9704034941763727,False
within_region_cross_layer__clr_true__thickness_relative,l3,Sncg,0.3208868735992355,0.20133111480865223,600,0.6509706045479755,False
within_region_cross_layer__clr_true__thickness_relative,l3,Sst,-0.12980740842633248,0.800332778702163,600,0.9704034941763727,False
within_region_cross_layer__clr_true__thickness_relative,l3,Vip,-0.0790732009949829,0.40099833610648916,600,0.9261152048173678,False
within_region_cross_layer__clr_true__thickness_relative,l4,Astro,-0.33967154599125116,1.0,600,1.0,False
within_region_cross_layer__clr_true__thickness_relative,l4,Chandelier,-0.11059039429973216,0.800332778702163,600,0.9704034941763727,False
within_region_cross_layer__clr_true__thickness_relative,l4,Endo,0.24240975315125804,0.0016638935108153079,600,0.012415205426852682,True
within_region_cross_layer__clr_true__thickness_relative,l4,L2/3 IT,-0.35880055209018985,1.0,600,1.0,False
within_region_cross_layer__clr_true__thickness_relative,l4,L4 IT,-0.6031054182366784,1.0,600,1.0,False
within_region_cross_layer__clr_true__thickness_relative,l4,L5 ET,-0.26726211415651574,0.800332778702163,600,0.9704034941763727,False
within_region_cross_layer__clr_true__thickness_relative,l4,L5 IT,-0.6975304787183219,1.0,600,1.0,False
within_region_cross_layer__clr_true__thickness_relative,l4,L5/6 NP,0.2273839488222477,0.0016638935108153079,600,0.012415205426852682,True
within_region_cross_layer__clr_true__thickness_relative,l4,Lamp5,0.43575564465178507,0.0016638935108153079,600,0.012415205426852682,True
within_region_cross_layer__clr_true__thickness_relative,l4,Lamp5_Lhx6,0.18194840669111914,0.20133111480865223,600,0.6509706045479755,False
within_region_cross_layer__clr_true__thickness_relative,l4,Micro-PVM,-0.04145980499405287,0.800332778702163,600,0.9704034941763727,False
within_region_cross_layer__clr_true__thickness_relative,l4,OPC,0.05801519539298917,0.40099833610648916,600,0.9261152048173678,False
within_region_cross_layer__clr_true__thickness_relative,l4,Oligo,0.04834202400670814,0.6006655574043261,600,0.9704034941763727,False
within_region_cross_layer__clr_true__thickness_relative,l4,Pax6,0.7161057059764824,0.0016638935108153079,600,0.012415205426852682,True
within_region_cross_layer__clr_true__thickness_relative,l4,Pvalb,-0.6102586910635875,1.0,600,1.0,False
within_region_cross_layer__clr_true__thickness_relative,l4,Sncg,0.1480557149060168,0.20133111480865223,600,0.6509706045479755,False
within_region_cross_layer__clr_true__thickness_relative,l4,Sst,-0.6070127816696124,1.0,600,1.0,False
within_region_cross_layer__clr_true__thickness_relative,l4,Vip,-0.33474023949353754,1.0,600,1.0,False
within_region_cross_layer__clr_true__thickness_relative,l5,Astro,-0.47343389060153385,0.800332778702163,600,0.9704034941763727,False
within_region_cross_layer__clr_true__thickness_relative,l5,Chandelier,0.5539270334434743,0.20133111480865223,600,0.6509706045479755,False
within_region_cross_layer__clr_true__thickness_relative,l5,Endo,-0.10802871742647144,0.800332778702163,600,0.9704034941763727,False
within_region_cross_layer__clr_true__thickness_relative,l5,L4 IT,0.5194480237744903,0.20133111480865223,600,0.6509706045479755,False
within_region_cross_layer__clr_true__thickness_relative,l5,L5 ET,0.6525276858229697,0.20133111480865223,600,0.6509706045479755,False
within_region_cross_layer__clr_true__thickness_relative,l5,L5 IT,-0.3168507529017145,0.800332778702163,600,0.9704034941763727,False
within_region_cross_layer__clr_true__thickness_relative,l5,L5/6 NP,-0.12999707614815498,0.6006655574043261,600,0.9704034941763727,False
within_region_cross_layer__clr_true__thickness_relative,l5,L6 CT,0.11114558926670513,0.40099833610648916,600,0.9261152048173678,False
within_region_cross_layer__clr_true__thickness_relative,l5,L6 IT,-0.24935223441180437,0.6006655574043261,600,0.9704034941763727,False
within_region_cross_layer__clr_true__thickness_relative,l5,L6 IT Car3,-0.3496901940502143,0.800332778702163,600,0.9704034941763727,False
within_region_cross_layer__clr_true__thickness_relative,l5,L6b,-0.30978184118480867,0.800332778702163,600,0.9704034941763727,False
within_region_cross_layer__clr_true__thickness_relative,l5,Lamp5,-0.20410775788748983,0.800332778702163,600,0.9704034941763727,False
within_region_cross_layer__clr_true__thickness_relative,l5,Lamp5_Lhx6,-0.13366769994230623,0.40099833610648916,600,0.9261152048173678,False
within_region_cross_layer__clr_true__thickness_relative,l5,Micro-PVM,-0.18085156006163672,0.6006655574043261,600,0.9704034941763727,False
within_region_cross_layer__clr_true__thickness_relative,l5,OPC,0.030435324284762803,0.6006655574043261,600,0.9704034941763727,False
within_region_cross_layer__clr_true__thickness_relative,l5,Oligo,-0.31989180630712316,0.6006655574043261,600,0.9704034941763727,False
within_region_cross_layer__clr_true__thickness_relative,l5,Pvalb,0.28619076845696934,0.40099833610648916,600,0.9261152048173678,False
within_region_cross_layer__clr_true__thickness_relative,l5,Sst,0.28928825656440443,0.40099833610648916,600,0.9261152048173678,False
within_region_cross_layer__clr_true__thickness_relative,l5,Vip,0.3388357569423147,0.40099833610648916,600,0.9261152048173678,False
within_region_cross_layer__clr_true__thickness_relative,l6,Astro,-0.26515027888339815,0.800332778702163,600,0.9704034941763727,False
within_region_cross_layer__clr_true__thickness_relative,l6,Chandelier,0.8316568529939241,0.0016638935108153079,600,0.012415205426852682,True
within_region_cross_layer__clr_true__thickness_relative,l6,Endo,0.13499845410804812,0.20133111480865223,600,0.6509706045479755,False
within_region_cross_layer__clr_true__thickness_relative,l6,L5 ET,-0.7913021709680177,1.0,600,1.0,False
within_region_cross_layer__clr_true__thickness_relative,l6,L5 IT,-0.4042905771081884,1.0,600,1.0,False
within_region_cross_layer__clr_true__thickness_relative,l6,L5/6 NP,0.3045371889693853,0.20133111480865223,600,0.6509706045479755,False
within_region_cross_layer__clr_true__thickness_relative,l6,L6 CT,-0.7425914048779252,1.0,600,1.0,False
within_region_cross_layer__clr_true__thickness_relative,l6,L6 IT,-0.6252111844257341,1.0,600,1.0,False
within_region_cross_layer__clr_true__thickness_relative,l6,L6 IT Car3,-0.23836696705205368,0.6006655574043261,600,0.9704034941763727,False
within_region_cross_layer__clr_true__thickness_relative,l6,L6b,-0.4752529413612892,1.0,600,1.0,False
within_region_cross_layer__clr_true__thickness_relative,l6,Lamp5,0.12397180411275668,0.6006655574043261,600,0.9704034941763727,False
within_region_cross_layer__clr_true__thickness_relative,l6,Lamp5_Lhx6,0.7972170380735779,0.0016638935108153079,600,0.012415205426852682,True
within_region_cross_layer__clr_true__thickness_relative,l6,Micro-PVM,-0.2987822069516915,0.800332778702163,600,0.9704034941763727,False
within_region_cross_layer__clr_true__thickness_relative,l6,OPC,0.6974169531320017,0.0016638935108153079,600,0.012415205426852682,True
within_region_cross_layer__clr_true__thickness_relative,l6,Oligo,0.25291173955361346,0.20133111480865223,600,0.6509706045479755,False
within_region_cross_layer__clr_true__thickness_relative,l6,Pvalb,0.34871919923097877,0.0016638935108153079,600,0.012415205426852682,True
within_region_cross_layer__clr_true__thickness_relative,l6,Sst,0.4124088424990175,0.0016638935108153079,600,0.012415205426852682,True
